Artist,Title,Album,Year,Filename,Analysis
(G)HP Sauce,Beastie Ketchup,GHP Complete - CD02 The Bootlegs,2002,2-04 Beastie Ketchup.mp3,❓ Poor matches - potentially rare
(Various Artists),X-Mix 9 - 071406,Party Ben,2006,X-Mix 9 - 071406.mp3,❌ Not found - likely rare
(Various Artists),XFM Rinse Mix - 063006,Party Ben,2006,XFM Rinse Mix - 063006.mp3,❌ Not found - likely rare
(Various Artists),Party Ben Live at Bootie Oct 14 2006,Party Ben,2006,Party Ben Live at Bootie Oct 14 2006.mp3,❓ Poor matches - potentially rare
01,Ulnbiduln & Stephan - To another abyss ( bad-religion.net ),,,01 - Ulnbiduln & Stephan - To another abyss ( bad-religion.net ).mp3,❌ Not found - likely rare
01_[96.10.03],Baal T'shuvah (live),,,01_[96.10.03] - Baal T'shuvah (live).mp3,❌ Not found - likely rare
02,Stephan+jonny_strachan ( to bad-religion.net ),,,02 - Stephan+jonny_strachan ( to bad-religion.net ).mp3,❌ Not found - likely rare
02_[96.10.03],Gospel » Tomorrow Never Knows,,,02_[96.10.03] - Gospel » Tomorrow Never Knows.mp3,❌ Not found - likely rare
03_[97.07.06],Rootwitch,,,03_[97.07.06] - Rootwitch.mp3,❌ Not found - likely rare
04,Sam Lowry's Wetter Dream - 'The Monoliths Erupt',,,04 - Sam Lowry's Wetter Dream - 'The Monoliths Erupt'.mp3,❓ Poor matches - potentially rare
04_[5-5-86NY],FunkyAvocado,,,04_[5-5-86NY] - FunkyAvocado.mp3,❓ Poor matches - potentially rare
05_[96.10.06],Ritual Dance,,,05_[96.10.06] - Ritual Dance.mp3,❌ Not found - likely rare
06,The Restaurant - You've Got To Say the Number,,,06 - The Restaurant - You've Got To Say the Number.mp3,❓ Poor matches - potentially rare
06_[96.10.25],Fusion of the Five Elements,,,06_[96.10.25] - Fusion of the Five Elements.mp3,❌ Not found - likely rare
07,Money Comes From Heaven,,,07 - Money Comes From Heaven.mp3,❓ Poor matches - potentially rare
07_[97.09.21],Arrowhead,,,07_[97.09.21] - Arrowhead.mp3,❌ Not found - likely rare
08_[5-5-86NY],BreakfastInTheField,,,08_[5-5-86NY] - BreakfastInTheField.mp3,❓ Poor matches - potentially rare
09,Jill Brazil - Power Station,,,09 - Jill Brazil - Power Station.mp3,❓ Poor matches - potentially rare
09 Tigercide,Tigercide - Skull Rattle (Elixir Mix),Breast Fest Sampler,,09 Tigercide - Skull Rattle (Elixir Mix).mp3,❌ Not found - likely rare
09_[5-5-86NY],Two Days Old,,,09_[5-5-86NY] - Two Days Old.mp3,❓ Poor matches - potentially rare
11,Ducting Dream,,,11 - Ducting Dream.mp3,❓ Poor matches - potentially rare
11. FROG THE DAWG,skinned,MONSTER MASHUP - PHANTOM OF THE MASHUPERA,,11. FROG THE DAWG - skinned.mp3,❓ Poor matches - potentially rare
11_[96.10.03],Silent_Anticipations,,,11_[96.10.03] - Silent_Anticipations.mp3,❌ Not found - likely rare
12-28 A Slim McShady,A Slim McShady - Chris Moyles (Radio1 2002),GHP Complete - CD12 Rarities & Unreleased,2002,12-28 A Slim McShady - Chris Moyles (Radio1 2002).mp3,❌ Not found - likely rare
12-29 Genies Revenge,Genies Revenge - Eddy Temple-Morris & James Hyman (XFM 2002),GHP Complete - CD12 Rarities & Unreleased,2002,12-29 Genies Revenge - Eddy Temple-Morris & James Hyman (XFM 2002).mp3,❌ Not found - likely rare
12-30 The Weather Episode,The Weather Episode - Zane Lowe (XFM 2002),GHP Complete - CD12 Rarities & Unreleased,2003,12-30 The Weather Episode - Zane Lowe (XFM 2002).mp3,❌ Not found - likely rare
12_[97.09.21],Aerial_Boundaries,,,12_[97.09.21] - Aerial_Boundaries.mp3,❌ Not found - likely rare
13,Days & Nights in Kyoto - The Party (Part 2),,,13 - Days & Nights in Kyoto - The Party (Part 2).mp3,❓ Poor matches - potentially rare
13 stephen wright,Apt.,,,13 stephen wright - Apt..mp3,❓ Poor matches - potentially rare
13_[5-5-86NY],Because It'sThere,,,13_[5-5-86NY] - Because It'sThere.mp3,❓ Poor matches - potentially rare
14. Mafia Rusa,Preludia al Caos,,,14. Mafia Rusa - Preludia al Caos.wav,❓ Poor matches - potentially rare
14_[95.09.30],Torched,,,14_[95.09.30] - Torched.mp3,❌ Not found - likely rare
15. The Tragedy,Desert Moon,,,15. The Tragedy - Desert Moon.wav,❓ Poor matches - potentially rare
16,You Got Your Baby Back,,,16 - You Got Your Baby Back.mp3,❓ Poor matches - potentially rare
17,Harry Tuttle - A Man Consumed by Paperwork,,,17 - Harry Tuttle - A Man Consumed by Paperwork.mp3,❓ Poor matches - potentially rare
18,Mother's Funeral - Forces of Darkness,,,18 - Mother's Funeral - Forces of Darkness.mp3,❓ Poor matches - potentially rare
18 Love Is a Song,Love Is a Song - The Disney Gallery,A Musical History of Disneyland - 50th Anniversary [Disc 1],2005,18 Love Is a Song - The Disney Gallery.mp3,❓ Poor matches - potentially rare
19. Dskarados,8 to 51,,,19. Dskarados -  8 to 51.wav,❓ Poor matches - potentially rare
21. Spare Change,Barrio,,,21. Spare Change - Barrio.wav,❓ Poor matches - potentially rare
22. Matamoska,East Los Angeles _ Remix,,,22. Matamoska -  East Los Angeles _ Remix.wav,❓ Poor matches - potentially rare
22. Matamoska,East Los Angeles “ Remix,,,22. Matamoska -  East Los Angeles “ Remix .wav,❓ Poor matches - potentially rare
23. Operation No-One Knows,SimpsonNorm_01-01,,,23. Operation No-One Knows - SimpsonNorm_01-01.wav,❌ Not found - likely rare
29. Hub City Trash,Modern Song One,,,29. Hub City Trash - Modern Song One.wav,❓ Poor matches - potentially rare
3. Tim Timebomb & Friends,30 Pieces Of Silver (Prince Buste-Norm_01-01,,,3. Tim Timebomb & Friends - 30 Pieces Of Silver (Prince Buste-Norm_01-01.wav,❌ Not found - likely rare
31. The Ghetto on Phyre,Tome Con El Diablo,,,31. The Ghetto on Phyre - Tome Con El Diablo .wav,❓ Poor matches - potentially rare
31. The Ghetto on Phyre,Tome Con El Diablo,,,31. The Ghetto on Phyre - Tome Con El Diablo.wav,❓ Poor matches - potentially rare
4. FROGTHEDAWG,snap_vs_rob_zombie - remastered,MONSTER MASHUP - PHANTOM OF THE MASHUPERA,,4. FROGTHEDAWG - snap_vs_rob_zombie - remastered.mp3,❌ Not found - likely rare
A plus D,$20 Monday (M.I.A. vs. New Order),AplusD.net,2007,42 $20 Monday (M.I.A. vs. New Order).mp3,❓ Poor matches - potentially rare
A plus D,Oh Yeah Yeah! (Usher vs. Yello),RebelDJs.com,2006,Oh Yeah Yeah! (Usher vs. Yello).mp3,❓ Poor matches - potentially rare
A plus D,I'm Really Hot Hot Hot!!! (Missy Elliott vs. The Cure),www.rebeldjs.com,2004,01 I'm Really Hot Hot Hot!!! (Missy Elliott vs. The Cure).mp3,❓ Poor matches - potentially rare
ABX / The Hood Internet,Bonde Do Roll Out (Ludacris vs. Bonde Do Role),Best of Bootie 2008,2008,13 Bonde Do Roll Out (Ludacris vs. Bonde Do Role).mp3,❓ Poor matches - potentially rare
AGGRO1,Roxanne Clubbed to Death,,,Roxanne Clubbed to Death.mp3,❓ Poor matches - potentially rare
AGGRO1,Strange Love Cocaine,,,Strange Love Cocaine.mp3,❌ Not found - likely rare
Aggro1,sexyback is out of controll,,,sexyback is out of controll.mp3,❓ Poor matches - potentially rare
Aggro1,The Streets of Hotel California,,,The Streets of Hotel California.mp3,❌ Not found - likely rare
Aggro1,Strange Love Cocaine,www.aggro1.com,,Strange Love Cocaine.mp3,❌ Not found - likely rare
Alan Black,Who's Afraid?,MONSTER MASHUP - PHANTOM OF THE MASHUPERA,2010,1-05 Who's Afraid_.mp3,❓ Poor matches - potentially rare
American Girlfriend,Got To Know Ya,Isn't She Still...Pretty In Pink,2000,03 Got To Know Ya.mp3,❓ Poor matches - potentially rare
Amy Fox,Be My Number Two / Shanghai Sky,Different For Girls: Women Artists And Female-Fronted Bands Cover Joe Jackson,2004,11 Be My Number Two _ Shanghai Sky.mp3,❓ Poor matches - potentially rare
Anders Sodergren,Nostalgia Demo 2,Nostalgia by Zero-G,0000,Nostalgia Demo 2.mp3,❌ Not found - likely rare
Apollo Zero,Don't Scream Halloween's Paid In Full,Bride Of Monster Mashup,2006,15 Don't Scream Halloween's Paid In Full.mp3,❓ Poor matches - potentially rare
Arty Fufkin,Give Losers a Chance,Arty Fufkin presents Beck vs John Lennon w Steve Buscemi,,Give Losers a Chance.mp3,❓ Poor matches - potentially rare
Assfort,Takin' A Ride/5/Sing,31 Bands Trash 31 Songs To Find The Way To Sesame Street,,27 Takin' A Ride_5_Sing.mp3,❓ Poor matches - potentially rare
Attaboy Skip,Stank OYHL,,,Stank OYHL.mp3,❌ Not found - likely rare
AudioDile,More Werewolves of Alabama (Boston Vs. Lynyrd Skynyrd Vs. Warren Zevon),Single,,More Werewolves of Alabama (Boston Vs. Lynyrd Skynyrd Vs. Warren Zevon).mp3,❓ Poor matches - potentially rare
Audiodile,Audiodile - Manic Pressure (drowning Slowly),,,Audiodile - Manic Pressure (drowning Slowly).mp3,❌ Not found - likely rare
BOCA 2K,I Wanna Be Like You,BOCA 2K,2000,07 I Wanna Be Like You.mp3,❓ Poor matches - potentially rare
BP Studio Musicians,Moonage Daydream (Instrumental Track),"Karaoke: In the Style of David Bowie, Vol. 3 (Karaoke Version)",2008,10 Moonage Daydream (Instrumental Track).m4a,❌ Not found - likely rare
BP Studio Musicians,Moonage Daydream (Instrumental Track),"Karaoke: In the Style of David Bowie, Vol. 3 (Karaoke Version)",2008,10 Moonage Daydream (Instrumental Track) 1.m4a,❌ Not found - likely rare
Beatallica,Everybody's Got a Ticket to Ride Except For Me And My Lightning (live on WLUP),,,Everybody's Got a Ticket to Ride Except For Me And My Lightning (live on WLUP).mp3,❌ Not found - likely rare
Beatallica,I Want to Choke Your Band / We Can Hit The Lightz (live at WLUP),,,I Want to Choke Your Band _ We Can Hit The Lightz (live at WLUP).mp3,❌ Not found - likely rare
Beatallica,For Horsemen (live on WLUP),,,For Horsemen (live on WLUP).mp3,❌ Not found - likely rare
Bella Love vs. Soulwax,Funky Touch,DJ Clive$ter Mashups Vol. 10,2008,Funky Touch.mp3,❓ Poor matches - potentially rare
Ben Folds Five,Free Bird Jam & Bad Idea (Retarded) (Ja,,,Free Bird Jam & Bad Idea (Retarded) (Ja.mp3,❓ Poor matches - potentially rare
Ben Folds Five,Elvin Bishop,7th House - 26 Jan 96,,Elvin Bishop.mp3,❓ Poor matches - potentially rare
Billboard Top 100 Hits Of 1956,061 - Gale Storm - Ivory Tower,,,Billboard Top 100 Hits Of 1956 - 061 - Gale Storm - Ivory Tower.mp3,❓ Poor matches - potentially rare
Billboard Top 100 Hits Of 1956,064 - Otis Williams & His Charms - Ivory Tower,,,Billboard Top 100 Hits Of 1956 - 064 - Otis Williams & His Charms - Ivory Tower.mp3,❓ Poor matches - potentially rare
Billboard Top 100 Hits Of 1956,075 - The Diamonds - Why Do Fools Fall In Love,,,Billboard Top 100 Hits Of 1956 - 075 - The Diamonds - Why Do Fools Fall In Love.mp3,❓ Poor matches - potentially rare
Billboard Top 100 Hits Of 1956,066 - Mitch Miller & His Orchestra - Theme From Song For A Summer Night,,,Billboard Top 100 Hits Of 1956 - 066 - Mitch Miller & His Orchestra - Theme From Song For A Summer Night.mp3,❌ Not found - likely rare
Billboard Top 100 Hits Of 1956,100 - The Blue Stars - Lullaby Of Birdland,,,Billboard Top 100 Hits Of 1956 - 100 - The Blue Stars - Lullaby Of Birdland.mp3,❓ Poor matches - potentially rare
Billboard Top 100 Hits Of 1956,057 - George Hamilton IV - A Rose And A Baby Ruth,,,Billboard Top 100 Hits Of 1956 - 057 - George Hamilton IV - A Rose And A Baby Ruth.mp3,❓ Poor matches - potentially rare
Billboard Top 100 Hits Of 1956,086 - Jane Powell - True Love,,,Billboard Top 100 Hits Of 1956 - 086 - Jane Powell - True Love.mp3,❓ Poor matches - potentially rare
Billboard Top 100 Hits Of 1956,081 - Johnny Cash - I Walk The Line,,,Billboard Top 100 Hits Of 1956 - 081 - Johnny Cash - I Walk The Line.mp3,❓ Poor matches - potentially rare
Billboard Top 100 Hits Of 1956,099 - Teresa Brewer - Bo Weevil,,,Billboard Top 100 Hits Of 1956 - 099 - Teresa Brewer - Bo Weevil.mp3,❌ Not found - likely rare
Billboard Top 100 Hits Of 1956,082 - Tony Bennett - Can You Find It In Your Heart,,,Billboard Top 100 Hits Of 1956 - 082 - Tony Bennett - Can You Find It In Your Heart.mp3,❓ Poor matches - potentially rare
Billboard Top 100 Hits Of 1956,053 - Frank Sinatra - Hey! Jealous Lover,,,Billboard Top 100 Hits Of 1956 - 053 - Frank Sinatra - Hey! Jealous Lover.mp3,❓ Poor matches - potentially rare
Billboard Top 100 Hits Of 1956,098 - Richard Maltby - Themes From 'The Man With The Golden Arm',,,Billboard Top 100 Hits Of 1956 - 098 - Richard Maltby - Themes From 'The Man With The Golden Arm'.mp3,❌ Not found - likely rare
Billboard Top 100 Hits Of 1956,084 - The Fontane Sisters - Eddie My Love,,,Billboard Top 100 Hits Of 1956 - 084 - The Fontane Sisters - Eddie My Love.mp3,❓ Poor matches - potentially rare
Billboard Top 100 Hits Of 1956,044 - Bing Crosby & Grace Kelly - True Love,,,Billboard Top 100 Hits Of 1956 - 044 - Bing Crosby & Grace Kelly - True Love.mp3,❓ Poor matches - potentially rare
Billboard Top 100 Hits Of 1956,007 - Les Baxter - Poor People Of Paris,,,Billboard Top 100 Hits Of 1956 - 007 - Les Baxter - Poor People Of Paris.mp3,❓ Poor matches - potentially rare
Billboard Top 100 Hits Of 1956,087 - Richard Hayman & Jan August - Theme From 'The Three Penny Opera',,,Billboard Top 100 Hits Of 1956 - 087 - Richard Hayman & Jan August - Theme From 'The Three Penny Opera'.mp3,❌ Not found - likely rare
Billboard Top 100 Hits Of 1956,020 - Four Lads - No Not Much,,,Billboard Top 100 Hits Of 1956 - 020 - Four Lads - No Not Much.mp3,❓ Poor matches - potentially rare
Billboard Top 100 Hits Of 1956,094 - Eileen Rodgers - Miracle Of Love,,,Billboard Top 100 Hits Of 1956 - 094 - Eileen Rodgers - Miracle Of Love.mp3,❓ Poor matches - potentially rare
Billboard Top 100 Hits Of 1956,079 - The Platters - You'll Never Never Know,,,Billboard Top 100 Hits Of 1956 - 079 - The Platters - You'll Never Never Know.mp3,❓ Poor matches - potentially rare
Billboard Top 100 Hits Of 1956,012 - Platters - The Great Pretender,,,Billboard Top 100 Hits Of 1956 - 012 - Platters - The Great Pretender.mp3,❓ Poor matches - potentially rare
Billboard Top 100 Hits Of 1956,088 - Nat King Cole - Night Lights,,,Billboard Top 100 Hits Of 1956 - 088 - Nat King Cole - Night Lights.mp3,❓ Poor matches - potentially rare
Billboard Top 100 Hits Of 1956,037 - Chordettes - Born To Be With You,,,Billboard Top 100 Hits Of 1956 - 037 - Chordettes - Born To Be With You.mp3,❓ Poor matches - potentially rare
Billboard Top 100 Hits Of 1956,089 - The Cadillacs - Speedo,,,Billboard Top 100 Hits Of 1956 - 089 - The Cadillacs - Speedo.mp3,❌ Not found - likely rare
Billboard Top 100 Hits Of 1956,092 - Fats Domino - My Blue Heaven,,,Billboard Top 100 Hits Of 1956 - 092 - Fats Domino - My Blue Heaven.mp3,❓ Poor matches - potentially rare
Billboard Top 100 Hits Of 1956,080 - Perry Como - Glendora,,,Billboard Top 100 Hits Of 1956 - 080 - Perry Como - Glendora.mp3,❓ Poor matches - potentially rare
Billboard Top 100 Hits Of 1956,085 - Don Rondo - Two Different Worlds,,,Billboard Top 100 Hits Of 1956 - 085 - Don Rondo - Two Different Worlds.mp3,❌ Not found - likely rare
Billboard Top 100 Hits Of 1956,096 - Lawrence Welk & The Lennon Sisters - Tonight You Belong To Me,,,Billboard Top 100 Hits Of 1956 - 096 - Lawrence Welk & The Lennon Sisters - Tonight You Belong To Me.mp3,❌ Not found - likely rare
Billboard Top 100 Hits Of 1956,"058 - Eddie Fisher - Cindy, Oh Cindy",,,"Billboard Top 100 Hits Of 1956 - 058 - Eddie Fisher - Cindy, Oh Cindy.mp3",❓ Poor matches - potentially rare
Billboard Top 100 Hits Of 1956,052 - Pat Boone - Friendly Persuasion,,,Billboard Top 100 Hits Of 1956 - 052 - Pat Boone - Friendly Persuasion.mp3,❓ Poor matches - potentially rare
Billboard Top 100 Hits Of 1956,016 - Perry Como - Hot Diggity,,,Billboard Top 100 Hits Of 1956 - 016 - Perry Como - Hot Diggity.mp3,❓ Poor matches - potentially rare
Billboard Top 100 Hits Of 1956,065 - The Crew Cuts - Angels In The Sky,,,Billboard Top 100 Hits Of 1956 - 065 - The Crew Cuts - Angels In The Sky.mp3,❓ Poor matches - potentially rare
Billboard Top 100 Hits Of 1956,038 - Don Cherry - Band Of Gold,,,Billboard Top 100 Hits Of 1956 - 038 - Don Cherry - Band Of Gold.mp3,❓ Poor matches - potentially rare
Billboard Top 100 Hits Of 1956,076 - Perry Como - Juke Box Baby,,,Billboard Top 100 Hits Of 1956 - 076 - Perry Como - Juke Box Baby.mp3,❓ Poor matches - potentially rare
Billboard Top 100 Hits Of 1956,051 - Dream Weavers - Its Almost Tomorrow,,,Billboard Top 100 Hits Of 1956 - 051 - Dream Weavers - Its Almost Tomorrow.mp3,❓ Poor matches - potentially rare
Billboard Top 100 Hits Of 1956,047 - Nervous Norvus - Transfusion,,,Billboard Top 100 Hits Of 1956 - 047 - Nervous Norvus - Transfusion.mp3,❓ Poor matches - potentially rare
Billboard Top 100 Hits Of 1956,011 - Morris Stoloff - Moonglow And Theme From Picnic,,,Billboard Top 100 Hits Of 1956 - 011 - Morris Stoloff - Moonglow And Theme From Picnic.mp3,❓ Poor matches - potentially rare
Billboard Top 100 Hits Of 1956,060 - Dick Hyman Trio - Moritat - Three Penny Opera,,,Billboard Top 100 Hits Of 1956 - 060 - Dick Hyman Trio - Moritat - Three Penny Opera.mp3,❌ Not found - likely rare
Billboard Top 100 Hits Of 1956,071 - Patti Page - Mama From The Train,,,Billboard Top 100 Hits Of 1956 - 071 - Patti Page - Mama From The Train.mp3,❓ Poor matches - potentially rare
Billboard Top 100 Hits Of 1956,069 - The McGuire Sisters - Picnic,,,Billboard Top 100 Hits Of 1956 - 069 - The McGuire Sisters - Picnic.mp3,❓ Poor matches - potentially rare
Billboard Top 100 Hits Of 1956,095 - Frankie Lyman & The Teenagers - I Want You To Be My Girl,,,Billboard Top 100 Hits Of 1956 - 095 - Frankie Lyman & The Teenagers - I Want You To Be My Girl.mp3,❓ Poor matches - potentially rare
Billboard Top 100 Hits Of 1956,073 - Kit Carson - Band Of Gold,,,Billboard Top 100 Hits Of 1956 - 073 - Kit Carson - Band Of Gold.mp3,❓ Poor matches - potentially rare
Billboard Top 100 Hits Of 1956,091 - Peggy Lee - Mr. Wonderful,,,Billboard Top 100 Hits Of 1956 - 091 - Peggy Lee - Mr. Wonderful.mp3,❓ Poor matches - potentially rare
Billboard Top 100 Hits Of 1956,097 - The Chordettes - Lay Down Your Arms,,,Billboard Top 100 Hits Of 1956 - 097 - The Chordettes - Lay Down Your Arms.mp3,❓ Poor matches - potentially rare
Billboard Top 100 Hits Of 1956,027 - Gene Vincent - Be Bop A Lula,,,Billboard Top 100 Hits Of 1956 - 027 - Gene Vincent - Be Bop A Lula.mp3,❓ Poor matches - potentially rare
Billboard Top 100 Hits Of 1956,034 - Pat Boone - I'll Be Home,,,Billboard Top 100 Hits Of 1956 - 034 - Pat Boone - I'll Be Home.mp3,❓ Poor matches - potentially rare
Billboard Top 100 Hits Of 1956,077 - Rusty Draper - Are You Satisfied,,,Billboard Top 100 Hits Of 1956 - 077 - Rusty Draper - Are You Satisfied.mp3,❓ Poor matches - potentially rare
Billboard Top 100 Hits Of 1956,039 - Perry Como - More,,,Billboard Top 100 Hits Of 1956 - 039 - Perry Como - More.mp3,❓ Poor matches - potentially rare
Billboard Top 100 Hits Of 1956,054 - Eddie Heywood - Soft Summer Breeze,,,Billboard Top 100 Hits Of 1956 - 054 - Eddie Heywood - Soft Summer Breeze.mp3,❓ Poor matches - potentially rare
Billboard Top 100 Hits Of 1956,072 - Nat King Cole - That's All There Is To That,,,Billboard Top 100 Hits Of 1956 - 072 - Nat King Cole - That's All There Is To That.mp3,❓ Poor matches - potentially rare
Billboard Top 100 Hits Of 1956,083 - Pat Boone - Tutti Frutti,,,Billboard Top 100 Hits Of 1956 - 083 - Pat Boone - Tutti Frutti.mp3,❓ Poor matches - potentially rare
Billboard Top 100 Hits Of 1956,022 - Tennessee Ernie Ford - Sixteen Tons,,,Billboard Top 100 Hits Of 1956 - 022 - Tennessee Ernie Ford - Sixteen Tons.mp3,❓ Poor matches - potentially rare
Billboard Top 100 Hits Of 1956,093 - Clyde Mcphatter - Treasure Of Love,,,Billboard Top 100 Hits Of 1956 - 093 - Clyde Mcphatter - Treasure Of Love.mp3,❓ Poor matches - potentially rare
Billboard Top 100 Hits Of 1956,062 - Joe Valino - Garden Of Eden,,,Billboard Top 100 Hits Of 1956 - 062 - Joe Valino - Garden Of Eden.mp3,❓ Poor matches - potentially rare
Billboard Top 100 Hits Of 1956,059 - Jerry Vale - You Don't Know Me,,,Billboard Top 100 Hits Of 1956 - 059 - Jerry Vale - You Don't Know Me.mp3,❓ Poor matches - potentially rare
Billboard Top 100 Hits Of 1956,024 - Patti Page - Allegheny Moon,,,Billboard Top 100 Hits Of 1956 - 024 - Patti Page - Allegheny Moon.mp3,❓ Poor matches - potentially rare
Billboard Top 100 Hits Of 1956,056 - Eddie Fisher - Dungaree Doll,,,Billboard Top 100 Hits Of 1956 - 056 - Eddie Fisher - Dungaree Doll.mp3,❓ Poor matches - potentially rare
Billboard Top 100 Hits Of 1956,042 - Stanford Clark - The Fool,,,Billboard Top 100 Hits Of 1956 - 042 - Stanford Clark - The Fool.mp3,❓ Poor matches - potentially rare
Billboard Top 100 Hits Of 1956,"063 - Vince Martin & Tarriers - Cindy, Oh Cindy",,,"Billboard Top 100 Hits Of 1956 - 063 - Vince Martin & Tarriers - Cindy, Oh Cindy.mp3",❓ Poor matches - potentially rare
Billboard Top 100 Hits Of 1956,050 - Lonnie Donegan - Rock Island Line,,,Billboard Top 100 Hits Of 1956 - 050 - Lonnie Donegan - Rock Island Line.mp3,❓ Poor matches - potentially rare
Billboard Top 100 Hits Of 1956,021 - Bill Doggett - Honky Tonk,,,Billboard Top 100 Hits Of 1956 - 021 - Bill Doggett - Honky Tonk.mp3,❓ Poor matches - potentially rare
Billboard Top 100 Hits Of 1956,003 - Nelson Riddle & His Orchestra - Lisbon Antigua,,,Billboard Top 100 Hits Of 1956 - 003 - Nelson Riddle & His Orchestra - Lisbon Antigua.mp3,❓ Poor matches - potentially rare
Billboard Top 100 Hits Of 1956,090 - The Diamonds - Church Bells May Ring,,,Billboard Top 100 Hits Of 1956 - 090 - The Diamonds - Church Bells May Ring.mp3,❓ Poor matches - potentially rare
Billboard Top 100 Hits Of 1956,055 - Andy Williams - Canadian Sunset,,,Billboard Top 100 Hits Of 1956 - 055 - Andy Williams - Canadian Sunset.mp3,❓ Poor matches - potentially rare
Billboard Top 100 Hits Of 1956,028 - Frankie Lymon & The Teenagers - Why Do Fools Fall In Love,,,Billboard Top 100 Hits Of 1956 - 028 - Frankie Lymon & The Teenagers - Why Do Fools Fall In Love.mp3,❓ Poor matches - potentially rare
Billboard Top 100 Hits Of 1956,070 - Al Hibbler - After The Lights Go Down Low,,,Billboard Top 100 Hits Of 1956 - 070 - Al Hibbler - After The Lights Go Down Low.mp3,❓ Poor matches - potentially rare
Billboard Top 100 Hits Of 1957,057 - Harry Belafonte - Jamaica Farewell,,,Billboard Top 100 Hits Of 1957 - 057 - Harry Belafonte - Jamaica Farewell.mp3,❓ Poor matches - potentially rare
Billboard Top 100 Hits Of 1957,"080 - Little Richard - Jenny, Jenny",,,"Billboard Top 100 Hits Of 1957 - 080 - Little Richard - Jenny, Jenny.mp3",❓ Poor matches - potentially rare
Billboard Top 100 Hits Of 1957,075 - Victor Young & His Orchestra - Around The World In 80 Days,,,Billboard Top 100 Hits Of 1957 - 075 - Victor Young & His Orchestra - Around The World In 80 Days.mp3,❌ Not found - likely rare
Billboard Top 100 Hits Of 1957,062 - Ivory Joe Hunter - Since I Met You Baby,,,Billboard Top 100 Hits Of 1957 - 062 - Ivory Joe Hunter - Since I Met You Baby.mp3,❓ Poor matches - potentially rare
Billboard Top 100 Hits Of 1957,082 - Little Richard - Keep A Knockin',,,Billboard Top 100 Hits Of 1957 - 082 - Little Richard - Keep A Knockin'.mp3,❓ Poor matches - potentially rare
Billboard Top 100 Hits Of 1957,096 - The Four Coins - Shangri-La,,,Billboard Top 100 Hits Of 1957 - 096 - The Four Coins - Shangri-La.mp3,❌ Not found - likely rare
Billboard Top 100 Hits Of 1957,026 - The Tarriers - The Banana Boat Song,,,Billboard Top 100 Hits Of 1957 - 026 - The Tarriers - The Banana Boat Song.mp3,❓ Poor matches - potentially rare
Billboard Top 100 Hits Of 1957,072 - Thurston Harris - Little Bitty Pretty One,,,Billboard Top 100 Hits Of 1957 - 072 - Thurston Harris - Little Bitty Pretty One.mp3,❓ Poor matches - potentially rare
Billboard Top 100 Hits Of 1957,019 - The Everly Brothers - Wake Up Little Susie,,,Billboard Top 100 Hits Of 1957 - 019 - The Everly Brothers - Wake Up Little Susie.mp3,❓ Poor matches - potentially rare
Billboard Top 100 Hits Of 1957,099 - Jimmy Bowen - I'm Stickin' With You,,,Billboard Top 100 Hits Of 1957 - 099 - Jimmy Bowen - I'm Stickin' With You.mp3,❓ Poor matches - potentially rare
Billboard Top 100 Hits Of 1957,073 - Steve Lawrence - Party Doll,,,Billboard Top 100 Hits Of 1957 - 073 - Steve Lawrence - Party Doll.mp3,❓ Poor matches - potentially rare
Billboard Top 100 Hits Of 1957,036 - Andy Williams - Butterfly,,,Billboard Top 100 Hits Of 1957 - 036 - Andy Williams - Butterfly.mp3,❓ Poor matches - potentially rare
Billboard Top 100 Hits Of 1957,037 - Terry Gilkyson & The Easy Riders - Marianne,,,Billboard Top 100 Hits Of 1957 - 037 - Terry Gilkyson & The Easy Riders - Marianne.mp3,❌ Not found - likely rare
Billboard Top 100 Hits Of 1957,065 - Mantovani Orchestra - Around The World In 80 Days,,,Billboard Top 100 Hits Of 1957 - 065 - Mantovani Orchestra - Around The World In 80 Days.mp3,❌ Not found - likely rare
Billboard Top 100 Hits Of 1957,033 - Tommy Sands - Teen-Age Crush,,,Billboard Top 100 Hits Of 1957 - 033 - Tommy Sands - Teen-Age Crush.mp3,❓ Poor matches - potentially rare
Billboard Top 100 Hits Of 1957,044 - Jim Lowe - The Green Door,,,Billboard Top 100 Hits Of 1957 - 044 - Jim Lowe - The Green Door.mp3,❓ Poor matches - potentially rare
Billboard Top 100 Hits Of 1957,051 - Johnny Mathis - Wonderful! Wonderful!,,,Billboard Top 100 Hits Of 1957 - 051 - Johnny Mathis - Wonderful! Wonderful!.mp3,❓ Poor matches - potentially rare
Billboard Top 100 Hits Of 1957,086 - Ernie Freeman - Raunchy,,,Billboard Top 100 Hits Of 1957 - 086 - Ernie Freeman - Raunchy.mp3,❓ Poor matches - potentially rare
Billboard Top 100 Hits Of 1957,023 - Ferlin Huskey - Since You've Gone,,,Billboard Top 100 Hits Of 1957 - 023 - Ferlin Huskey - Since You've Gone.mp3,❌ Not found - likely rare
Billboard Top 100 Hits Of 1957,067 - Johnnie & Joe - Over The Mountain Across The Sea,,,Billboard Top 100 Hits Of 1957 - 067 - Johnnie & Joe - Over The Mountain Across The Sea.mp3,❓ Poor matches - potentially rare
Billboard Top 100 Hits Of 1957,069 - Don Rondo - White Silver Sands,,,Billboard Top 100 Hits Of 1957 - 069 - Don Rondo - White Silver Sands.mp3,❓ Poor matches - potentially rare
Billboard Top 100 Hits Of 1957,077 - Bonnie Guitar - Dark Moon,,,Billboard Top 100 Hits Of 1957 - 077 - Bonnie Guitar - Dark Moon.mp3,❓ Poor matches - potentially rare
Billboard Top 100 Hits Of 1957,083 - Sal Mineo - Start Movin' In My Direction,,,Billboard Top 100 Hits Of 1957 - 083 - Sal Mineo - Start Movin' In My Direction.mp3,❌ Not found - likely rare
Billboard Top 100 Hits Of 1957,053 - Bobby Helms - You Are My Special Angel,,,Billboard Top 100 Hits Of 1957 - 053 - Bobby Helms - You Are My Special Angel.mp3,❓ Poor matches - potentially rare
Billboard Top 100 Hits Of 1957,007 - Guy Mitchell - Singing The Blues,,,Billboard Top 100 Hits Of 1957 - 007 - Guy Mitchell - Singing The Blues.mp3,❓ Poor matches - potentially rare
Billboard Top 100 Hits Of 1957,035 - The Rays - Silhouettes,,,Billboard Top 100 Hits Of 1957 - 035 - The Rays - Silhouettes.mp3,❓ Poor matches - potentially rare
Billboard Top 100 Hits Of 1957,066 - Tony Bennett - In The Middle Of An Island,,,Billboard Top 100 Hits Of 1957 - 066 - Tony Bennett - In The Middle Of An Island.mp3,❓ Poor matches - potentially rare
Billboard Top 100 Hits Of 1957,084 - Chuck Willis - CC Rider,,,Billboard Top 100 Hits Of 1957 - 084 - Chuck Willis - CC Rider.mp3,❓ Poor matches - potentially rare
Billboard Top 100 Hits Of 1957,054 - Billy Ward & His Dominoes - Stardust,,,Billboard Top 100 Hits Of 1957 - 054 - Billy Ward & His Dominoes - Stardust.mp3,❌ Not found - likely rare
Billboard Top 100 Hits Of 1957,058 - Pat Boone - Why Baby Why,,,Billboard Top 100 Hits Of 1957 - 058 - Pat Boone - Why Baby Why.mp3,❓ Poor matches - potentially rare
Billboard Top 100 Hits Of 1957,040 - Nat King Cole - Send For Me,,,Billboard Top 100 Hits Of 1957 - 040 - Nat King Cole - Send For Me.mp3,❓ Poor matches - potentially rare
Billboard Top 100 Hits Of 1957,097 - Rusty Draper - Freight Train,,,Billboard Top 100 Hits Of 1957 - 097 - Rusty Draper - Freight Train.mp3,❓ Poor matches - potentially rare
Billboard Top 100 Hits Of 1957,022 - Chuck Berry - School Days,,,Billboard Top 100 Hits Of 1957 - 022 - Chuck Berry - School Days.mp3,❓ Poor matches - potentially rare
Billboard Top 100 Hits Of 1957,024 - Paul Anka - Diana,,,Billboard Top 100 Hits Of 1957 - 024 - Paul Anka - Diana.mp3,❓ Poor matches - potentially rare
Billboard Top 100 Hits Of 1957,074 - The Coasters - Young Blood,,,Billboard Top 100 Hits Of 1957 - 074 - The Coasters - Young Blood.mp3,❓ Poor matches - potentially rare
Billboard Top 100 Hits Of 1957,063 - Jim Reeves - Four Walls,,,Billboard Top 100 Hits Of 1957 - 063 - Jim Reeves - Four Walls.mp3,❓ Poor matches - potentially rare
Billboard Top 100 Hits Of 1957,030 - Buddy Holly & The Crickets - That'll Be The Day,,,Billboard Top 100 Hits Of 1957 - 030 - Buddy Holly & The Crickets - That'll Be The Day.mp3,❓ Poor matches - potentially rare
Billboard Top 100 Hits Of 1957,021 - The Coasters - Searchin',,,Billboard Top 100 Hits Of 1957 - 021 - The Coasters - Searchin'.mp3,❓ Poor matches - potentially rare
Billboard Top 100 Hits Of 1957,060 - Buddy Knox - Hula Love,,,Billboard Top 100 Hits Of 1957 - 060 - Buddy Knox - Hula Love.mp3,❓ Poor matches - potentially rare
Billboard Top 100 Hits Of 1957,059 - Betty Johnson - I Dreamed,,,Billboard Top 100 Hits Of 1957 - 059 - Betty Johnson - I Dreamed.mp3,❓ Poor matches - potentially rare
Billboard Top 100 Hits Of 1957,071 - The Ames Brothers - Melodie D'amour,,,Billboard Top 100 Hits Of 1957 - 071 - The Ames Brothers - Melodie D'amour.mp3,❓ Poor matches - potentially rare
Billboard Top 100 Hits Of 1957,064 - Jerry Lewis - Rock-A-Bye Your Baby With A Dixie Melody,,,Billboard Top 100 Hits Of 1957 - 064 - Jerry Lewis - Rock-A-Bye Your Baby With A Dixie Melody.mp3,❓ Poor matches - potentially rare
Billboard Top 100 Hits Of 1957,092 - Harry Belafonte - Mama Look A Boo Boo Day,,,Billboard Top 100 Hits Of 1957 - 092 - Harry Belafonte - Mama Look A Boo Boo Day.mp3,❌ Not found - likely rare
Billboard Top 100 Hits Of 1957,079 - Chuck Berry - Rock & Roll Music,,,Billboard Top 100 Hits Of 1957 - 079 - Chuck Berry - Rock & Roll Music.mp3,❓ Poor matches - potentially rare
Billboard Top 100 Hits Of 1957,088 - Pat Boone - Remember You're Mine,,,Billboard Top 100 Hits Of 1957 - 088 - Pat Boone - Remember You're Mine.mp3,❓ Poor matches - potentially rare
Billboard Top 100 Hits Of 1957,094 - Lavern Baker - Jim Dandy,,,Billboard Top 100 Hits Of 1957 - 094 - Lavern Baker - Jim Dandy.mp3,❓ Poor matches - potentially rare
Billboard Top 100 Hits Of 1957,085 - Gene Vincent - Lotta Lovin',,,Billboard Top 100 Hits Of 1957 - 085 - Gene Vincent - Lotta Lovin'.mp3,❓ Poor matches - potentially rare
Billboard Top 100 Hits Of 1957,047 - Patti Page - Old Cape Cod,,,Billboard Top 100 Hits Of 1957 - 047 - Patti Page - Old Cape Cod.mp3,❓ Poor matches - potentially rare
Billboard Top 100 Hits Of 1957,020 - Sam Cooke - You Send Me,,,Billboard Top 100 Hits Of 1957 - 020 - Sam Cooke - You Send Me.mp3,❓ Poor matches - potentially rare
Billboard Top 100 Hits Of 1957,034 - Johnny Mathis - It's Not For Me To Say,,,Billboard Top 100 Hits Of 1957 - 034 - Johnny Mathis - It's Not For Me To Say.mp3,❓ Poor matches - potentially rare
Billboard Top 100 Hits Of 1957,091 - Larry Williams - Bony Moronie,,,Billboard Top 100 Hits Of 1957 - 091 - Larry Williams - Bony Moronie.mp3,❓ Poor matches - potentially rare
Billboard Top 100 Hits Of 1957,012 - Debbie Reynolds - Tammy,,,Billboard Top 100 Hits Of 1957 - 012 - Debbie Reynolds - Tammy.mp3,❓ Poor matches - potentially rare
Billboard Top 100 Hits Of 1957,087 - Fats Domino - Valley Of Tears,,,Billboard Top 100 Hits Of 1957 - 087 - Fats Domino - Valley Of Tears.mp3,❓ Poor matches - potentially rare
Billboard Top 100 Hits Of 1957,043 - Larry Williams - Short Fat Fanny,,,Billboard Top 100 Hits Of 1957 - 043 - Larry Williams - Short Fat Fanny.mp3,❓ Poor matches - potentially rare
Billboard Top 100 Hits Of 1958,032 - Monotones - Book Of Love,,,Billboard Top 100 Hits Of 1958 - 032 - Monotones - Book Of Love.mp3,❓ Poor matches - potentially rare
Billboard Top 100 Hits Of 1958,094 - Hollywood Flames - Buzz-Buzz-Buzz,,,Billboard Top 100 Hits Of 1958 - 094 - Hollywood Flames - Buzz-Buzz-Buzz.mp3,❌ Not found - likely rare
Billboard Top 100 Hits Of 1958,058 - Earl Grant - The End,,,Billboard Top 100 Hits Of 1958 - 058 - Earl Grant - The End.mp3,❌ Not found - likely rare
Billboard Top 100 Hits Of 1958,086 - Frankie Avalon - Dede Dinah,,,Billboard Top 100 Hits Of 1958 - 086 - Frankie Avalon - Dede Dinah.mp3,❌ Not found - likely rare
Billboard Top 100 Hits Of 1958,072 - Chuck Willis - What Am I Living For,,,Billboard Top 100 Hits Of 1958 - 072 - Chuck Willis - What Am I Living For.mp3,❓ Poor matches - potentially rare
Billboard Top 100 Hits Of 1958,062 - Everly Brothers - Problems,,,Billboard Top 100 Hits Of 1958 - 062 - Everly Brothers - Problems.mp3,❓ Poor matches - potentially rare
Billboard Top 100 Hits Of 1958,081 - Johnny Cash - Ballad Of A Teenage Queen,,,Billboard Top 100 Hits Of 1958 - 081 - Johnny Cash - Ballad Of A Teenage Queen.mp3,❓ Poor matches - potentially rare
Billboard Top 100 Hits Of 1958,007 - Perry Como - Catch A Falling Star,,,Billboard Top 100 Hits Of 1958 - 007 - Perry Como - Catch A Falling Star.mp3,❌ Not found - likely rare
Billboard Top 100 Hits Of 1958,077 - Ed Townsend - For Your Love,,,Billboard Top 100 Hits Of 1958 - 077 - Ed Townsend - For Your Love.mp3,❌ Not found - likely rare
Billboard Top 100 Hits Of 1958,033 - Tommy Dorsey - Tea For Two Cha Cha,,,Billboard Top 100 Hits Of 1958 - 033 - Tommy Dorsey - Tea For Two Cha Cha.mp3,❓ Poor matches - potentially rare
Billboard Top 100 Hits Of 1958,059 - Jimmie Rodgers - Kisses Sweeter Than Wine,,,Billboard Top 100 Hits Of 1958 - 059 - Jimmie Rodgers - Kisses Sweeter Than Wine.mp3,❌ Not found - likely rare
Billboard Top 100 Hits Of 1958,037 - Chordettes - Lollipop,,,Billboard Top 100 Hits Of 1958 - 037 - Chordettes - Lollipop.mp3,❓ Poor matches - potentially rare
Billboard Top 100 Hits Of 1958,098 - Marty Robins - The Story Of My Life,,,Billboard Top 100 Hits Of 1958 - 098 - Marty Robins - The Story Of My Life.mp3,❌ Not found - likely rare
Billboard Top 100 Hits Of 1958,066 - Andy Williams - Are You Sincere,,,Billboard Top 100 Hits Of 1958 - 066 - Andy Williams - Are You Sincere.mp3,❌ Not found - likely rare
Billboard Top 100 Hits Of 1958,096 - Jan And Arnie - Jennie Lee,,,Billboard Top 100 Hits Of 1958 - 096 - Jan And Arnie - Jennie Lee.mp3,❌ Not found - likely rare
Billboard Top 100 Hits Of 1958,035 - Royal Teens - Short Shorts,,,Billboard Top 100 Hits Of 1958 - 035 - Royal Teens - Short Shorts.mp3,❓ Poor matches - potentially rare
Billboard Top 100 Hits Of 1958,079 - Art And Dotty Todd - Chanson D'amour [Song Of Love],,,Billboard Top 100 Hits Of 1958 - 079 - Art And Dotty Todd - Chanson D'amour [Song Of Love].mp3,❌ Not found - likely rare
Billboard Top 100 Hits Of 1958,026 - Jimmy Clanton - Just A Dream,,,Billboard Top 100 Hits Of 1958 - 026 - Jimmy Clanton - Just A Dream.mp3,❓ Poor matches - potentially rare
Billboard Top 100 Hits Of 1958,027 - McGuire Sisters - Sugartime,,,Billboard Top 100 Hits Of 1958 - 027 - McGuire Sisters - Sugartime.mp3,❓ Poor matches - potentially rare
Billboard Top 100 Hits Of 1958,099 - Frankie Avalon - I'll Wait For You,,,Billboard Top 100 Hits Of 1958 - 099 - Frankie Avalon - I'll Wait For You.mp3,❌ Not found - likely rare
Billboard Top 100 Hits Of 1958,038 - Bobby Darin - Splish Splash,,,Billboard Top 100 Hits Of 1958 - 038 - Bobby Darin - Splish Splash.mp3,❓ Poor matches - potentially rare
Billboard Top 100 Hits Of 1958,052 - The Big Bopper - Chantilly Lace,,,Billboard Top 100 Hits Of 1958 - 052 - The Big Bopper - Chantilly Lace.mp3,❌ Not found - likely rare
Billboard Top 100 Hits Of 1958,073 - Chuck Berry - Johnny B Goode,,,Billboard Top 100 Hits Of 1958 - 073 - Chuck Berry - Johnny B Goode.mp3,❌ Not found - likely rare
Billboard Top 100 Hits Of 1958,064 - Will Glahe - Liechtensteiner Polka,,,Billboard Top 100 Hits Of 1958 - 064 - Will Glahe - Liechtensteiner Polka.mp3,❌ Not found - likely rare
Billboard Top 100 Hits Of 1958,084 - Perry Como - Kewpie Doll,,,Billboard Top 100 Hits Of 1958 - 084 - Perry Como - Kewpie Doll.mp3,❌ Not found - likely rare
Billboard Top 100 Hits Of 1958,080 - Lou Monte - Lazy Mary,,,Billboard Top 100 Hits Of 1958 - 080 - Lou Monte - Lazy Mary.mp3,❌ Not found - likely rare
Billboard Top 100 Hits Of 1958,087 - Pat Boone - Sugar Moon,,,Billboard Top 100 Hits Of 1958 - 087 - Pat Boone - Sugar Moon.mp3,❌ Not found - likely rare
Billboard Top 100 Hits Of 1958,071 - Crickets - Oh Boy,,,Billboard Top 100 Hits Of 1958 - 071 - Crickets - Oh Boy.mp3,❓ Poor matches - potentially rare
Billboard Top 100 Hits Of 1958,049 - Elvis Presley - Hard Headed Woman,,,Billboard Top 100 Hits Of 1958 - 049 - Elvis Presley - Hard Headed Woman.mp3,❓ Poor matches - potentially rare
Billboard Top 100 Hits Of 1958,063 - Bobby Darin - Queen Of The Hop,,,Billboard Top 100 Hits Of 1958 - 063 - Bobby Darin - Queen Of The Hop.mp3,❌ Not found - likely rare
Billboard Top 100 Hits Of 1958,065 - Elvis Presley - I Got Stung,,,Billboard Top 100 Hits Of 1958 - 065 - Elvis Presley - I Got Stung.mp3,❓ Poor matches - potentially rare
Billboard Top 100 Hits Of 1958,078 - Paul Anka - You Are My Destiny,,,Billboard Top 100 Hits Of 1958 - 078 - Paul Anka - You Are My Destiny.mp3,❓ Poor matches - potentially rare
Billboard Top 100 Hits Of 1958,047 - Crescendos - Oh Julie,,,Billboard Top 100 Hits Of 1958 - 047 - Crescendos - Oh Julie.mp3,❌ Not found - likely rare
Billboard Top 100 Hits Of 1958,070 - Four Preps - Big Man,,,Billboard Top 100 Hits Of 1958 - 070 - Four Preps - Big Man.mp3,❓ Poor matches - potentially rare
Billboard Top 100 Hits Of 1958,020 - Danny And The Jrs - At The Hop,,,Billboard Top 100 Hits Of 1958 - 020 - Danny And The Jrs - At The Hop.mp3,❌ Not found - likely rare
Billboard Top 100 Hits Of 1958,092 - Olympics - Western Movies,,,Billboard Top 100 Hits Of 1958 - 092 - Olympics - Western Movies.mp3,❓ Poor matches - potentially rare
Billboard Top 100 Hits Of 1958,076 - Peggy Lee - Fever,,,Billboard Top 100 Hits Of 1958 - 076 - Peggy Lee - Fever.mp3,❓ Poor matches - potentially rare
Billboard Top 100 Hits Of 1958,012 - Sheb Wolley - The Purple People Eater,,,Billboard Top 100 Hits Of 1958 - 012 - Sheb Wolley - The Purple People Eater.mp3,❌ Not found - likely rare
Billboard Top 100 Hits Of 1958,061 - Mitch Miller - March From The River Kwai And Colonel B,,,Billboard Top 100 Hits Of 1958 - 061 - Mitch Miller - March From The River Kwai And Colonel B.mp3,❓ Poor matches - potentially rare
Billboard Top 100 Hits Of 1958,060 - Playmates - Beep Beep [The Little Nash Rambler],,,Billboard Top 100 Hits Of 1958 - 060 - Playmates - Beep Beep [The Little Nash Rambler].mp3,❌ Not found - likely rare
Billboard Top 100 Hits Of 1958,093 - Roy Hamilton - Don't Let Go,,,Billboard Top 100 Hits Of 1958 - 093 - Roy Hamilton - Don't Let Go.mp3,❓ Poor matches - potentially rare
Billboard Top 100 Hits Of 1958,010 - Dean Martin - Return To Me,,,Billboard Top 100 Hits Of 1958 - 010 - Dean Martin - Return To Me.mp3,❓ Poor matches - potentially rare
Billboard Top 100 Hits Of 1958,097 - Royaltones - Poor Boy,,,Billboard Top 100 Hits Of 1958 - 097 - Royaltones - Poor Boy.mp3,❌ Not found - likely rare
Billboard Top 100 Hits Of 1958,083 - Jimmy McCracklin - The Walk,,,Billboard Top 100 Hits Of 1958 - 083 - Jimmy McCracklin - The Walk.mp3,❌ Not found - likely rare
Billboard Top 100 Hits Of 1958,022 - Elvis - Wear My Ring Around Your Neck,,,Billboard Top 100 Hits Of 1958 - 022 - Elvis - Wear My Ring Around Your Neck.mp3,❓ Poor matches - potentially rare
Billboard Top 100 Hits Of 1958,021 - Coasters - Yakety Yak,,,Billboard Top 100 Hits Of 1958 - 021 - Coasters - Yakety Yak.mp3,❌ Not found - likely rare
Billboard Top 100 Hits Of 1958,069 - Johnny Otis Show - Willie And The Hand Jive,,,Billboard Top 100 Hits Of 1958 - 069 - Johnny Otis Show - Willie And The Hand Jive.mp3,❌ Not found - likely rare
Billboard Top 100 Hits Of 1958,085 - George Hamilton IV - Why Don't They Understand,,,Billboard Top 100 Hits Of 1958 - 085 - George Hamilton IV - Why Don't They Understand.mp3,❓ Poor matches - potentially rare
Billboard Top 100 Hits Of 1959,047 - Jerry Wallace - Primrose Lane,,,Billboard Top 100 Hits Of 1959 - 047 - Jerry Wallace - Primrose Lane.mp3,❓ Poor matches - potentially rare
Billboard Top 100 Hits Of 1959,095 - Jan & Dean - Baby Talk,,,Billboard Top 100 Hits Of 1959 - 095 - Jan & Dean - Baby Talk.mp3,❓ Poor matches - potentially rare
Billboard Top 100 Hits Of 1959,033 - Sammy Turner - Lavender Blue [Dilly Dilly],,,Billboard Top 100 Hits Of 1959 - 033 - Sammy Turner - Lavender Blue [Dilly Dilly].mp3,❓ Poor matches - potentially rare
Billboard Top 100 Hits Of 1959,093 - Elvis Presley - My Wish Came True,,,Billboard Top 100 Hits Of 1959 - 093 - Elvis Presley - My Wish Came True.mp3,❓ Poor matches - potentially rare
Billboard Top 100 Hits Of 1959,038 - Thomas Wayne - Tragedy,,,Billboard Top 100 Hits Of 1959 - 038 - Thomas Wayne - Tragedy.mp3,❓ Poor matches - potentially rare
Billboard Top 100 Hits Of 1959,"085 - Kathy Linden - Goodbye, Jimmy, Goodbye",,,"Billboard Top 100 Hits Of 1959 - 085 - Kathy Linden - Goodbye, Jimmy, Goodbye.mp3",❓ Poor matches - potentially rare
Billboard Top 100 Hits Of 1959,058 - Duane Eddy - 40 Miles Of Bad Road,,,Billboard Top 100 Hits Of 1959 - 058 - Duane Eddy - 40 Miles Of Bad Road.mp3,❓ Poor matches - potentially rare
Billboard Top 100 Hits Of 1959,083 - Ricky Nelson - Sweeter Than You,,,Billboard Top 100 Hits Of 1959 - 083 - Ricky Nelson - Sweeter Than You.mp3,❓ Poor matches - potentially rare
Billboard Top 100 Hits Of 1959,079 - Jack Scott - Goodbye Baby,,,Billboard Top 100 Hits Of 1959 - 079 - Jack Scott - Goodbye Baby.mp3,❓ Poor matches - potentially rare
Billboard Top 100 Hits Of 1959,012 - Paul Anka - Put Your Head On My Shoulder,,,Billboard Top 100 Hits Of 1959 - 012 - Paul Anka - Put Your Head On My Shoulder.mp3,❓ Poor matches - potentially rare
Billboard Top 100 Hits Of 1959,029 - The Drifters - There Goes My Baby,,,Billboard Top 100 Hits Of 1959 - 029 - The Drifters - There Goes My Baby.mp3,❓ Poor matches - potentially rare
Billboard Top 100 Hits Of 1959,066 - Ray Anthony - Peter Gunn Theme,,,Billboard Top 100 Hits Of 1959 - 066 - Ray Anthony - Peter Gunn Theme.mp3,❓ Poor matches - potentially rare
Billboard Top 100 Hits Of 1959,094 - Ivo Robic - Morgen,,,Billboard Top 100 Hits Of 1959 - 094 - Ivo Robic - Morgen.mp3,❓ Poor matches - potentially rare
Billboard Top 100 Hits Of 1959,052 - Franck Pourcel - Only You,,,Billboard Top 100 Hits Of 1959 - 052 - Franck Pourcel - Only You.mp3,❓ Poor matches - potentially rare
Billboard Top 100 Hits Of 1959,086 - Reg Owen - Manhattan Spiritual,,,Billboard Top 100 Hits Of 1959 - 086 - Reg Owen - Manhattan Spiritual.mp3,❓ Poor matches - potentially rare
Billboard Top 100 Hits Of 1959,065 - Skyliners - Since I Don't Have You,,,Billboard Top 100 Hits Of 1959 - 065 - Skyliners - Since I Don't Have You.mp3,❓ Poor matches - potentially rare
Billboard Top 100 Hits Of 1960,098 - Anita Bryant - My Little Corner Of The World,,,Billboard Top 100 Hits Of 1960 - 098 - Anita Bryant - My Little Corner Of The World.mp3,❓ Poor matches - potentially rare
Billboard Top 100 Hits Of 1960,066 - Browns - The Old Lamplighter,,,Billboard Top 100 Hits Of 1960 - 066 - Browns - The Old Lamplighter.mp3,❓ Poor matches - potentially rare
Billboard Top 100 Hits Of 1960,073 - Jeanne Black - He'll Have To Stay,,,Billboard Top 100 Hits Of 1960 - 073 - Jeanne Black - He'll Have To Stay.mp3,❓ Poor matches - potentially rare
Billboard Top 100 Hits Of 1960,020 - Jimmy Jones - Handy Man,,,Billboard Top 100 Hits Of 1960 - 020 - Jimmy Jones - Handy Man.mp3,❓ Poor matches - potentially rare
Billboard Top 100 Hits Of 1960,063 - Johnny Burnette - You're Sixteen,,,Billboard Top 100 Hits Of 1960 - 063 - Johnny Burnette - You're Sixteen.mp3,❓ Poor matches - potentially rare
Billboard Top 100 Hits Of 1960,012 - Johnny Horton - North To Alaska,,,Billboard Top 100 Hits Of 1960 - 012 - Johnny Horton - North To Alaska.mp3,❌ Not found - likely rare
Billboard Top 100 Hits Of 1960,091 - Joe Jones - You Talk Too Much,,,Billboard Top 100 Hits Of 1960 - 091 - Joe Jones - You Talk Too Much.mp3,❓ Poor matches - potentially rare
Billboard Top 100 Hits Of 1960,041 - Brook Benton - Kiddo,,,Billboard Top 100 Hits Of 1960 - 041 - Brook Benton - Kiddo.mp3,❌ Not found - likely rare
Billboard Top 100 Hits Of 1960,058 - Johnny Preston - Cradle Of Love,,,Billboard Top 100 Hits Of 1960 - 058 - Johnny Preston - Cradle Of Love.mp3,❓ Poor matches - potentially rare
Billboard Top 100 Hits Of 1960,080 - Little Dippers - Forever,,,Billboard Top 100 Hits Of 1960 - 080 - Little Dippers - Forever.mp3,❓ Poor matches - potentially rare
Billboard Top 100 Hits Of 1960,065 - Platters - Harbor Lights,,,Billboard Top 100 Hits Of 1960 - 065 - Platters - Harbor Lights.mp3,❓ Poor matches - potentially rare
Billboard Top 100 Hits Of 1960,039 - Jerry Butler - He Will Break Your Heart,,,Billboard Top 100 Hits Of 1960 - 039 - Jerry Butler - He Will Break Your Heart.mp3,❓ Poor matches - potentially rare
Billboard Top 100 Hits Of 1960,094 - Bob Luman - Let's Think About Living,,,Billboard Top 100 Hits Of 1960 - 094 - Bob Luman - Let's Think About Living.mp3,❓ Poor matches - potentially rare
Billboard Top 100 Hits Of 1960,030 - Sam Cooke - Chain Gang,,,Billboard Top 100 Hits Of 1960 - 030 - Sam Cooke - Chain Gang.mp3,❓ Poor matches - potentially rare
Billboard Top 100 Hits Of 1960,097 - Steve Lawrence - Footsteps,,,Billboard Top 100 Hits Of 1960 - 097 - Steve Lawrence - Footsteps.mp3,❓ Poor matches - potentially rare
Billboard Top 100 Hits Of 1960,021 - Ferrante & Teicher - Theme From The Apartment,,,Billboard Top 100 Hits Of 1960 - 021 - Ferrante & Teicher - Theme From The Apartment.mp3,❓ Poor matches - potentially rare
Billboard Top 100 Hits Of 1960,087 - Garry Miles - Look For A Star,,,Billboard Top 100 Hits Of 1960 - 087 - Garry Miles - Look For A Star.mp3,❓ Poor matches - potentially rare
Billboard Top 100 Hits Of 1960,070 - Connie Francis - Many Tears Ago,,,Billboard Top 100 Hits Of 1960 - 070 - Connie Francis - Many Tears Ago.mp3,❌ Not found - likely rare
Billboard Top 100 Hits Of 1960,047 - Maurice Williams & The Zodiacs - Stay,,,Billboard Top 100 Hits Of 1960 - 047 - Maurice Williams & The Zodiacs - Stay.mp3,❓ Poor matches - potentially rare
Billboard Top 100 Hits Of 1960,086 - Johnny & The Hurricanes - Beatnik Fly,,,Billboard Top 100 Hits Of 1960 - 086 - Johnny & The Hurricanes - Beatnik Fly.mp3,❓ Poor matches - potentially rare
Billboard Top 100 Hits Of 1960,093 - Paul Anka - My Hometown,,,Billboard Top 100 Hits Of 1960 - 093 - Paul Anka - My Hometown.mp3,❓ Poor matches - potentially rare
Billboard Top 100 Hits Of 1960,007 - Johnny Preston - Running Bear,,,Billboard Top 100 Hits Of 1960 - 007 - Johnny Preston - Running Bear.mp3,❓ Poor matches - potentially rare
Billboard Top 100 Hits Of 1960,068 - Jimmy Jones - Good Timin',,,Billboard Top 100 Hits Of 1960 - 068 - Jimmy Jones - Good Timin'.mp3,❓ Poor matches - potentially rare
Billboard Top 100 Hits Of 1960,010 - Marty Robbins - El Paso,,,Billboard Top 100 Hits Of 1960 - 010 - Marty Robbins - El Paso.mp3,❓ Poor matches - potentially rare
Billboard Top 100 Hits Of 1960,017 - Brothers Four - Green Leaves Of Summer,,,Billboard Top 100 Hits Of 1960 - 017 - Brothers Four - Green Leaves Of Summer.mp3,❓ Poor matches - potentially rare
Billboard Top 100 Hits Of 1960,081 - Four Preps - Down By The Station,,,Billboard Top 100 Hits Of 1960 - 081 - Four Preps - Down By The Station.mp3,❓ Poor matches - potentially rare
Billboard Top 100 Hits Of 1960,064 - Safaris - Image Of A Girl,,,Billboard Top 100 Hits Of 1960 - 064 - Safaris - Image Of A Girl.mp3,❓ Poor matches - potentially rare
Billboard Top 100 Hits Of 1960,062 - Everly Brothers - Let It Be Me,,,Billboard Top 100 Hits Of 1960 - 062 - Everly Brothers - Let It Be Me.mp3,❓ Poor matches - potentially rare
Billboard Top 100 Hits Of 1960,056 - Dion - Where Or When,,,Billboard Top 100 Hits Of 1960 - 056 - Dion - Where Or When.mp3,❓ Poor matches - potentially rare
Billboard Top 100 Hits Of 1960,089 - Fats Domino - My Girl Josephine,,,Billboard Top 100 Hits Of 1960 - 089 - Fats Domino - My Girl Josephine.mp3,❌ Not found - likely rare
Billboard Top 100 Hits Of 1960,018 - Connie Stevens - Sixteen Reasons,,,Billboard Top 100 Hits Of 1960 - 018 - Connie Stevens - Sixteen Reasons.mp3,❓ Poor matches - potentially rare
Billboard Top 100 Hits Of 1960,059 - Jimmy Charles - A Million To One,,,Billboard Top 100 Hits Of 1960 - 059 - Jimmy Charles - A Million To One.mp3,❓ Poor matches - potentially rare
Billboard Top 100 Hits Of 1960,067 - Gary Us Bonds - New Orleans,,,Billboard Top 100 Hits Of 1960 - 067 - Gary Us Bonds - New Orleans.mp3,❓ Poor matches - potentially rare
Billboard Top 100 Hits Of 1960,046 - Fendermen - Mule Skinner Blues,,,Billboard Top 100 Hits Of 1960 - 046 - Fendermen - Mule Skinner Blues.mp3,❓ Poor matches - potentially rare
Billboard Top 100 Hits Of 1960,082 - Jackie Wilson - Alone At Last,,,Billboard Top 100 Hits Of 1960 - 082 - Jackie Wilson - Alone At Last.mp3,❓ Poor matches - potentially rare
Billboard Top 100 Hits Of 1960,052 - Freddie Cannon - Way Down Yonder In New Orleans,,,Billboard Top 100 Hits Of 1960 - 052 - Freddie Cannon - Way Down Yonder In New Orleans.mp3,❓ Poor matches - potentially rare
Billboard Top 100 Hits Of 1960,078 - Brook Benton & Dinah Washington - A Rockin' Good Way,,,Billboard Top 100 Hits Of 1960 - 078 - Brook Benton & Dinah Washington - A Rockin' Good Way.mp3,❓ Poor matches - potentially rare
Billboard Top 100 Hits Of 1960,084 - Spencer Ross - Tracy's Theme,,,Billboard Top 100 Hits Of 1960 - 084 - Spencer Ross - Tracy's Theme.mp3,❓ Poor matches - potentially rare
Billboard Top 100 Hits Of 1960,096 - Neil Sedaka - Stairway To Heaven,,,Billboard Top 100 Hits Of 1960 - 096 - Neil Sedaka - Stairway To Heaven.mp3,❓ Poor matches - potentially rare
Billboard Top 100 Hits Of 1960,060 - Bobby Rydell - Volare,,,Billboard Top 100 Hits Of 1960 - 060 - Bobby Rydell - Volare.mp3,❓ Poor matches - potentially rare
Billboard Top 100 Hits Of 1960,099 - Dion - Lonely Teenager,,,Billboard Top 100 Hits Of 1960 - 099 - Dion - Lonely Teenager.mp3,❓ Poor matches - potentially rare
Billboard Top 100 Hits Of 1960,083 - Larry Hall - Sandy,,,Billboard Top 100 Hits Of 1960 - 083 - Larry Hall - Sandy.mp3,❓ Poor matches - potentially rare
Billboard Top 100 Hits Of 1960,037 - Lolita - Semann Deine Heimat Ist Das Meer,,,Billboard Top 100 Hits Of 1960 - 037 - Lolita - Semann Deine Heimat Ist Das Meer.mp3,❌ Not found - likely rare
Billboard Top 100 Hits Of 1960,057 - Larry Verne - Mr Custer,,,Billboard Top 100 Hits Of 1960 - 057 - Larry Verne - Mr Custer.mp3,❓ Poor matches - potentially rare
Billboard Top 100 Hits Of 1960,077 - Conway Twitty - Lonely Blue Boy,,,Billboard Top 100 Hits Of 1960 - 077 - Conway Twitty - Lonely Blue Boy.mp3,❓ Poor matches - potentially rare
Billboard Top 100 Hits Of 1960,024 - Roy Orbison - Only The Lonely,,,Billboard Top 100 Hits Of 1960 - 024 - Roy Orbison - Only The Lonely.mp3,❓ Poor matches - potentially rare
Billboard Top 100 Hits Of 1960,079 - Bill Black's Combo - Don't Be Cruel,,,Billboard Top 100 Hits Of 1960 - 079 - Bill Black's Combo - Don't Be Cruel.mp3,❌ Not found - likely rare
Billboard Top 100 Hits Of 1960,085 - Little Willie John - Sleep,,,Billboard Top 100 Hits Of 1960 - 085 - Little Willie John - Sleep.mp3,❌ Not found - likely rare
Billboard Top 100 Hits Of 1960,076 - Fats Domino - Walkin To New Orleans,,,Billboard Top 100 Hits Of 1960 - 076 - Fats Domino - Walkin To New Orleans.mp3,❌ Not found - likely rare
Billboard Top 100 Hits Of 1961,062 - Ray Peterson - Corina Corina,,,Billboard Top 100 Hits Of 1961 - 062 - Ray Peterson - Corina Corina.mp3,❌ Not found - likely rare
Billboard Top 100 Hits Of 1961,098 - Bobby Darin - You Must Have Been A Beautiful Baby,,,Billboard Top 100 Hits Of 1961 - 098 - Bobby Darin - You Must Have Been A Beautiful Baby.mp3,❓ Poor matches - potentially rare
Billboard Top 100 Hits Of 1961,064 - Brenda Lee - You Can Depend On Me,,,Billboard Top 100 Hits Of 1961 - 064 - Brenda Lee - You Can Depend On Me.mp3,❓ Poor matches - potentially rare
Billboard Top 100 Hits Of 1961,063 - Capris - There's A Moon Out Tonight,,,Billboard Top 100 Hits Of 1961 - 063 - Capris - There's A Moon Out Tonight.mp3,❓ Poor matches - potentially rare
Billboard Top 100 Hits Of 1961,069 - Carla Thomas - Gee Whiz,,,Billboard Top 100 Hits Of 1961 - 069 - Carla Thomas - Gee Whiz.mp3,❓ Poor matches - potentially rare
Billboard Top 100 Hits Of 1961,086 - Connie Francis - Breakin' In A Brand New Broken Heart,,,Billboard Top 100 Hits Of 1961 - 086 - Connie Francis - Breakin' In A Brand New Broken Heart.mp3,❓ Poor matches - potentially rare
Billboard Top 100 Hits Of 1961,091 - Linda Scott - Don't Bet Money Honey,,,Billboard Top 100 Hits Of 1961 - 091 - Linda Scott - Don't Bet Money Honey.mp3,❓ Poor matches - potentially rare
Billboard Top 100 Hits Of 1961,040 - Mar Keys - Last Night,,,Billboard Top 100 Hits Of 1961 - 040 - Mar Keys - Last Night.mp3,❓ Poor matches - potentially rare
Billboard Top 100 Hits Of 1961,066 - Everly Brothers - Walk Right Back,,,Billboard Top 100 Hits Of 1961 - 066 - Everly Brothers - Walk Right Back.mp3,❓ Poor matches - potentially rare
Billboard Top 100 Hits Of 1961,095 - Echoes - Baby Blue,,,Billboard Top 100 Hits Of 1961 - 095 - Echoes - Baby Blue.mp3,❓ Poor matches - potentially rare
Billboard Top 100 Hits Of 1961,081 - Bob Moore - Mexico,,,Billboard Top 100 Hits Of 1961 - 081 - Bob Moore - Mexico.mp3,❓ Poor matches - potentially rare
Billboard Top 100 Hits Of 1961,020 - Gary Us Bonds - Quarter To Three,,,Billboard Top 100 Hits Of 1961 - 020 - Gary Us Bonds - Quarter To Three.mp3,❓ Poor matches - potentially rare
Billboard Top 100 Hits Of 1961,071 - Brook Benton - Think Twice,,,Billboard Top 100 Hits Of 1961 - 071 - Brook Benton - Think Twice.mp3,❓ Poor matches - potentially rare
Billboard Top 100 Hits Of 1961,087 - Ray Charles Orchestra - One Mint Julip,,,Billboard Top 100 Hits Of 1961 - 087 - Ray Charles Orchestra - One Mint Julip.mp3,❓ Poor matches - potentially rare
Billboard Top 100 Hits Of 1961,058 - Arthur Lyman - Yellow Bird,,,Billboard Top 100 Hits Of 1961 - 058 - Arthur Lyman - Yellow Bird.mp3,❓ Poor matches - potentially rare
Billboard Top 100 Hits Of 1961,073 - Faron Young - Hello Walls,,,Billboard Top 100 Hits Of 1961 - 073 - Faron Young - Hello Walls.mp3,❓ Poor matches - potentially rare
Billboard Top 100 Hits Of 1961,089 - Floyd Cramer - San Antonio Rose,,,Billboard Top 100 Hits Of 1961 - 089 - Floyd Cramer - San Antonio Rose.mp3,❓ Poor matches - potentially rare
Billboard Top 100 Hits Of 1961,070 - Ben E. King - Spanish Harlem,,,Billboard Top 100 Hits Of 1961 - 070 - Ben E. King - Spanish Harlem.mp3,❓ Poor matches - potentially rare
Billboard Top 100 Hits Of 1961,009 - Lawrence Welk - Calcutta,,,Billboard Top 100 Hits Of 1961 - 009 - Lawrence Welk - Calcutta.mp3,❓ Poor matches - potentially rare
Billboard Top 100 Hits Of 1961,080 - Lonnie Donegan - Does Your Chewing Gum Lose Its Flavor,,,Billboard Top 100 Hits Of 1961 - 080 - Lonnie Donegan - Does Your Chewing Gum Lose Its Flavor.mp3,❓ Poor matches - potentially rare
Billboard Top 100 Hits Of 1961,051 - Adam Wade - Take Good Care Of Her,,,Billboard Top 100 Hits Of 1961 - 051 - Adam Wade - Take Good Care Of Her.mp3,❓ Poor matches - potentially rare
Billboard Top 100 Hits Of 1961,012 - Dovels - Bristol Stomp,,,Billboard Top 100 Hits Of 1961 - 012 - Dovels - Bristol Stomp.mp3,❓ Poor matches - potentially rare
Billboard Top 100 Hits Of 1961,043 - Sandy Nelson - Let There Be Drums,,,Billboard Top 100 Hits Of 1961 - 043 - Sandy Nelson - Let There Be Drums.mp3,❌ Not found - likely rare
Billboard Top 100 Hits Of 1961,046 - Brenda Lee - Fool Number 1,,,Billboard Top 100 Hits Of 1961 - 046 - Brenda Lee - Fool Number 1.mp3,❓ Poor matches - potentially rare
Billboard Top 100 Hits Of 1961,026 - Bobby Vee - Take Good Care Of My Baby,,,Billboard Top 100 Hits Of 1961 - 026 - Bobby Vee - Take Good Care Of My Baby.mp3,❓ Poor matches - potentially rare
Billboard Top 100 Hits Of 1961,099 - Curtis Lee - Pretty Little Angel Eyes,,,Billboard Top 100 Hits Of 1961 - 099 - Curtis Lee - Pretty Little Angel Eyes.mp3,❓ Poor matches - potentially rare
Billboard Top 100 Hits Of 1961,068 - G Clefts - I Understand,,,Billboard Top 100 Hits Of 1961 - 068 - G Clefts - I Understand.mp3,❌ Not found - likely rare
Billboard Top 100 Hits Of 1961,090 - Cathy Jean - Please Love Me Forever,,,Billboard Top 100 Hits Of 1961 - 090 - Cathy Jean - Please Love Me Forever.mp3,❌ Not found - likely rare
Billboard Top 100 Hits Of 1961,096 - Adam Wade - The Writing On The Wall,,,Billboard Top 100 Hits Of 1961 - 096 - Adam Wade - The Writing On The Wall.mp3,❓ Poor matches - potentially rare
Billboard Top 100 Hits Of 1961,083 - Timi Yuro - Hurt,,,Billboard Top 100 Hits Of 1961 - 083 - Timi Yuro - Hurt.mp3,❓ Poor matches - potentially rare
Billboard Top 100 Hits Of 1961,082 - Buzz Clifford - Baby Sittin Boogie,,,Billboard Top 100 Hits Of 1961 - 082 - Buzz Clifford - Baby Sittin Boogie.mp3,❓ Poor matches - potentially rare
Billboard Top 100 Hits Of 1961,065 - Hayley Mills - Let's Get Together,,,Billboard Top 100 Hits Of 1961 - 065 - Hayley Mills - Let's Get Together.mp3,❌ Not found - likely rare
Billboard Top 100 Hits Of 1961,035 - Floyd Cramer - On The Rebound,,,Billboard Top 100 Hits Of 1961 - 035 - Floyd Cramer - On The Rebound.mp3,❓ Poor matches - potentially rare
Billboard Top 100 Hits Of 1961,079 - Jive Five - My True Story,,,Billboard Top 100 Hits Of 1961 - 079 - Jive Five - My True Story.mp3,❓ Poor matches - potentially rare
Billboard Top 100 Hits Of 1961,075 - Sue Thompson - Sad Movies Make Me Cry,,,Billboard Top 100 Hits Of 1961 - 075 - Sue Thompson - Sad Movies Make Me Cry.mp3,❓ Poor matches - potentially rare
Billboard Top 100 Hits Of 1961,055 - Gladys Knight & The Pips - Every Beat Of My Heart,,,Billboard Top 100 Hits Of 1961 - 055 - Gladys Knight & The Pips - Every Beat Of My Heart.mp3,❌ Not found - likely rare
Billboard Top 100 Hits Of 1961,059 - Linda Scott - I've Told Every Little Star,,,Billboard Top 100 Hits Of 1961 - 059 - Linda Scott - I've Told Every Little Star.mp3,❓ Poor matches - potentially rare
Billboard Top 100 Hits Of 1961,032 - Jorgan Ingmann - Apache,,,Billboard Top 100 Hits Of 1961 - 032 - Jorgan Ingmann - Apache.mp3,❓ Poor matches - potentially rare
Billboard Top 100 Hits Of 1961,084 - Brenda Lee - Emotions,,,Billboard Top 100 Hits Of 1961 - 084 - Brenda Lee - Emotions.mp3,❓ Poor matches - potentially rare
Billboard Top 100 Hits Of 1961,072 - Ral Donner - You Don't Know What You've Got,,,Billboard Top 100 Hits Of 1961 - 072 - Ral Donner - You Don't Know What You've Got.mp3,❓ Poor matches - potentially rare
Billboard Top 100 Hits Of 1961,047 - Bobby Vee - Rubber Ball,,,Billboard Top 100 Hits Of 1961 - 047 - Bobby Vee - Rubber Ball.mp3,❓ Poor matches - potentially rare
Billboard Top 100 Hits Of 1961,097 - Everly Brothers - Ebony Eyes,,,Billboard Top 100 Hits Of 1961 - 097 - Everly Brothers - Ebony Eyes.mp3,❌ Not found - likely rare
Billboard Top 100 Hits Of 1961,093 - Jerry Butler - Moon River,,,Billboard Top 100 Hits Of 1961 - 093 - Jerry Butler - Moon River.mp3,❓ Poor matches - potentially rare
Billboard Top 100 Hits Of 1961,024 - Marty Robbins - Don't Worry Bout Me,,,Billboard Top 100 Hits Of 1961 - 024 - Marty Robbins - Don't Worry Bout Me.mp3,❌ Not found - likely rare
Billboard Top 100 Hits Of 1961,037 - String-A-Longs - Wheels,,,Billboard Top 100 Hits Of 1961 - 037 - String-A-Longs - Wheels.mp3,❓ Poor matches - potentially rare
Billboard Top 100 Hits Of 1961,010 - Dion - Runaround Sue,,,Billboard Top 100 Hits Of 1961 - 010 - Dion - Runaround Sue.mp3,❓ Poor matches - potentially rare
Billboard Top 100 Hits Of 1961,048 - Shep & The Limeliters - Daddy's Home,,,Billboard Top 100 Hits Of 1961 - 048 - Shep & The Limeliters - Daddy's Home.mp3,❌ Not found - likely rare
Billboard Top 100 Hits Of 1961,056 - Clarence Frogman Henry - I Don't Know Why But I Do,,,Billboard Top 100 Hits Of 1961 - 056 - Clarence Frogman Henry - I Don't Know Why But I Do.mp3,❓ Poor matches - potentially rare
Billboard Top 100 Hits Of 1961,007 - Chubby Checker - Pony Time,,,Billboard Top 100 Hits Of 1961 - 007 - Chubby Checker - Pony Time.mp3,❓ Poor matches - potentially rare
Billboard Top 100 Hits Of 1961,044 - Chris Kenner - I Like It Like That,,,Billboard Top 100 Hits Of 1961 - 044 - Chris Kenner - I Like It Like That.mp3,❓ Poor matches - potentially rare
Billboard Top 100 Hits Of 1962,065 - Pat Boone - Speedy Gonzales,,,Billboard Top 100 Hits Of 1962 - 065 - Pat Boone - Speedy Gonzales.mp3,❓ Poor matches - potentially rare
Billboard Top 100 Hits Of 1962,038 - Barbara George - I Know,,,Billboard Top 100 Hits Of 1962 - 038 - Barbara George - I Know.mp3,❓ Poor matches - potentially rare
Billboard Top 100 Hits Of 1962,051 - Highwaymen - Cotton Fields,,,Billboard Top 100 Hits Of 1962 - 051 - Highwaymen - Cotton Fields.mp3,❓ Poor matches - potentially rare
Billboard Top 100 Hits Of 1962,053 - Ray Stevens - Ahab The Arab,,,Billboard Top 100 Hits Of 1962 - 053 - Ray Stevens - Ahab The Arab.mp3,❓ Poor matches - potentially rare
Billboard Top 100 Hits Of 1962,095 - Rick Nelson - Teenage Idol,,,Billboard Top 100 Hits Of 1962 - 095 - Rick Nelson - Teenage Idol.mp3,❌ Not found - likely rare
Billboard Top 100 Hits Of 1962,080 - Roy Orbison - Dream Baby,,,Billboard Top 100 Hits Of 1962 - 080 - Roy Orbison - Dream Baby.mp3,❓ Poor matches - potentially rare
Billboard Top 100 Hits Of 1962,060 - Chris Montez - Let's Dance,,,Billboard Top 100 Hits Of 1962 - 060 - Chris Montez - Let's Dance.mp3,❌ Not found - likely rare
Billboard Top 100 Hits Of 1962,061 - Sam Cooke - Twistin' The Night Away,,,Billboard Top 100 Hits Of 1962 - 061 - Sam Cooke - Twistin' The Night Away.mp3,❓ Poor matches - potentially rare
Billboard Top 100 Hits Of 1962,076 - Mary Wells - The One Who Really Loves You,,,Billboard Top 100 Hits Of 1962 - 076 - Mary Wells - The One Who Really Loves You.mp3,❓ Poor matches - potentially rare
Billboard Top 100 Hits Of 1962,092 - Sammy Davis Jr - What Kind Of Fool Am I,,,Billboard Top 100 Hits Of 1962 - 092 - Sammy Davis Jr - What Kind Of Fool Am I.mp3,❓ Poor matches - potentially rare
Billboard Top 100 Hits Of 1962,094 - Frank Ifield - I Remember You,,,Billboard Top 100 Hits Of 1962 - 094 - Frank Ifield - I Remember You.mp3,❓ Poor matches - potentially rare
Billboard Top 100 Hits Of 1962,099 - Joe Henderson - Snap Your Fingers,,,Billboard Top 100 Hits Of 1962 - 099 - Joe Henderson - Snap Your Fingers.mp3,❓ Poor matches - potentially rare
Billboard Top 100 Hits Of 1962,071 - Marvelettes - Playboy,,,Billboard Top 100 Hits Of 1962 - 071 - Marvelettes - Playboy.mp3,❓ Poor matches - potentially rare
Billboard Top 100 Hits Of 1962,058 - Joanie Sommers - Johnny Get Angry,,,Billboard Top 100 Hits Of 1962 - 058 - Joanie Sommers - Johnny Get Angry.mp3,❓ Poor matches - potentially rare
Billboard Top 100 Hits Of 1962,023 - Nat King Cole - Ramblin' Rose,,,Billboard Top 100 Hits Of 1962 - 023 - Nat King Cole - Ramblin' Rose.mp3,❓ Poor matches - potentially rare
Billboard Top 100 Hits Of 1962,021 - Elvis Presley - Good Luck Charm,,,Billboard Top 100 Hits Of 1962 - 021 - Elvis Presley - Good Luck Charm.mp3,❓ Poor matches - potentially rare
Billboard Top 100 Hits Of 1962,074 - Claudine Clark - Party Lights,,,Billboard Top 100 Hits Of 1962 - 074 - Claudine Clark - Party Lights.mp3,❓ Poor matches - potentially rare
Billboard Top 100 Hits Of 1962,050 - Orlons - Don't Hang Up,,,Billboard Top 100 Hits Of 1962 - 050 - Orlons - Don't Hang Up.mp3,❓ Poor matches - potentially rare
Billboard Top 100 Hits Of 1962,062 - Richard Chamberlain - Theme From Dr. Kildare,,,Billboard Top 100 Hits Of 1962 - 062 - Richard Chamberlain - Theme From Dr. Kildare.mp3,❓ Poor matches - potentially rare
Billboard Top 100 Hits Of 1962,083 - Connie Francis - When The Boy In Your Arms,,,Billboard Top 100 Hits Of 1962 - 083 - Connie Francis - When The Boy In Your Arms.mp3,❌ Not found - likely rare
Billboard Top 100 Hits Of 1962,007 - Mr Acker Bilk - Stranger On The Shore,,,Billboard Top 100 Hits Of 1962 - 007 - Mr Acker Bilk - Stranger On The Shore.mp3,❓ Poor matches - potentially rare
Billboard Top 100 Hits Of 1962,043 - Neil Sedaka - Happy Birthday Sweet Sixteen,,,Billboard Top 100 Hits Of 1962 - 043 - Neil Sedaka - Happy Birthday Sweet Sixteen.mp3,❓ Poor matches - potentially rare
Billboard Top 100 Hits Of 1962,037 - Sue Thompson - Norman,,,Billboard Top 100 Hits Of 1962 - 037 - Sue Thompson - Norman.mp3,❌ Not found - likely rare
Billboard Top 100 Hits Of 1962,016 - Gene Chandlier - Duke Of Earl,,,Billboard Top 100 Hits Of 1962 - 016 - Gene Chandlier - Duke Of Earl.mp3,❌ Not found - likely rare
Billboard Top 100 Hits Of 1962,093 - Jimmy Dean - PT-109,,,Billboard Top 100 Hits Of 1962 - 093 - Jimmy Dean - PT-109.mp3,❌ Not found - likely rare
Billboard Top 100 Hits Of 1962,085 - Little Eva - Keep Your Hands Of My Baby,,,Billboard Top 100 Hits Of 1962 - 085 - Little Eva - Keep Your Hands Of My Baby.mp3,❌ Not found - likely rare
Billboard Top 100 Hits Of 1962,087 - Johnny Mathis - Gina,,,Billboard Top 100 Hits Of 1962 - 087 - Johnny Mathis - Gina.mp3,❌ Not found - likely rare
Billboard Top 100 Hits Of 1962,070 - Clyde McPhatter - Lover Please,,,Billboard Top 100 Hits Of 1962 - 070 - Clyde McPhatter - Lover Please.mp3,❓ Poor matches - potentially rare
Billboard Top 100 Hits Of 1962,046 - Herb Albert & The Tijuana Brass - The Lonely Bull,,,Billboard Top 100 Hits Of 1962 - 046 - Herb Albert & The Tijuana Brass - The Lonely Bull.mp3,❓ Poor matches - potentially rare
Billboard Top 100 Hits Of 1962,012 - Dee Dee Sharp - Mashed Potato Time,,,Billboard Top 100 Hits Of 1962 - 012 - Dee Dee Sharp - Mashed Potato Time.mp3,❓ Poor matches - potentially rare
Billboard Top 100 Hits Of 1962,039 - Brian Hyland - Sealed With A Kiss,,,Billboard Top 100 Hits Of 1962 - 039 - Brian Hyland - Sealed With A Kiss.mp3,❓ Poor matches - potentially rare
Billboard Top 100 Hits Of 1962,006 - Bobby Vinton - Roses Are Red,,,Billboard Top 100 Hits Of 1962 - 006 - Bobby Vinton - Roses Are Red.mp3,❓ Poor matches - potentially rare
Billboard Top 100 Hits Of 1962,024 - Tommy Roe - Shiela,,,Billboard Top 100 Hits Of 1962 - 024 - Tommy Roe - Shiela.mp3,❌ Not found - likely rare
Billboard Top 100 Hits Of 1962,081 - Jimmy Clanton - Venus In Blue Jeans,,,Billboard Top 100 Hits Of 1962 - 081 - Jimmy Clanton - Venus In Blue Jeans.mp3,❓ Poor matches - potentially rare
Billboard Top 100 Hits Of 1962,088 - Ace Cannon - Tuff,,,Billboard Top 100 Hits Of 1962 - 088 - Ace Cannon - Tuff.mp3,❓ Poor matches - potentially rare
Billboard Top 100 Hits Of 1962,096 - Ernie Maresca - Shout Shout Knock Yourself Out,,,Billboard Top 100 Hits Of 1962 - 096 - Ernie Maresca - Shout Shout Knock Yourself Out.mp3,❓ Poor matches - potentially rare
Billboard Top 100 Hits Of 1962,098 - Gary Us Bonds - Twist Twist Senora,,,Billboard Top 100 Hits Of 1962 - 098 - Gary Us Bonds - Twist Twist Senora.mp3,❓ Poor matches - potentially rare
Billboard Top 100 Hits Of 1962,059 - Emilio Pericoli - Al Di La,,,Billboard Top 100 Hits Of 1962 - 059 - Emilio Pericoli - Al Di La.mp3,❓ Poor matches - potentially rare
Billboard Top 100 Hits Of 1962,084 - Bobby Rydell - The Cha Cha Cha,,,Billboard Top 100 Hits Of 1962 - 084 - Bobby Rydell - The Cha Cha Cha.mp3,❌ Not found - likely rare
Billboard Top 100 Hits Of 1962,073 - Joey Dee & The Starliters - Shout,,,Billboard Top 100 Hits Of 1962 - 073 - Joey Dee & The Starliters - Shout.mp3,❓ Poor matches - potentially rare
Billboard Top 100 Hits Of 1962,047 - Gary Us Bonds - Dear Lady Twist,,,Billboard Top 100 Hits Of 1962 - 047 - Gary Us Bonds - Dear Lady Twist.mp3,❓ Poor matches - potentially rare
Billboard Top 100 Hits Of 1962,020 - Niel Sedaka - Breaking Up Is Hard To Do,,,Billboard Top 100 Hits Of 1962 - 020 - Niel Sedaka - Breaking Up Is Hard To Do.mp3,❓ Poor matches - potentially rare
Billboard Top 100 Hits Of 1962,079 - Walter Brennan - Old Rivers,,,Billboard Top 100 Hits Of 1962 - 079 - Walter Brennan - Old Rivers.mp3,❓ Poor matches - potentially rare
Billboard Top 100 Hits Of 1962,010 - Elvis Presley - Return To Sender,,,Billboard Top 100 Hits Of 1962 - 010 - Elvis Presley - Return To Sender.mp3,❓ Poor matches - potentially rare
Billboard Top 100 Hits Of 1962,077 - Dee Dee Sharp - Ride,,,Billboard Top 100 Hits Of 1962 - 077 - Dee Dee Sharp - Ride.mp3,❌ Not found - likely rare
Billboard Top 100 Hits Of 1962,036 - Chubby Checker [With Dee Dee Sharp] - Slow Twistin,,,Billboard Top 100 Hits Of 1962 - 036 - Chubby Checker [With Dee Dee Sharp] - Slow Twistin.mp3,❓ Poor matches - potentially rare
Billboard Top 100 Hits Of 1962,057 - Ketty Lester - Love Letters,,,Billboard Top 100 Hits Of 1962 - 057 - Ketty Lester - Love Letters.mp3,❓ Poor matches - potentially rare
Billboard Top 100 Hits Of 1962,064 - Elvis Presley - She's Not You,,,Billboard Top 100 Hits Of 1962 - 064 - Elvis Presley - She's Not You.mp3,❌ Not found - likely rare
Billboard Top 100 Hits Of 1962,069 - Neil Sedaka - Next Door To An Angel,,,Billboard Top 100 Hits Of 1962 - 069 - Neil Sedaka - Next Door To An Angel.mp3,❌ Not found - likely rare
Billboard Top 100 Hits Of 1962,056 - Shirelles - Baby It's You,,,Billboard Top 100 Hits Of 1962 - 056 - Shirelles - Baby It's You.mp3,❓ Poor matches - potentially rare
Billboard Top 100 Hits Of 1962,075 - Don & Juan - What's Your Name,,,Billboard Top 100 Hits Of 1962 - 075 - Don & Juan - What's Your Name.mp3,❓ Poor matches - potentially rare
Billboard Top 100 Hits Of 1962,086 - Burl Ives - Funny Way Of Laughing,,,Billboard Top 100 Hits Of 1962 - 086 - Burl Ives - Funny Way Of Laughing.mp3,❌ Not found - likely rare
Billboard Top 100 Hits Of 1962,072 - Little Esther Phillips - Release Me,,,Billboard Top 100 Hits Of 1962 - 072 - Little Esther Phillips - Release Me.mp3,❌ Not found - likely rare
Billboard Top 100 Hits Of 1962,089 - Isley Brothers - Twist And Shout,,,Billboard Top 100 Hits Of 1962 - 089 - Isley Brothers - Twist And Shout.mp3,❓ Poor matches - potentially rare
Billboard Top 100 Hits Of 1962,091 - Corsairs - Smokey Places,,,Billboard Top 100 Hits Of 1962 - 091 - Corsairs - Smokey Places.mp3,❓ Poor matches - potentially rare
Billboard Top 100 Hits Of 1963,076 - Crystals - And Then He Kissed Me,,,Billboard Top 100 Hits Of 1963 - 076 - Crystals - And Then He Kissed Me.mp3,❓ Poor matches - potentially rare
Billboard Top 100 Hits Of 1963,060 - Shirelles - Foolish Little Girl,,,Billboard Top 100 Hits Of 1963 - 060 - Shirelles - Foolish Little Girl.mp3,❓ Poor matches - potentially rare
Billboard Top 100 Hits Of 1963,083 - Dion Dimucci - Drip Drop,,,Billboard Top 100 Hits Of 1963 - 083 - Dion Dimucci - Drip Drop.mp3,❌ Not found - likely rare
Billboard Top 100 Hits Of 1963,086 - Kai Winding - More,,,Billboard Top 100 Hits Of 1963 - 086 - Kai Winding - More.mp3,❓ Poor matches - potentially rare
Billboard Top 100 Hits Of 1963,053 - Garnet Mimms And The Enchanters - Cry Baby,,,Billboard Top 100 Hits Of 1963 - 053 - Garnet Mimms And The Enchanters - Cry Baby.mp3,❓ Poor matches - potentially rare
Billboard Top 100 Hits Of 1963,005 - Paul And Paula - Hey Paula,,,Billboard Top 100 Hits Of 1963 - 005 - Paul And Paula - Hey Paula.mp3,❓ Poor matches - potentially rare
Billboard Top 100 Hits Of 1963,065 - Skeeter Davis - I Can't Stay Mad At You,,,Billboard Top 100 Hits Of 1963 - 065 - Skeeter Davis - I Can't Stay Mad At You.mp3,❓ Poor matches - potentially rare
Billboard Top 100 Hits Of 1963,030 - Jimmy Soul - If You Wanna Be Happy,,,Billboard Top 100 Hits Of 1963 - 030 - Jimmy Soul - If You Wanna Be Happy.mp3,❓ Poor matches - potentially rare
Billboard Top 100 Hits Of 1963,094 - Johnny Thunder - Loop De Loop,,,Billboard Top 100 Hits Of 1963 - 094 - Johnny Thunder - Loop De Loop.mp3,❌ Not found - likely rare
Billboard Top 100 Hits Of 1963,080 - Mary Wells - Two Lovers,,,Billboard Top 100 Hits Of 1963 - 080 - Mary Wells - Two Lovers.mp3,❓ Poor matches - potentially rare
Billboard Top 100 Hits Of 1963,024 - Trini Lopez - If I Had A Hammer,,,Billboard Top 100 Hits Of 1963 - 024 - Trini Lopez - If I Had A Hammer.mp3,❓ Poor matches - potentially rare
Billboard Top 100 Hits Of 1963,098 - Kingston Trio - Reverend Mr. Black,,,Billboard Top 100 Hits Of 1963 - 098 - Kingston Trio - Reverend Mr. Black.mp3,❓ Poor matches - potentially rare
Billboard Top 100 Hits Of 1963,089 - Ray Charles - Take These Chains From My Heart,,,Billboard Top 100 Hits Of 1963 - 089 - Ray Charles - Take These Chains From My Heart.mp3,❓ Poor matches - potentially rare
Billboard Top 100 Hits Of 1963,091 - Dion & The Belmonts - Donna The Prima Donna,,,Billboard Top 100 Hits Of 1963 - 091 - Dion & The Belmonts - Donna The Prima Donna.mp3,❌ Not found - likely rare
Billboard Top 100 Hits Of 1963,070 - Elvis Presley - You're The Devil In Disguise,,,Billboard Top 100 Hits Of 1963 - 070 - Elvis Presley - You're The Devil In Disguise.mp3,❓ Poor matches - potentially rare
Billboard Top 100 Hits Of 1963,066 - Rufus Thomas - Walkin The Dog,,,Billboard Top 100 Hits Of 1963 - 066 - Rufus Thomas - Walkin The Dog.mp3,❓ Poor matches - potentially rare
Billboard Top 100 Hits Of 1963,099 - Marvin Gaye - Pride And Joy,,,Billboard Top 100 Hits Of 1963 - 099 - Marvin Gaye - Pride And Joy.mp3,❓ Poor matches - potentially rare
Billboard Top 100 Hits Of 1963,008 - Angles - My Boyfriend's Back,,,Billboard Top 100 Hits Of 1963 - 008 - Angles - My Boyfriend's Back.mp3,❓ Poor matches - potentially rare
Billboard Top 100 Hits Of 1963,061 - Paul Petersen - My Dad,,,Billboard Top 100 Hits Of 1963 - 061 - Paul Petersen - My Dad.mp3,❌ Not found - likely rare
Billboard Top 100 Hits Of 1963,019 - Cascades - Rhythm Of The Rain,,,Billboard Top 100 Hits Of 1963 - 019 - Cascades - Rhythm Of The Rain.mp3,❓ Poor matches - potentially rare
Billboard Top 100 Hits Of 1963,077 - Nat King Cole - Those Lazy-Hazy Days Of Summer,,,Billboard Top 100 Hits Of 1963 - 077 - Nat King Cole - Those Lazy-Hazy Days Of Summer.mp3,❓ Poor matches - potentially rare
Billboard Top 100 Hits Of 1963,073 - Jackie Wilson - Baby Workout,,,Billboard Top 100 Hits Of 1963 - 073 - Jackie Wilson - Baby Workout.mp3,❓ Poor matches - potentially rare
Billboard Top 100 Hits Of 1963,097 - Les Cooper - Wiggle Wobble,,,Billboard Top 100 Hits Of 1963 - 097 - Les Cooper - Wiggle Wobble.mp3,❌ Not found - likely rare
Billboard Top 100 Hits Of 1963,058 - Caravelles - You Don't Have To Be A Baby,,,Billboard Top 100 Hits Of 1963 - 058 - Caravelles - You Don't Have To Be A Baby.mp3,❌ Not found - likely rare
Billboard Top 100 Hits Of 1963,021 - Bobby Vee - The Night Has A Thousand Eyes,,,Billboard Top 100 Hits Of 1963 - 021 - Bobby Vee - The Night Has A Thousand Eyes.mp3,❓ Poor matches - potentially rare
Billboard Top 100 Hits Of 1963,082 - Ned Miller - From A Jack To A King,,,Billboard Top 100 Hits Of 1963 - 082 - Ned Miller - From A Jack To A King.mp3,❓ Poor matches - potentially rare
Billboard Top 100 Hits Of 1963,069 - Randy And The Rainbows - Denise,,,Billboard Top 100 Hits Of 1963 - 069 - Randy And The Rainbows - Denise.mp3,❓ Poor matches - potentially rare
Billboard Top 100 Hits Of 1963,063 - Miracles - You've Really Got A Hold On Me,,,Billboard Top 100 Hits Of 1963 - 063 - Miracles - You've Really Got A Hold On Me.mp3,❓ Poor matches - potentially rare
Billboard Top 100 Hits Of 1963,034 - Ronettes - Be My Baby,,,Billboard Top 100 Hits Of 1963 - 034 - Ronettes - Be My Baby.mp3,❓ Poor matches - potentially rare
Billboard Top 100 Hits Of 1963,035 - Surfaris - Wipe Out,,,Billboard Top 100 Hits Of 1963 - 035 - Surfaris - Wipe Out.mp3,❓ Poor matches - potentially rare
Billboard Top 100 Hits Of 1963,006 - Steve Lawrence - Go Away Little Girl,,,Billboard Top 100 Hits Of 1963 - 006 - Steve Lawrence - Go Away Little Girl.mp3,❓ Poor matches - potentially rare
Billboard Top 100 Hits Of 1963,020 - Skeeter Davis - The End Of The World,,,Billboard Top 100 Hits Of 1963 - 020 - Skeeter Davis - The End Of The World.mp3,❓ Poor matches - potentially rare
Billboard Top 100 Hits Of 1963,037 - Martha Reeves & The Vandellas - Heat Wave,,,Billboard Top 100 Hits Of 1963 - 037 - Martha Reeves & The Vandellas - Heat Wave.mp3,❌ Not found - likely rare
Billboard Top 100 Hits Of 1963,095 - Cookies - Don't Say Nothin' Bad [About My Baby],,,Billboard Top 100 Hits Of 1963 - 095 - Cookies - Don't Say Nothin' Bad [About My Baby].mp3,❓ Poor matches - potentially rare
Billboard Top 100 Hits Of 1963,081 - Los Indios Tabajaras - Maria Elena,,,Billboard Top 100 Hits Of 1963 - 081 - Los Indios Tabajaras - Maria Elena.mp3,❓ Poor matches - potentially rare
Billboard Top 100 Hits Of 1963,062 - Charles & Inez Foxx - Mockingbird,,,Billboard Top 100 Hits Of 1963 - 062 - Charles & Inez Foxx - Mockingbird.mp3,❓ Poor matches - potentially rare
Billboard Top 100 Hits Of 1963,087 - Bobby Soxx & The Blue Jeans - Zip-A-Dee Doo-Dah,,,Billboard Top 100 Hits Of 1963 - 087 - Bobby Soxx & The Blue Jeans - Zip-A-Dee Doo-Dah.mp3,❌ Not found - likely rare
Billboard Top 100 Hits Of 1963,072 - Roy Orbison - Mean Woman Blues,,,Billboard Top 100 Hits Of 1963 - 072 - Roy Orbison - Mean Woman Blues.mp3,❓ Poor matches - potentially rare
Billboard Top 100 Hits Of 1963,012 - Dale & Grace - I'm Leaving It All Up To You,,,Billboard Top 100 Hits Of 1963 - 012 - Dale & Grace - I'm Leaving It All Up To You.mp3,❓ Poor matches - potentially rare
Billboard Top 100 Hits Of 1963,079 - Johnny Mathis - What Will My Mary Say,,,Billboard Top 100 Hits Of 1963 - 079 - Johnny Mathis - What Will My Mary Say.mp3,❓ Poor matches - potentially rare
Billboard Top 100 Hits Of 1963,040 - Lesley Gore - She's A Fool,,,Billboard Top 100 Hits Of 1963 - 040 - Lesley Gore - She's A Fool.mp3,❓ Poor matches - potentially rare
Billboard Top 100 Hits Of 1963,064 - Rockin Rebels - Wild Weekend,,,Billboard Top 100 Hits Of 1963 - 064 - Rockin Rebels - Wild Weekend.mp3,❓ Poor matches - potentially rare
Billboard Top 100 Hits Of 1963,025 - Nino Tempo & April Stevens - Deep Purple,,,Billboard Top 100 Hits Of 1963 - 025 - Nino Tempo & April Stevens - Deep Purple.mp3,❓ Poor matches - potentially rare
Billboard Top 100 Hits Of 1964,080 - Hondells - Little Honda,,,Billboard Top 100 Hits Of 1964 - 080 - Hondells - Little Honda.mp3,❓ Poor matches - potentially rare
Billboard Top 100 Hits Of 1964,028 - Lorne Greene - Ringo,,,Billboard Top 100 Hits Of 1964 - 028 - Lorne Greene - Ringo.mp3,❓ Poor matches - potentially rare
Billboard Top 100 Hits Of 1964,053 - Ronny & The Daytonas - Little Gto,,,Billboard Top 100 Hits Of 1964 - 053 - Ronny & The Daytonas - Little Gto.mp3,❓ Poor matches - potentially rare
Billboard Top 100 Hits Of 1964,072 - Rivieras - California Sun,,,Billboard Top 100 Hits Of 1964 - 072 - Rivieras - California Sun.mp3,❌ Not found - likely rare
Billboard Top 100 Hits Of 1964,046 - Rip Cords - Hey Little Cobra,,,Billboard Top 100 Hits Of 1964 - 046 - Rip Cords - Hey Little Cobra.mp3,❓ Poor matches - potentially rare
Billboard Top 100 Hits Of 1964,007 - Bobby Vinton - There I've Said It Again,,,Billboard Top 100 Hits Of 1964 - 007 - Bobby Vinton - There I've Said It Again.mp3,❓ Poor matches - potentially rare
Billboard Top 100 Hits Of 1964,060 - Betty Everett - The Shoop Shoop Song,,,Billboard Top 100 Hits Of 1964 - 060 - Betty Everett - The Shoop Shoop Song.mp3,❓ Poor matches - potentially rare
Billboard Top 100 Hits Of 1964,024 - Newbeats - Bread & Butter,,,Billboard Top 100 Hits Of 1964 - 024 - Newbeats - Bread & Butter.mp3,❓ Poor matches - potentially rare
Billboard Top 100 Hits Of 1964,064 - Major Lance - Um Um Um Um Um Um,,,Billboard Top 100 Hits Of 1964 - 064 - Major Lance - Um Um Um Um Um Um.mp3,❓ Poor matches - potentially rare
Billboard Top 100 Hits Of 1964,012 - Dean Martin - Everybody Loves Somebody,,,Billboard Top 100 Hits Of 1964 - 012 - Dean Martin - Everybody Loves Somebody.mp3,❓ Poor matches - potentially rare
Billboard Top 100 Hits Of 1964,077 - Johnny Tillotson - Talk Back Trembling Lips,,,Billboard Top 100 Hits Of 1964 - 077 - Johnny Tillotson - Talk Back Trembling Lips.mp3,❌ Not found - likely rare
Billboard Top 100 Hits Of 1964,030 - Bobby Rydell - Forget Him,,,Billboard Top 100 Hits Of 1964 - 030 - Bobby Rydell - Forget Him.mp3,❓ Poor matches - potentially rare
Billboard Top 100 Hits Of 1964,052 - Serendipity Singers - Don't Let The Rain Come Down,,,Billboard Top 100 Hits Of 1964 - 052 - Serendipity Singers - Don't Let The Rain Come Down.mp3,❓ Poor matches - potentially rare
Billboard Top 100 Hits Of 1964,094 - Jan & Dean - Drag City,,,Billboard Top 100 Hits Of 1964 - 094 - Jan & Dean - Drag City.mp3,❓ Poor matches - potentially rare
Billboard Top 100 Hits Of 1964,098 - Roger Miller - Chug-A-Lug,,,Billboard Top 100 Hits Of 1964 - 098 - Roger Miller - Chug-A-Lug.mp3,❓ Poor matches - potentially rare
Billboard Top 100 Hits Of 1964,063 - Beatles - Do You Want To Know A Secret,,,Billboard Top 100 Hits Of 1964 - 063 - Beatles - Do You Want To Know A Secret.mp3,❓ Poor matches - potentially rare
Billboard Top 100 Hits Of 1964,083 - Kingsmen - Money,,,Billboard Top 100 Hits Of 1964 - 083 - Kingsmen - Money.mp3,❓ Poor matches - potentially rare
Billboard Top 100 Hits Of 1964,061 - Honeycombs - Have I The Right,,,Billboard Top 100 Hits Of 1964 - 061 - Honeycombs - Have I The Right.mp3,❓ Poor matches - potentially rare
Billboard Top 100 Hits Of 1964,073 - Beach Boys - Fun Fun Fun,,,Billboard Top 100 Hits Of 1964 - 073 - Beach Boys - Fun Fun Fun.mp3,❓ Poor matches - potentially rare
Billboard Top 100 Hits Of 1964,057 - Gerry And The Pacemakers - Don't Let The Sun Catch You Crying,,,Billboard Top 100 Hits Of 1964 - 057 - Gerry And The Pacemakers - Don't Let The Sun Catch You Crying.mp3,❓ Poor matches - potentially rare
Billboard Top 100 Hits Of 1964,037 - Murmaids - Popcicles Icicles,,,Billboard Top 100 Hits Of 1964 - 037 - Murmaids - Popcicles Icicles.mp3,❌ Not found - likely rare
Billboard Top 100 Hits Of 1964,065 - Herman's Hermits - Into Something Good,,,Billboard Top 100 Hits Of 1964 - 065 - Herman's Hermits - Into Something Good.mp3,❓ Poor matches - potentially rare
Billboard Top 100 Hits Of 1964,082 - Joey Power - Midnight Mary,,,Billboard Top 100 Hits Of 1964 - 082 - Joey Power - Midnight Mary.mp3,❓ Poor matches - potentially rare
Billboard Top 100 Hits Of 1964,079 - Shirley Ellis - The Nitty Gritty,,,Billboard Top 100 Hits Of 1964 - 079 - Shirley Ellis - The Nitty Gritty.mp3,❌ Not found - likely rare
Billboard Top 100 Hits Of 1964,070 - Stan Getz - The Girl From Ipanema,,,Billboard Top 100 Hits Of 1964 - 070 - Stan Getz - The Girl From Ipanema.mp3,❓ Poor matches - potentially rare
Billboard Top 100 Hits Of 1964,067 - Marketts - Out Of Limits,,,Billboard Top 100 Hits Of 1964 - 067 - Marketts - Out Of Limits.mp3,❓ Poor matches - potentially rare
Billboard Top 100 Hits Of 1964,096 - Al Martino - I Love You More And More Every Day,,,Billboard Top 100 Hits Of 1964 - 096 - Al Martino - I Love You More And More Every Day.mp3,❓ Poor matches - potentially rare
Billboard Top 100 Hits Of 1964,068 - Bobby Freeman - C'mon And Swim,,,Billboard Top 100 Hits Of 1964 - 068 - Bobby Freeman - C'mon And Swim.mp3,❓ Poor matches - potentially rare
Billboard Top 100 Hits Of 1964,058 - Jerry Butler W Betty Everet - Let It Be Me,,,Billboard Top 100 Hits Of 1964 - 058 - Jerry Butler W Betty Everet - Let It Be Me.mp3,❌ Not found - likely rare
Billboard Top 100 Hits Of 1964,020 - Four Seasons - Rag Doll,,,Billboard Top 100 Hits Of 1964 - 020 - Four Seasons - Rag Doll.mp3,❓ Poor matches - potentially rare
Billboard Top 100 Hits Of 1964,097 - Brenda Lee - As Usual,,,Billboard Top 100 Hits Of 1964 - 097 - Brenda Lee - As Usual.mp3,❌ Not found - likely rare
Billboard Top 100 Hits Of 1964,085 - Gene Pitney - I'm Gonna Be Strong,,,Billboard Top 100 Hits Of 1964 - 085 - Gene Pitney - I'm Gonna Be Strong.mp3,❌ Not found - likely rare
Billboard Top 100 Hits Of 1964,059 - Jan & Dean - Dead Man's Curve,,,Billboard Top 100 Hits Of 1964 - 059 - Jan & Dean - Dead Man's Curve.mp3,❓ Poor matches - potentially rare
Billboard Top 100 Hits Of 1965,091 - Zombies - Tell Her No,,,Billboard Top 100 Hits Of 1965 - 091 - Zombies - Tell Her No.mp3,❓ Poor matches - potentially rare
Billboard Top 100 Hits Of 1965,020 - Ramsey Lewis - The In Crowd,,,Billboard Top 100 Hits Of 1965 - 020 - Ramsey Lewis - The In Crowd.mp3,❓ Poor matches - potentially rare
Billboard Top 100 Hits Of 1965,071 - Bert Kaempfert - Red Roses For A Blue Lady,,,Billboard Top 100 Hits Of 1965 - 071 - Bert Kaempfert - Red Roses For A Blue Lady.mp3,❌ Not found - likely rare
Billboard Top 100 Hits Of 1965,089 - Sam Cook - Shake,,,Billboard Top 100 Hits Of 1965 - 089 - Sam Cook - Shake.mp3,❓ Poor matches - potentially rare
Billboard Top 100 Hits Of 1965,037 - Toys - A Lover's Concerto,,,Billboard Top 100 Hits Of 1965 - 037 - Toys - A Lover's Concerto.mp3,❌ Not found - likely rare
Billboard Top 100 Hits Of 1965,070 - Sounds Orchestral - Cast Your Fate To The Wind,,,Billboard Top 100 Hits Of 1965 - 070 - Sounds Orchestral - Cast Your Fate To The Wind.mp3,❓ Poor matches - potentially rare
Billboard Top 100 Hits Of 1965,060 - Hermin's Hermits - Wonderful World,,,Billboard Top 100 Hits Of 1965 - 060 - Hermin's Hermits - Wonderful World.mp3,❓ Poor matches - potentially rare
Billboard Top 100 Hits Of 1965,052 - Shirley Ellis - The Name Game,,,Billboard Top 100 Hits Of 1965 - 052 - Shirley Ellis - The Name Game.mp3,❓ Poor matches - potentially rare
Billboard Top 100 Hits Of 1965,058 - Johnny Rivers - Seventh Son,,,Billboard Top 100 Hits Of 1965 - 058 - Johnny Rivers - Seventh Son.mp3,❓ Poor matches - potentially rare
Billboard Top 100 Hits Of 1965,055 - Fontella Bass - Rescue Me,,,Billboard Top 100 Hits Of 1965 - 055 - Fontella Bass - Rescue Me.mp3,❓ Poor matches - potentially rare
Billboard Top 100 Hits Of 1965,066 - Marvin Gaye - Ain't That Peculiar,,,Billboard Top 100 Hits Of 1965 - 066 - Marvin Gaye - Ain't That Peculiar.mp3,❓ Poor matches - potentially rare
Billboard Top 100 Hits Of 1965,072 - James Brown - Papa's Got A Brand New Bag,,,Billboard Top 100 Hits Of 1965 - 072 - James Brown - Papa's Got A Brand New Bag.mp3,❓ Poor matches - potentially rare
Billboard Top 100 Hits Of 1965,082 - Dave Clark Five - Catch Us If You Can,,,Billboard Top 100 Hits Of 1965 - 082 - Dave Clark Five - Catch Us If You Can.mp3,❓ Poor matches - potentially rare
Billboard Top 100 Hits Of 1965,007 - Four Tops - I Can't Help Myself,,,Billboard Top 100 Hits Of 1965 - 007 - Four Tops - I Can't Help Myself.mp3,❓ Poor matches - potentially rare
Billboard Top 100 Hits Of 1965,078 - Glenn Yarborough - Baby The Rain Must Fall,,,Billboard Top 100 Hits Of 1965 - 078 - Glenn Yarborough - Baby The Rain Must Fall.mp3,❓ Poor matches - potentially rare
Billboard Top 100 Hits Of 1965,064 - Gary Lewis & The Playboys - Everybody Loves A Clown,,,Billboard Top 100 Hits Of 1965 - 064 - Gary Lewis & The Playboys - Everybody Loves A Clown.mp3,❌ Not found - likely rare
Billboard Top 100 Hits Of 1965,045 - Supremes - Back In My Arms Again,,,Billboard Top 100 Hits Of 1965 - 045 - Supremes - Back In My Arms Again.mp3,❓ Poor matches - potentially rare
Billboard Top 100 Hits Of 1965,048 - Del Shannon - Keep Searching,,,Billboard Top 100 Hits Of 1965 - 048 - Del Shannon - Keep Searching.mp3,❓ Poor matches - potentially rare
Billboard Top 100 Hits Of 1965,093 - Roger Miller - England Swings,,,Billboard Top 100 Hits Of 1965 - 093 - Roger Miller - England Swings.mp3,❌ Not found - likely rare
Billboard Top 100 Hits Of 1965,065 - Marvin Gaye - How Sweet It Is,,,Billboard Top 100 Hits Of 1965 - 065 - Marvin Gaye - How Sweet It Is.mp3,❓ Poor matches - potentially rare
Billboard Top 100 Hits Of 1965,085 - Robert Goulet - My Love Forgive Me,,,Billboard Top 100 Hits Of 1965 - 085 - Robert Goulet - My Love Forgive Me.mp3,❌ Not found - likely rare
Billboard Top 100 Hits Of 1965,035 - Jerk - The Jerk,,,Billboard Top 100 Hits Of 1965 - 035 - Jerk - The Jerk.mp3,❓ Poor matches - potentially rare
Billboard Top 100 Hits Of 1965,051 - Manfred Mann - Sha La La,,,Billboard Top 100 Hits Of 1965 - 051 - Manfred Mann - Sha La La.mp3,❓ Poor matches - potentially rare
Billboard Top 100 Hits Of 1965,079 - Gary Lewis & Playboys - Save Your Heart For Me,,,Billboard Top 100 Hits Of 1965 - 079 - Gary Lewis & Playboys - Save Your Heart For Me.mp3,❓ Poor matches - potentially rare
Billboard Top 100 Hits Of 1965,024 - James Brown - I Got You,,,Billboard Top 100 Hits Of 1965 - 024 - James Brown - I Got You.mp3,❓ Poor matches - potentially rare
Billboard Top 100 Hits Of 1965,094 - Beau Brummels - Just A Little,,,Billboard Top 100 Hits Of 1965 - 094 - Beau Brummels - Just A Little.mp3,❓ Poor matches - potentially rare
Billboard Top 100 Hits Of 1965,097 - Curtis Mayfield & Impressions - Amen,,,Billboard Top 100 Hits Of 1965 - 097 - Curtis Mayfield & Impressions - Amen.mp3,❌ Not found - likely rare
Billboard Top 100 Hits Of 1965,050 - Mel Carter - Hold Me Thrill Me Kiss Me,,,Billboard Top 100 Hits Of 1965 - 050 - Mel Carter - Hold Me Thrill Me Kiss Me.mp3,❓ Poor matches - potentially rare
Billboard Top 100 Hits Of 1965,059 - Beach Boys - California Girls,,,Billboard Top 100 Hits Of 1965 - 059 - Beach Boys - California Girls.mp3,❓ Poor matches - potentially rare
Billboard Top 100 Hits Of 1965,021 - McCoys - Hang On Sloopy,,,Billboard Top 100 Hits Of 1965 - 021 - McCoys - Hang On Sloopy.mp3,❓ Poor matches - potentially rare
Billboard Top 100 Hits Of 1965,088 - Ian Whitcomb - You Turn Me On,,,Billboard Top 100 Hits Of 1965 - 088 - Ian Whitcomb - You Turn Me On.mp3,❓ Poor matches - potentially rare
Billboard Top 100 Hits Of 1965,080 - Eddie Arnold - Make The World Go Away,,,Billboard Top 100 Hits Of 1965 - 080 - Eddie Arnold - Make The World Go Away.mp3,❌ Not found - likely rare
Billboard Top 100 Hits Of 1965,098 - Patti Page - Hush Hush Sweet Charlotte,,,Billboard Top 100 Hits Of 1965 - 098 - Patti Page - Hush Hush Sweet Charlotte.mp3,❌ Not found - likely rare
Billboard Top 100 Hits Of 1965,077 - Yardbirds - Heart Full Of Soul,,,Billboard Top 100 Hits Of 1965 - 077 - Yardbirds - Heart Full Of Soul.mp3,❓ Poor matches - potentially rare
Billboard Top 100 Hits Of 1965,054 - Petula Clark - I Know A Place,,,Billboard Top 100 Hits Of 1965 - 054 - Petula Clark - I Know A Place.mp3,❓ Poor matches - potentially rare
Billboard Top 100 Hits Of 1965,047 - Gentrys - Keep On Dancin',,,Billboard Top 100 Hits Of 1965 - 047 - Gentrys - Keep On Dancin'.mp3,❌ Not found - likely rare
Billboard Top 100 Hits Of 1965,096 - Peter & Gordon - I Go To Pieces,,,Billboard Top 100 Hits Of 1965 - 096 - Peter & Gordon - I Go To Pieces.mp3,❓ Poor matches - potentially rare
Billboard Top 100 Hits Of 1966,063 - Jackie Lee - The Duck,,,Billboard Top 100 Hits Of 1966 - 063 - Jackie Lee - The Duck.mp3,❌ Not found - likely rare
Billboard Top 100 Hits Of 1966,093 - Roger Miller - England Swings,,,Billboard Top 100 Hits Of 1966 - 093 - Roger Miller - England Swings.mp3,❌ Not found - likely rare
Billboard Top 100 Hits Of 1966,088 - The Shadows Of Knight - Gloria,,,Billboard Top 100 Hits Of 1966 - 088 - The Shadows Of Knight - Gloria.mp3,❓ Poor matches - potentially rare
Billboard Top 100 Hits Of 1966,086 - Joe Cuba Sextet - Bang Bang [Instrumental],,,Billboard Top 100 Hits Of 1966 - 086 - Joe Cuba Sextet - Bang Bang [Instrumental].mp3,❌ Not found - likely rare
Billboard Top 100 Hits Of 1966,079 - Gary Lewis & The Playboys - She's Just My Style,,,Billboard Top 100 Hits Of 1966 - 079 - Gary Lewis & The Playboys - She's Just My Style.mp3,❓ Poor matches - potentially rare
Billboard Top 100 Hits Of 1966,020 - The Crykle - Red Rubber Ball,,,Billboard Top 100 Hits Of 1966 - 020 - The Crykle - Red Rubber Ball.mp3,❓ Poor matches - potentially rare
Billboard Top 100 Hits Of 1966,099 - The Silkie - You've Got To Hide Your Love Away,,,Billboard Top 100 Hits Of 1966 - 099 - The Silkie - You've Got To Hide Your Love Away.mp3,❌ Not found - likely rare
Billboard Top 100 Hits Of 1966,057 - The Critters - Younger Girl,,,Billboard Top 100 Hits Of 1966 - 057 - The Critters - Younger Girl.mp3,❓ Poor matches - potentially rare
Billboard Top 100 Hits Of 1966,058 - Robert Parker - Barefootin',,,Billboard Top 100 Hits Of 1966 - 058 - Robert Parker - Barefootin'.mp3,❓ Poor matches - potentially rare
Billboard Top 100 Hits Of 1966,077 - Count Five - Psychotic Reaction,,,Billboard Top 100 Hits Of 1966 - 077 - Count Five - Psychotic Reaction.mp3,❓ Poor matches - potentially rare
Billboard Top 100 Hits Of 1966,012 - Simon & Garfunkel - Sounds Of Silence,,,Billboard Top 100 Hits Of 1966 - 012 - Simon & Garfunkel - Sounds Of Silence.mp3,❓ Poor matches - potentially rare
Billboard Top 100 Hits Of 1966,085 - Diana Ross & The Supremes - My World Is Empty Without You,,,Billboard Top 100 Hits Of 1966 - 085 - Diana Ross & The Supremes - My World Is Empty Without You.mp3,❌ Not found - likely rare
Billboard Top 100 Hits Of 1966,069 - Johnny Rivers - Poor Side Of Town,,,Billboard Top 100 Hits Of 1966 - 069 - Johnny Rivers - Poor Side Of Town.mp3,❓ Poor matches - potentially rare
Billboard Top 100 Hits Of 1966,024 - The Rolling Stones - 19th Nervous Breakdown,,,Billboard Top 100 Hits Of 1966 - 024 - The Rolling Stones - 19th Nervous Breakdown.mp3,❓ Poor matches - potentially rare
Billboard Top 100 Hits Of 1966,060 - The Outsiders - Time Won't Let Me,,,Billboard Top 100 Hits Of 1966 - 060 - The Outsiders - Time Won't Let Me.mp3,❓ Poor matches - potentially rare
Billboard Top 100 Hits Of 1966,076 - The Wonder Who - Don't Think Twice,,,Billboard Top 100 Hits Of 1966 - 076 - The Wonder Who - Don't Think Twice.mp3,❓ Poor matches - potentially rare
Billboard Top 100 Hits Of 1966,072 - Herman's Hermits - Listen People,,,Billboard Top 100 Hits Of 1966 - 072 - Herman's Hermits - Listen People.mp3,❌ Not found - likely rare
Billboard Top 100 Hits Of 1966,064 - Peter & Gordon - Lady Godiva,,,Billboard Top 100 Hits Of 1966 - 064 - Peter & Gordon - Lady Godiva.mp3,❓ Poor matches - potentially rare
Billboard Top 100 Hits Of 1966,068 - Len Berry - 1 2 3,,,Billboard Top 100 Hits Of 1966 - 068 - Len Berry - 1 2 3.mp3,❓ Poor matches - potentially rare
Billboard Top 100 Hits Of 1966,073 - Syndicate Of Sound - Little Girl,,,Billboard Top 100 Hits Of 1966 - 073 - Syndicate Of Sound - Little Girl.mp3,❌ Not found - likely rare
Billboard Top 100 Hits Of 1966,084 - The Marvelettes - Don't Mess With Bill,,,Billboard Top 100 Hits Of 1966 - 084 - The Marvelettes - Don't Mess With Bill.mp3,❓ Poor matches - potentially rare
Billboard Top 100 Hits Of 1966,046 - The Critters - Mr Dyingly Sad,,,Billboard Top 100 Hits Of 1966 - 046 - The Critters - Mr Dyingly Sad.mp3,❌ Not found - likely rare
Billboard Top 100 Hits Of 1966,037 - Beach Boys - Good Vibrations,,,Billboard Top 100 Hits Of 1966 - 037 - Beach Boys - Good Vibrations.mp3,❓ Poor matches - potentially rare
Billboard Top 100 Hits Of 1966,065 - Crispian St Peters - The Pied Piper,,,Billboard Top 100 Hits Of 1966 - 065 - Crispian St Peters - The Pied Piper.mp3,❓ Poor matches - potentially rare
Billboard Top 100 Hits Of 1966,059 - The Four Seasons - I've Got You Under My Skin,,,Billboard Top 100 Hits Of 1966 - 059 - The Four Seasons - I've Got You Under My Skin.mp3,❌ Not found - likely rare
Billboard Top 100 Hits Of 1966,070 - Bob Lind - Elusive Butterfly,,,Billboard Top 100 Hits Of 1966 - 070 - Bob Lind - Elusive Butterfly.mp3,❓ Poor matches - potentially rare
Billboard Top 100 Hits Of 1966,095 - Mike Douglas - The Men In My Little Girl's Life,,,Billboard Top 100 Hits Of 1966 - 095 - Mike Douglas - The Men In My Little Girl's Life.mp3,❓ Poor matches - potentially rare
Billboard Top 100 Hits Of 1966,066 - Jimmy Ruffin - What Becomes Of The Brokenhearted,,,Billboard Top 100 Hits Of 1966 - 066 - Jimmy Ruffin - What Becomes Of The Brokenhearted.mp3,❓ Poor matches - potentially rare
Billboard Top 100 Hits Of 1967,070 - Grass Roots - Let's Live For Today,,,Billboard Top 100 Hits Of 1967 - 070 - Grass Roots - Let's Live For Today.mp3,❓ Poor matches - potentially rare
Billboard Top 100 Hits Of 1967,"091 - Peter, Paul & Mary - I Dig Rock & Roll Music",,,"Billboard Top 100 Hits Of 1967 - 091 - Peter, Paul & Mary - I Dig Rock & Roll Music.mp3",❓ Poor matches - potentially rare
Billboard Top 100 Hits Of 1967,077 - James Brown & The Famous Flames - Cold Sweat,,,Billboard Top 100 Hits Of 1967 - 077 - James Brown & The Famous Flames - Cold Sweat.mp3,❓ Poor matches - potentially rare
Billboard Top 100 Hits Of 1967,065 - Blues Magoos - Nothin Yet,,,Billboard Top 100 Hits Of 1967 - 065 - Blues Magoos - Nothin Yet.mp3,❓ Poor matches - potentially rare
Billboard Top 100 Hits Of 1967,058 - Five Americans - Western Union,,,Billboard Top 100 Hits Of 1967 - 058 - Five Americans - Western Union.mp3,❓ Poor matches - potentially rare
Billboard Top 100 Hits Of 1967,"047 - 5th Dimension - Up, Up & Away",,,"Billboard Top 100 Hits Of 1967 - 047 - 5th Dimension - Up, Up & Away.mp3",❌ Not found - likely rare
Billboard Top 100 Hits Of 1967,"021 - Jay & The Techniques - Apples, Peaches, Pumpkin Pie",,,"Billboard Top 100 Hits Of 1967 - 021 - Jay & The Techniques - Apples, Peaches, Pumpkin Pie.mp3",❓ Poor matches - potentially rare
Billboard Top 100 Hits Of 1967,099 - Petula Clark - Don't Sleep In The Subway,,,Billboard Top 100 Hits Of 1967 - 099 - Petula Clark - Don't Sleep In The Subway.mp3,❌ Not found - likely rare
Billboard Top 100 Hits Of 1967,085 - Janis Ian - Societys Child,,,Billboard Top 100 Hits Of 1967 - 085 - Janis Ian - Societys Child.mp3,❓ Poor matches - potentially rare
Billboard Top 100 Hits Of 1967,059 - Aretha Franklin - Baby I Love You,,,Billboard Top 100 Hits Of 1967 - 059 - Aretha Franklin - Baby I Love You.mp3,❓ Poor matches - potentially rare
Billboard Top 100 Hits Of 1967,073 - Wilson Picket - Funky Broadway,,,Billboard Top 100 Hits Of 1967 - 073 - Wilson Picket - Funky Broadway.mp3,❓ Poor matches - potentially rare
Billboard Top 100 Hits Of 1967,097 - Tommy James & The Shondells - Mirage,,,Billboard Top 100 Hits Of 1967 - 097 - Tommy James & The Shondells - Mirage.mp3,❓ Poor matches - potentially rare
Billboard Top 100 Hits Of 1967,"060 - Monkees - A Little Bit Me, A Little Bit You",,,"Billboard Top 100 Hits Of 1967 - 060 - Monkees - A Little Bit Me, A Little Bit You.mp3",❓ Poor matches - potentially rare
Billboard Top 100 Hits Of 1967,055 - Beatles - Penny Lane,,,Billboard Top 100 Hits Of 1967 - 055 - Beatles - Penny Lane.mp3,❓ Poor matches - potentially rare
Billboard Top 100 Hits Of 1967,034 - Esquires - Get On Up,,,Billboard Top 100 Hits Of 1967 - 034 - Esquires - Get On Up.mp3,❓ Poor matches - potentially rare
Billboard Top 100 Hits Of 1967,069 - Hombres - Let It Out,,,Billboard Top 100 Hits Of 1967 - 069 - Hombres - Let It Out.mp3,❓ Poor matches - potentially rare
Billboard Top 100 Hits Of 1967,080 - Ray Charles - Here We Go Again,,,Billboard Top 100 Hits Of 1967 - 080 - Ray Charles - Here We Go Again.mp3,❓ Poor matches - potentially rare
Billboard Top 100 Hits Of 1967,063 - Young Rascals - How Can I Be Sure,,,Billboard Top 100 Hits Of 1967 - 063 - Young Rascals - How Can I Be Sure.mp3,❓ Poor matches - potentially rare
Billboard Top 100 Hits Of 1967,066 - Easybeats - Friday On My Mind,,,Billboard Top 100 Hits Of 1967 - 066 - Easybeats - Friday On My Mind.mp3,❓ Poor matches - potentially rare
Billboard Top 100 Hits Of 1967,092 - Bill Cosby - Little Ole Man,,,Billboard Top 100 Hits Of 1967 - 092 - Bill Cosby - Little Ole Man.mp3,❓ Poor matches - potentially rare
Billboard Top 100 Hits Of 1967,020 - Association - Never My Love,,,Billboard Top 100 Hits Of 1967 - 020 - Association - Never My Love.mp3,❓ Poor matches - potentially rare
Billboard Top 100 Hits Of 1967,072 - Booker T. & The MG's - Groovin,,,Billboard Top 100 Hits Of 1967 - 072 - Booker T. & The MG's - Groovin.mp3,❓ Poor matches - potentially rare
Billboard Top 100 Hits Of 1967,089 - Tremeloes - Here Comes My Baby,,,Billboard Top 100 Hits Of 1967 - 089 - Tremeloes - Here Comes My Baby.mp3,❓ Poor matches - potentially rare
Billboard Top 100 Hits Of 1967,041 - Supremes - Reflections,,,Billboard Top 100 Hits Of 1967 - 041 - Supremes - Reflections.mp3,❓ Poor matches - potentially rare
Billboard Top 100 Hits Of 1967,024 - Rolling Stones - Ruby Tuesday,,,Billboard Top 100 Hits Of 1967 - 024 - Rolling Stones - Ruby Tuesday.mp3,❓ Poor matches - potentially rare
Billboard Top 100 Hits Of 1968,021 - Cliff Nobles And Co. - The Horse,,,Billboard Top 100 Hits Of 1968 - 021 - Cliff Nobles And Co. - The Horse.mp3,❓ Poor matches - potentially rare
Billboard Top 100 Hits Of 1968,095 - Gary Lewis & The Playboys - Sealed With A Kiss,,,Billboard Top 100 Hits Of 1968 - 095 - Gary Lewis & The Playboys - Sealed With A Kiss.mp3,❓ Poor matches - potentially rare
Billboard Top 100 Hits Of 1968,036 - Sergio Mendes & Brasil '66 - The Look Of Love,,,Billboard Top 100 Hits Of 1968 - 036 - Sergio Mendes & Brasil '66 - The Look Of Love.mp3,❓ Poor matches - potentially rare
Billboard Top 100 Hits Of 1968,059 - Bee Gees - I've Gotta Get A Message To You,,,Billboard Top 100 Hits Of 1968 - 059 - Bee Gees - I've Gotta Get A Message To You.mp3,❓ Poor matches - potentially rare
Billboard Top 100 Hits Of 1968,073 - Gary Puckett & The Union Gap - Over You,,,Billboard Top 100 Hits Of 1968 - 073 - Gary Puckett & The Union Gap - Over You.mp3,❓ Poor matches - potentially rare
Billboard Top 100 Hits Of 1968,070 - Eric Burdon & The Animals - Sky Pilot,,,Billboard Top 100 Hits Of 1968 - 070 - Eric Burdon & The Animals - Sky Pilot.mp3,❌ Not found - likely rare
Billboard Top 100 Hits Of 1968,058 - James Brown & The Famous Flames - I Got The Feelin',,,Billboard Top 100 Hits Of 1968 - 058 - James Brown & The Famous Flames - I Got The Feelin'.mp3,❌ Not found - likely rare
Billboard Top 100 Hits Of 1968,"099 - Jerry Butler - Hey, Western Union Man",,,"Billboard Top 100 Hits Of 1968 - 099 - Jerry Butler - Hey, Western Union Man.mp3",❌ Not found - likely rare
Billboard Top 100 Hits Of 1968,"083 - Foundations - Baby, Now That I've Found You",,,"Billboard Top 100 Hits Of 1968 - 083 - Foundations - Baby, Now That I've Found You.mp3",❓ Poor matches - potentially rare
Billboard Top 100 Hits Of 1968,077 - Vanilla Fudge - [You Keep Me] Hangin' On,,,Billboard Top 100 Hits Of 1968 - 077 - Vanilla Fudge - [You Keep Me] Hangin' On.mp3,❓ Poor matches - potentially rare
Billboard Top 100 Hits Of 1968,078 - Beatles - Revolution,,,Billboard Top 100 Hits Of 1968 - 078 - Beatles - Revolution.mp3,❓ Poor matches - potentially rare
Billboard Top 100 Hits Of 1968,065 - Willie Mitchell - Soul Serenade,,,Billboard Top 100 Hits Of 1968 - 065 - Willie Mitchell - Soul Serenade.mp3,❓ Poor matches - potentially rare
Billboard Top 100 Hits Of 1968,047 - Lemon Pipers - Green Tambourine,,,Billboard Top 100 Hits Of 1968 - 047 - Lemon Pipers - Green Tambourine.mp3,❓ Poor matches - potentially rare
Billboard Top 100 Hits Of 1968,088 - Dionne Warwick - Do You Know The Way To San Jose,,,Billboard Top 100 Hits Of 1968 - 088 - Dionne Warwick - Do You Know The Way To San Jose.mp3,❓ Poor matches - potentially rare
Billboard Top 100 Hits Of 1968,020 - Sly & The Family Stone - Dance To The Music,,,Billboard Top 100 Hits Of 1968 - 020 - Sly & The Family Stone - Dance To The Music.mp3,❓ Poor matches - potentially rare
Billboard Top 100 Hits Of 1968,097 - Creedence Clearwater Revival - Suzie Q. Part 1,,,Billboard Top 100 Hits Of 1968 - 097 - Creedence Clearwater Revival - Suzie Q. Part 1.mp3,❓ Poor matches - potentially rare
Billboard Top 100 Hits Of 1968,037 - Johnny Nash - Hold Me Tight,,,Billboard Top 100 Hits Of 1968 - 037 - Johnny Nash - Hold Me Tight.mp3,❓ Poor matches - potentially rare
Billboard Top 100 Hits Of 1968,075 - Stevie Wonder - Shoo-Bee-Doo-Be-Doo-Da-Day,,,Billboard Top 100 Hits Of 1968 - 075 - Stevie Wonder - Shoo-Bee-Doo-Be-Doo-Da-Day.mp3,❓ Poor matches - potentially rare
Billboard Top 100 Hits Of 1968,089 - Simon & Garfunkel - Scarborough Fair-Canticle,,,Billboard Top 100 Hits Of 1968 - 089 - Simon & Garfunkel - Scarborough Fair-Canticle.mp3,❓ Poor matches - potentially rare
Billboard Top 100 Hits Of 1968,064 - Dells - Stay In My Corner,,,Billboard Top 100 Hits Of 1968 - 064 - Dells - Stay In My Corner.mp3,❓ Poor matches - potentially rare
Billboard Top 100 Hits Of 1968,"024 - Vogues - Turn Around, Look At Me",,,"Billboard Top 100 Hits Of 1968 - 024 - Vogues - Turn Around, Look At Me.mp3",❓ Poor matches - potentially rare
Billboard Top 100 Hits Of 1968,012 - O. C. Smith - Little Green Apples,,,Billboard Top 100 Hits Of 1968 - 012 - O. C. Smith - Little Green Apples.mp3,❓ Poor matches - potentially rare
Billboard Top 100 Hits Of 1968,063 - Fireballs - Bottle Of Wine,,,Billboard Top 100 Hits Of 1968 - 063 - Fireballs - Bottle Of Wine.mp3,❓ Poor matches - potentially rare
Billboard Top 100 Hits Of 1968,079 - Gary Puckett & The Union Gap - Woman Woman,,,Billboard Top 100 Hits Of 1968 - 079 - Gary Puckett & The Union Gap - Woman Woman.mp3,❓ Poor matches - potentially rare
Billboard Top 100 Hits Of 1969,069 - Edwin Starr - Twenty Five Miles,,,Billboard Top 100 Hits Of 1969 - 069 - Edwin Starr - Twenty Five Miles.mp3,❓ Poor matches - potentially rare
Billboard Top 100 Hits Of 1969,007 - Sly & The Family Stone - Hot Fun In The Summertime,,,Billboard Top 100 Hits Of 1969 - 007 - Sly & The Family Stone - Hot Fun In The Summertime.mp3,❓ Poor matches - potentially rare
Billboard Top 100 Hits Of 1969,012 - Tommy James & The Shondells - Crystal Blue Persuasion,,,Billboard Top 100 Hits Of 1969 - 012 - Tommy James & The Shondells - Crystal Blue Persuasion.mp3,❓ Poor matches - potentially rare
Billboard Top 100 Hits Of 1969,058 - Ventures - Hawaii Five O,,,Billboard Top 100 Hits Of 1969 - 058 - Ventures - Hawaii Five O.mp3,❓ Poor matches - potentially rare
Billboard Top 100 Hits Of 1969,064 - Dionne Warwick - This Girl's In Love With You,,,Billboard Top 100 Hits Of 1969 - 064 - Dionne Warwick - This Girl's In Love With You.mp3,❓ Poor matches - potentially rare
Billboard Top 100 Hits Of 1969,036 - Smokey Robinson & The Miracles - Baby Baby Don't Cry,,,Billboard Top 100 Hits Of 1969 - 036 - Smokey Robinson & The Miracles - Baby Baby Don't Cry.mp3,❓ Poor matches - potentially rare
Billboard Top 100 Hits Of 1969,063 - Booker T & The MG's - Time Is Tight,,,Billboard Top 100 Hits Of 1969 - 063 - Booker T & The MG's - Time Is Tight.mp3,❓ Poor matches - potentially rare
Billboard Top 100 Hits Of 1969,072 - Marvin Gaye - That's The Way That Love Is,,,Billboard Top 100 Hits Of 1969 - 072 - Marvin Gaye - That's The Way That Love Is.mp3,❓ Poor matches - potentially rare
Billboard Top 100 Hits Of 1969,079 - Joe South - Games People Play,,,Billboard Top 100 Hits Of 1969 - 079 - Joe South - Games People Play.mp3,❓ Poor matches - potentially rare
Billboard Top 100 Hits Of 1969,073 - Nilsson - Everybody's Talkin',,,Billboard Top 100 Hits Of 1969 - 073 - Nilsson - Everybody's Talkin'.mp3,❓ Poor matches - potentially rare
Billboard Top 100 Hits Of 1969,065 - Winstons - Color Him Father,,,Billboard Top 100 Hits Of 1969 - 065 - Winstons - Color Him Father.mp3,❓ Poor matches - potentially rare
Billboard Top 100 Hits Of 1969,099 - B.J. Thomas - Hooked On A Feeling,,,Billboard Top 100 Hits Of 1969 - 099 - B.J. Thomas - Hooked On A Feeling.mp3,❌ Not found - likely rare
Billboard Top 100 Hits Of 1969,059 - Glen Campbell - Galveston,,,Billboard Top 100 Hits Of 1969 - 059 - Glen Campbell - Galveston.mp3,❓ Poor matches - potentially rare
Billboard Top 100 Hits Of 1969,090 - Booker T & The MG's - Hang 'Em High,,,Billboard Top 100 Hits Of 1969 - 090 - Booker T & The MG's - Hang 'Em High.mp3,❓ Poor matches - potentially rare
Billboard Top 100 Hits Of 1969,080 - Turtles - You Showed Me,,,Billboard Top 100 Hits Of 1969 - 080 - Turtles - You Showed Me.mp3,❓ Poor matches - potentially rare
Billboard Top 100 Hits Of 1969,091 - Lou Rawls - Your Good Thing Is About To End,,,Billboard Top 100 Hits Of 1969 - 091 - Lou Rawls - Your Good Thing Is About To End.mp3,❓ Poor matches - potentially rare
Billboard Top 100 Hits Of 1969,021 - Isley Brothers - It's Your Thing,,,Billboard Top 100 Hits Of 1969 - 021 - Isley Brothers - It's Your Thing.mp3,❓ Poor matches - potentially rare
Billboard Top 100 Hits Of 1969,085 - Beatles - Come Together,,,Billboard Top 100 Hits Of 1969 - 085 - Beatles - Come Together.mp3,❓ Poor matches - potentially rare
Billboard Top 100 Hits Of 1969,087 - Bob Seger System - Ramblin' Gamblin' Man,,,Billboard Top 100 Hits Of 1969 - 087 - Bob Seger System - Ramblin' Gamblin' Man.mp3,❓ Poor matches - potentially rare
Billboard Top 100 Hits Of 1969,024 - Creedence Clearwater Revival - Bad Moon Rising,,,Billboard Top 100 Hits Of 1969 - 024 - Creedence Clearwater Revival - Bad Moon Rising.mp3,❓ Poor matches - potentially rare
Billboard Top 100 Hits Of 1969,060 - Lou Christie - I'm Gonna Make You Mine,,,Billboard Top 100 Hits Of 1969 - 060 - Lou Christie - I'm Gonna Make You Mine.mp3,❓ Poor matches - potentially rare
Billboard Top 100 Hits Of 1969,070 - New Colony Six - Things I'd Like To Say,,,Billboard Top 100 Hits Of 1969 - 070 - New Colony Six - Things I'd Like To Say.mp3,❓ Poor matches - potentially rare
Billboard Top 100 Hits Of 1969,089 - Crazy Elephant - Gimme Gimme Good Lovin',,,Billboard Top 100 Hits Of 1969 - 089 - Crazy Elephant - Gimme Gimme Good Lovin'.mp3,❓ Poor matches - potentially rare
Billboard Top 100 Hits Of 1969,047 - Watts 103rd Street Rhythm Band - Do Your Thing,,,Billboard Top 100 Hits Of 1969 - 047 - Watts 103rd Street Rhythm Band - Do Your Thing.mp3,❓ Poor matches - potentially rare
Billboard Top 100 Hits Of 1969,025 - Beatles - Get Back,,,Billboard Top 100 Hits Of 1969 - 025 - Beatles - Get Back.mp3,❓ Poor matches - potentially rare
Billboard Top 100 Hits Of 1969,066 - Sonny Charles & The Checkmates LTD - Black Pearl,,,Billboard Top 100 Hits Of 1969 - 066 - Sonny Charles & The Checkmates LTD - Black Pearl.mp3,❌ Not found - likely rare
Billboard Top 100 Hits Of 1970,080 - Joe Cocker - The Letter,,,Billboard Top 100 Hits Of 1970 - 080 - Joe Cocker - The Letter.mp3,❌ Not found - likely rare
Billboard Top 100 Hits Of 1970,088 - Supremes - Up The Ladder To The Roof,,,Billboard Top 100 Hits Of 1970 - 088 - Supremes - Up The Ladder To The Roof.mp3,❓ Poor matches - potentially rare
Billboard Top 100 Hits Of 1970,099 - Glen Campbell - It's Only Make Believe,,,Billboard Top 100 Hits Of 1970 - 099 - Glen Campbell - It's Only Make Believe.mp3,❌ Not found - likely rare
Billboard Top 100 Hits Of 1970,092 - Tom Jones - Without Love [There Is Nothing],,,Billboard Top 100 Hits Of 1970 - 092 - Tom Jones - Without Love [There Is Nothing].mp3,❓ Poor matches - potentially rare
Billboard Top 100 Hits Of 1970,071 - Delfonics - Didn't I [Blow Your Mind This Time],,,Billboard Top 100 Hits Of 1970 - 071 - Delfonics - Didn't I [Blow Your Mind This Time].mp3,❓ Poor matches - potentially rare
Billboard Top 100 Hits Of 1970,024 - Temptations - Ball Of Confusion [That's What The World Is Today],,,Billboard Top 100 Hits Of 1970 - 024 - Temptations - Ball Of Confusion [That's What The World Is Today].mp3,❌ Not found - likely rare
Billboard Top 100 Hits Of 1970,079 - Ike & Tina Turner - I Want To Take You Higher,,,Billboard Top 100 Hits Of 1970 - 079 - Ike & Tina Turner - I Want To Take You Higher.mp3,❌ Not found - likely rare
Billboard Top 100 Hits Of 1970,053 - Mungo Jerry - In The Summertime,,,Billboard Top 100 Hits Of 1970 - 053 - Mungo Jerry - In The Summertime.mp3,❓ Poor matches - potentially rare
Billboard Top 100 Hits Of 1970,063 - Friends Of Distinction - Love Or Let Me Be Lonely,,,Billboard Top 100 Hits Of 1970 - 063 - Friends Of Distinction - Love Or Let Me Be Lonely.mp3,❌ Not found - likely rare
Billboard Top 100 Hits Of 1970,096 - New Seekers - Look What They've Done To My Song Ma,,,Billboard Top 100 Hits Of 1970 - 096 - New Seekers - Look What They've Done To My Song Ma.mp3,❓ Poor matches - potentially rare
Billboard Top 100 Hits Of 1970,089 - Creedence Clearwater Revival - Travelin' Band,,,Billboard Top 100 Hits Of 1970 - 089 - Creedence Clearwater Revival - Travelin' Band.mp3,❌ Not found - likely rare
Billboard Top 100 Hits Of 1970,073 - Creedence Clearwater Revival - Up Around The Bend,,,Billboard Top 100 Hits Of 1970 - 073 - Creedence Clearwater Revival - Up Around The Bend.mp3,❌ Not found - likely rare
Billboard Top 100 Hits Of 1970,091 - Temptations - Psychedelic Shack,,,Billboard Top 100 Hits Of 1970 - 091 - Temptations - Psychedelic Shack.mp3,❌ Not found - likely rare
Billboard Top 100 Hits Of 1970,090 - Sandpipers - Come Saturday Morning,,,Billboard Top 100 Hits Of 1970 - 090 - Sandpipers - Come Saturday Morning.mp3,❓ Poor matches - potentially rare
Billboard Top 100 Hits Of 1970,098 - B.B. King - The Thrill Is Gone [Bluesway],,,Billboard Top 100 Hits Of 1970 - 098 - B.B. King - The Thrill Is Gone [Bluesway].mp3,❌ Not found - likely rare
Billboard Top 100 Hits Of 1970,058 - Four Tops - Still Water [Love],,,Billboard Top 100 Hits Of 1970 - 058 - Four Tops - Still Water [Love].mp3,❌ Not found - likely rare
Billboard Top 100 Hits Of 1970,067 - James Taylor - Fire And Rain [Warner],,,Billboard Top 100 Hits Of 1970 - 067 - James Taylor - Fire And Rain [Warner].mp3,❓ Poor matches - potentially rare
Billboard Top 100 Hits Of 1970,054 - R Dean Taylor - Indiana Wants Me,,,Billboard Top 100 Hits Of 1970 - 054 - R Dean Taylor - Indiana Wants Me.mp3,❓ Poor matches - potentially rare
Billboard Top 100 Hits Of 1970,074 - Ronnie Dyson - [If You Let Me Make Love To You Then] Why Can't I Touch You,,,Billboard Top 100 Hits Of 1970 - 074 - Ronnie Dyson - [If You Let Me Make Love To You Then] Why Can't I Touch You.mp3,❓ Poor matches - potentially rare
Billboard Top 100 Hits Of 1970,070 - Guess Who - No Time,,,Billboard Top 100 Hits Of 1970 - 070 - Guess Who - No Time.mp3,❓ Poor matches - potentially rare
Billboard Top 100 Hits Of 1970,021 - Five Stairsteps & Cubie - O-O-H Child,,,Billboard Top 100 Hits Of 1970 - 021 - Five Stairsteps & Cubie - O-O-H Child.mp3,❌ Not found - likely rare
Billboard Top 100 Hits Of 1970,065 - Carpenters - We've Only Just Begun,,,Billboard Top 100 Hits Of 1970 - 065 - Carpenters - We've Only Just Begun.mp3,❓ Poor matches - potentially rare
Billboard Top 100 Hits Of 1970,086 - Pipkins - Gimme Dat Ding,,,Billboard Top 100 Hits Of 1970 - 086 - Pipkins - Gimme Dat Ding.mp3,❌ Not found - likely rare
Billboard Top 100 Hits Of 1970,020 - Eric Burdon & War - Spill The Wine,,,Billboard Top 100 Hits Of 1970 - 020 - Eric Burdon & War - Spill The Wine.mp3,❌ Not found - likely rare
Billboard Top 100 Hits Of 1970,087 - Robin McNamara - Lay A Little Lovin' On Me,,,Billboard Top 100 Hits Of 1970 - 087 - Robin McNamara - Lay A Little Lovin' On Me.mp3,❌ Not found - likely rare
Billboard Top 100 Hits Of 1970,084 - 100 Proof Aged In Soul - Somebody's Been Sleeping,,,Billboard Top 100 Hits Of 1970 - 084 - 100 Proof Aged In Soul - Somebody's Been Sleeping.mp3,❓ Poor matches - potentially rare
Billboard Top 100 Hits Of 1970,085 - Ides Of March - Vehicle,,,Billboard Top 100 Hits Of 1970 - 085 - Ides Of March - Vehicle.mp3,❌ Not found - likely rare
Billboard Top 100 Hits Of 1970,069 - Santana - Evil Ways,,,Billboard Top 100 Hits Of 1970 - 069 - Santana - Evil Ways.mp3,❌ Not found - likely rare
Billboard Top 100 Hits Of 1970,076 - Spinners - It's A Shame,,,Billboard Top 100 Hits Of 1970 - 076 - Spinners - It's A Shame.mp3,❓ Poor matches - potentially rare
Billboard Top 100 Hits Of 1970,"047 - Alive & Kicking - Tighter, Tighter",,,"Billboard Top 100 Hits Of 1970 - 047 - Alive & Kicking - Tighter, Tighter.mp3",❌ Not found - likely rare
Billboard Top 100 Hits Of 1970,048 - Badfinger - Come And Get It,,,Billboard Top 100 Hits Of 1970 - 048 - Badfinger - Come And Get It.mp3,❓ Poor matches - potentially rare
Billboard Top 100 Hits Of 1970,037 - Brook Benton - Rainy Night In Georgia,,,Billboard Top 100 Hits Of 1970 - 037 - Brook Benton - Rainy Night In Georgia.mp3,❌ Not found - likely rare
Billboard Top 100 Hits Of 1970,059 - Chicago - Make Me Smile,,,Billboard Top 100 Hits Of 1970 - 059 - Chicago - Make Me Smile.mp3,❓ Poor matches - potentially rare
Billboard Top 100 Hits Of 1970,064 - Brotherhood Of Man - United We Stand,,,Billboard Top 100 Hits Of 1970 - 064 - Brotherhood Of Man - United We Stand.mp3,❌ Not found - likely rare
Billboard Top 100 Hits Of 1971,060 - Paul McCartney - Another Day,,,Billboard Top 100 Hits Of 1971 - 060 - Paul McCartney - Another Day.mp3,❓ Poor matches - potentially rare
Billboard Top 100 Hits Of 1971,093 - Wilson Pickett - Don't Knock My Love [Part 1],,,Billboard Top 100 Hits Of 1971 - 093 - Wilson Pickett - Don't Knock My Love [Part 1].mp3,❌ Not found - likely rare
Billboard Top 100 Hits Of 1971,065 - Freda Payne - Bring The Boys Home,,,Billboard Top 100 Hits Of 1971 - 065 - Freda Payne - Bring The Boys Home.mp3,❓ Poor matches - potentially rare
Billboard Top 100 Hits Of 1971,063 - Brewer & Shipley - One Toke Over The Line,,,Billboard Top 100 Hits Of 1971 - 063 - Brewer & Shipley - One Toke Over The Line.mp3,❓ Poor matches - potentially rare
Billboard Top 100 Hits Of 1971,098 - 5th Dimension - One Less Bell To Answer,,,Billboard Top 100 Hits Of 1971 - 098 - 5th Dimension - One Less Bell To Answer.mp3,❌ Not found - likely rare
Billboard Top 100 Hits Of 1971,070 - Honey Cone - Stick-Up,,,Billboard Top 100 Hits Of 1971 - 070 - Honey Cone - Stick-Up.mp3,❓ Poor matches - potentially rare
Billboard Top 100 Hits Of 1971,068 - Freddy Hart - Easy Loving,,,Billboard Top 100 Hits Of 1971 - 068 - Freddy Hart - Easy Loving.mp3,❓ Poor matches - potentially rare
Billboard Top 100 Hits Of 1971,097 - Brenda & The Tabulations - Right On The Tip Of My Tongue,,,Billboard Top 100 Hits Of 1971 - 097 - Brenda & The Tabulations - Right On The Tip Of My Tongue.mp3,❌ Not found - likely rare
Billboard Top 100 Hits Of 1971,012 - Al Green - Tired Of Being Alone,,,Billboard Top 100 Hits Of 1971 - 012 - Al Green - Tired Of Being Alone.mp3,❓ Poor matches - potentially rare
Billboard Top 100 Hits Of 1971,096 - Wadsworth Mansion - Sweet Mary,,,Billboard Top 100 Hits Of 1971 - 096 - Wadsworth Mansion - Sweet Mary.mp3,❓ Poor matches - potentially rare
Billboard Top 100 Hits Of 1971,056 - Chicago - Beginnings [Repl],,,Billboard Top 100 Hits Of 1971 - 056 - Chicago - Beginnings [Repl].mp3,❓ Poor matches - potentially rare
Billboard Top 100 Hits Of 1971,031 - George Harrison - My Sweet Lord,,,Billboard Top 100 Hits Of 1971 - 031 - George Harrison - My Sweet Lord.mp3,❓ Poor matches - potentially rare
Billboard Top 100 Hits Of 1971,081 - Dave Edmunds - I Hear You Knocking,,,Billboard Top 100 Hits Of 1971 - 081 - Dave Edmunds - I Hear You Knocking.mp3,❓ Poor matches - potentially rare
Billboard Top 100 Hits Of 1971,092 - Paul Stookey - The Wedding Song [There Is Love],,,Billboard Top 100 Hits Of 1971 - 092 - Paul Stookey - The Wedding Song [There Is Love].mp3,❌ Not found - likely rare
Billboard Top 100 Hits Of 1971,079 - Matthews' Southern Comfort - Woodstock,,,Billboard Top 100 Hits Of 1971 - 079 - Matthews' Southern Comfort - Woodstock.mp3,❓ Poor matches - potentially rare
Billboard Top 100 Hits Of 1971,072 - Andy Williams - Love Story [Where Do I Begin],,,Billboard Top 100 Hits Of 1971 - 072 - Andy Williams - Love Story [Where Do I Begin].mp3,❓ Poor matches - potentially rare
Billboard Top 100 Hits Of 1971,067 - Delaney & Bonnie & Friends - Never Ending Song Of Love,,,Billboard Top 100 Hits Of 1971 - 067 - Delaney & Bonnie & Friends - Never Ending Song Of Love.mp3,❓ Poor matches - potentially rare
Billboard Top 100 Hits Of 1971,082 - Bee Gees - Lonely Days,,,Billboard Top 100 Hits Of 1971 - 082 - Bee Gees - Lonely Days.mp3,❓ Poor matches - potentially rare
Billboard Top 100 Hits Of 1971,089 - Isaac Hayes - Theme From Shaft,,,Billboard Top 100 Hits Of 1971 - 089 - Isaac Hayes - Theme From Shaft.mp3,❌ Not found - likely rare
Billboard Top 100 Hits Of 1971,059 - Lobo - Me And You And A Dog Named Boo,,,Billboard Top 100 Hits Of 1971 - 059 - Lobo - Me And You And A Dog Named Boo.mp3,❓ Poor matches - potentially rare
Billboard Top 100 Hits Of 1971,020 - Joan Baez - The Night They Drove Old Dixie Down,,,Billboard Top 100 Hits Of 1971 - 020 - Joan Baez - The Night They Drove Old Dixie Down.mp3,❓ Poor matches - potentially rare
Billboard Top 100 Hits Of 1971,085 - Denise Lasalle - Trapped By A Thing Called Love,,,Billboard Top 100 Hits Of 1971 - 085 - Denise Lasalle - Trapped By A Thing Called Love.mp3,❓ Poor matches - potentially rare
Billboard Top 100 Hits Of 1971,080 - Judy Collins - Amazing Grace,,,Billboard Top 100 Hits Of 1971 - 080 - Judy Collins - Amazing Grace.mp3,❓ Poor matches - potentially rare
Billboard Top 100 Hits Of 1971,046 - Dramatics - Whatcha See Is Whatcha Get,,,Billboard Top 100 Hits Of 1971 - 046 - Dramatics - Whatcha See Is Whatcha Get.mp3,❓ Poor matches - potentially rare
Billboard Top 100 Hits Of 1971,"074 - Jerry Reed - When You're Hot, You're Hot",,,"Billboard Top 100 Hits Of 1971 - 074 - Jerry Reed - When You're Hot, You're Hot.mp3",❓ Poor matches - potentially rare
Billboard Top 100 Hits Of 1971,047 - Carly Simon - That's The Way I've Always Heard It Should Be,,,Billboard Top 100 Hits Of 1971 - 047 - Carly Simon - That's The Way I've Always Heard It Should Be.mp3,❓ Poor matches - potentially rare
Billboard Top 100 Hits Of 1971,032 - Donny Osmond - Sweet And Innocent,,,Billboard Top 100 Hits Of 1971 - 032 - Donny Osmond - Sweet And Innocent.mp3,❓ Poor matches - potentially rare
Billboard Top 100 Hits Of 1971,095 - Richie Havens - Here Comes The Sun,,,Billboard Top 100 Hits Of 1971 - 095 - Richie Havens - Here Comes The Sun.mp3,❓ Poor matches - potentially rare
Billboard Top 100 Hits Of 1971,099 - Doors - Riders On The Storm,,,Billboard Top 100 Hits Of 1971 - 099 - Doors - Riders On The Storm.mp3,❌ Not found - likely rare
Billboard Top 100 Hits Of 1971,037 - Carpenters - Rainy Days And Mondays,,,Billboard Top 100 Hits Of 1971 - 037 - Carpenters - Rainy Days And Mondays.mp3,❓ Poor matches - potentially rare
Billboard Top 100 Hits Of 1971,066 - Rare Earth - I Just Want To Celebrate,,,Billboard Top 100 Hits Of 1971 - 066 - Rare Earth - I Just Want To Celebrate.mp3,❓ Poor matches - potentially rare
Billboard Top 100 Hits Of 1972,077 - Joe Simon - Drowning In The Sea Of Love,,,Billboard Top 100 Hits Of 1972 - 077 - Joe Simon - Drowning In The Sea Of Love.mp3,❓ Poor matches - potentially rare
Billboard Top 100 Hits Of 1972,069 - Commander Cody & His Lost Planet Airmen - Hot Rod Lincoln,,,Billboard Top 100 Hits Of 1972 - 069 - Commander Cody & His Lost Planet Airmen - Hot Rod Lincoln.mp3,❓ Poor matches - potentially rare
Billboard Top 100 Hits Of 1972,087 - Bobby Vinton - Sealed With A Kiss,,,Billboard Top 100 Hits Of 1972 - 087 - Bobby Vinton - Sealed With A Kiss.mp3,❓ Poor matches - potentially rare
Billboard Top 100 Hits Of 1972,086 - Beverly Bremers - Don't Say You Don't Remember,,,Billboard Top 100 Hits Of 1972 - 086 - Beverly Bremers - Don't Say You Don't Remember.mp3,❌ Not found - likely rare
Billboard Top 100 Hits Of 1972,025 - Mouth & MacNeal - How Do You Do,,,Billboard Top 100 Hits Of 1972 - 025 - Mouth & MacNeal - How Do You Do.mp3,❓ Poor matches - potentially rare
Billboard Top 100 Hits Of 1972,064 - Dr Hook - Sylvia's Mother,,,Billboard Top 100 Hits Of 1972 - 064 - Dr Hook - Sylvia's Mother.mp3,❓ Poor matches - potentially rare
Billboard Top 100 Hits Of 1972,021 - Robert John - The Lion Sleeps Tonight,,,Billboard Top 100 Hits Of 1972 - 021 - Robert John - The Lion Sleeps Tonight.mp3,❓ Poor matches - potentially rare
Billboard Top 100 Hits Of 1972,024 - Hollies - Long Cool Woman [In A Black Dress],,,Billboard Top 100 Hits Of 1972 - 024 - Hollies - Long Cool Woman [In A Black Dress].mp3,❓ Poor matches - potentially rare
Billboard Top 100 Hits Of 1972,097 - Hillside Singers - I'd Like To Teach The World To Sing,,,Billboard Top 100 Hits Of 1972 - 097 - Hillside Singers - I'd Like To Teach The World To Sing.mp3,❌ Not found - likely rare
Billboard Top 100 Hits Of 1972,066 - Harry Nilsson - Coconut,,,Billboard Top 100 Hits Of 1972 - 066 - Harry Nilsson - Coconut.mp3,❓ Poor matches - potentially rare
Billboard Top 100 Hits Of 1972,059 - Al Green - I'm Still In Love With You,,,Billboard Top 100 Hits Of 1972 - 059 - Al Green - I'm Still In Love With You.mp3,❓ Poor matches - potentially rare
Billboard Top 100 Hits Of 1972,089 - Sailcat - Motorcycle Mama,,,Billboard Top 100 Hits Of 1972 - 089 - Sailcat - Motorcycle Mama.mp3,❓ Poor matches - potentially rare
Billboard Top 100 Hits Of 1972,081 - Redbone - The Witch Queen Of New Orleans,,,Billboard Top 100 Hits Of 1972 - 081 - Redbone - The Witch Queen Of New Orleans.mp3,❓ Poor matches - potentially rare
Billboard Top 100 Hits Of 1972,029 - Main Ingredient - Everybody Plays The Fool,,,Billboard Top 100 Hits Of 1972 - 029 - Main Ingredient - Everybody Plays The Fool.mp3,❓ Poor matches - potentially rare
Billboard Top 100 Hits Of 1972,079 - Sly & The Family Stone - Family Affair,,,Billboard Top 100 Hits Of 1972 - 079 - Sly & The Family Stone - Family Affair.mp3,❓ Poor matches - potentially rare
Billboard Top 100 Hits Of 1972,060 - Derek & The Dominos - Layla,,,Billboard Top 100 Hits Of 1972 - 060 - Derek & The Dominos - Layla.mp3,❓ Poor matches - potentially rare
Billboard Top 100 Hits Of 1972,083 - Joe Simon - Power Of Love,,,Billboard Top 100 Hits Of 1972 - 083 - Joe Simon - Power Of Love.mp3,❓ Poor matches - potentially rare
Billboard Top 100 Hits Of 1972,073 - Three Dog Night - Never Been To Spain,,,Billboard Top 100 Hits Of 1972 - 073 - Three Dog Night - Never Been To Spain.mp3,❓ Poor matches - potentially rare
Billboard Top 100 Hits Of 1972,037 - Jonathan Edwards - Sunshine,,,Billboard Top 100 Hits Of 1972 - 037 - Jonathan Edwards - Sunshine.mp3,❓ Poor matches - potentially rare
Billboard Top 100 Hits Of 1972,084 - Jerry Butler & Brenda Lee Eager - Ain't Understanding,,,Billboard Top 100 Hits Of 1972 - 084 - Jerry Butler & Brenda Lee Eager - Ain't Understanding.mp3,❓ Poor matches - potentially rare
Billboard Top 100 Hits Of 1972,065 - Carpenters - Hurting Each Other,,,Billboard Top 100 Hits Of 1972 - 065 - Carpenters - Hurting Each Other.mp3,❓ Poor matches - potentially rare
Billboard Top 100 Hits Of 1972,095 - Detroit Emeralds - Baby Let Me Take You [In My Arms],,,Billboard Top 100 Hits Of 1972 - 095 - Detroit Emeralds - Baby Let Me Take You [In My Arms].mp3,❓ Poor matches - potentially rare
Billboard Top 100 Hits Of 1972,099 - James Brown - Good Foot [Part 1],,,Billboard Top 100 Hits Of 1972 - 099 - James Brown - Good Foot [Part 1].mp3,❓ Poor matches - potentially rare
Billboard Top 100 Hits Of 1972,072 - Carly Simon - Anticipation,,,Billboard Top 100 Hits Of 1972 - 072 - Carly Simon - Anticipation.mp3,❓ Poor matches - potentially rare
Billboard Top 100 Hits Of 1972,020 - Michael Jackson - Ben,,,Billboard Top 100 Hits Of 1972 - 020 - Michael Jackson - Ben.mp3,❓ Poor matches - potentially rare
Billboard Top 100 Hits Of 1972,028 - Hot Butter - Popcorn,,,Billboard Top 100 Hits Of 1972 - 028 - Hot Butter - Popcorn.mp3,❓ Poor matches - potentially rare
Billboard Top 100 Hits Of 1972,085 - Harry Chapin - Taxi,,,Billboard Top 100 Hits Of 1972 - 085 - Harry Chapin - Taxi.mp3,❓ Poor matches - potentially rare
Billboard Top 100 Hits Of 1972,007 - Bill Withers - Lean On Me,,,Billboard Top 100 Hits Of 1972 - 007 - Bill Withers - Lean On Me.mp3,❓ Poor matches - potentially rare
Billboard Top 100 Hits Of 1972,098 - Love Unlimited Orchestra - Walking In The Rain With The One I Love,,,Billboard Top 100 Hits Of 1972 - 098 - Love Unlimited Orchestra - Walking In The Rain With The One I Love.mp3,❌ Not found - likely rare
Billboard Top 100 Hits Of 1972,043 - Dennis Coffey & The Detroit Guitar Band - Scorpio,,,Billboard Top 100 Hits Of 1972 - 043 - Dennis Coffey & The Detroit Guitar Band - Scorpio.mp3,❓ Poor matches - potentially rare
Billboard Top 100 Hits Of 1972,070 - Sonny & Cher - A Cowboy's Work Is Never Done,,,Billboard Top 100 Hits Of 1972 - 070 - Sonny & Cher - A Cowboy's Work Is Never Done.mp3,❓ Poor matches - potentially rare
Billboard Top 100 Hits Of 1972,080 - Jimmy Castor Bunch - Troglodyte,,,Billboard Top 100 Hits Of 1972 - 080 - Jimmy Castor Bunch - Troglodyte.mp3,❓ Poor matches - potentially rare
Billboard Top 100 Hits Of 1972,075 - Alice Cooper - School's Out,,,Billboard Top 100 Hits Of 1972 - 075 - Alice Cooper - School's Out.mp3,❓ Poor matches - potentially rare
Billboard Top 100 Hits Of 1972,047 - Johnny Nash - I Can See Clearly Now,,,Billboard Top 100 Hits Of 1972 - 047 - Johnny Nash - I Can See Clearly Now.mp3,❓ Poor matches - potentially rare
Billboard Top 100 Hits Of 1972,034 - Cornelius Brothers & Sister Rose - Too Late To Turn Back Now,,,Billboard Top 100 Hits Of 1972 - 034 - Cornelius Brothers & Sister Rose - Too Late To Turn Back Now.mp3,❓ Poor matches - potentially rare
Billboard Top 100 Hits Of 1972,032 - Moody Blues - Nights In White Satin,,,Billboard Top 100 Hits Of 1972 - 032 - Moody Blues - Nights In White Satin.mp3,❓ Poor matches - potentially rare
Billboard Top 100 Hits Of 1972,058 - Roberta Flack & Donny Hathaway - Where Is The Love,,,Billboard Top 100 Hits Of 1972 - 058 - Roberta Flack & Donny Hathaway - Where Is The Love.mp3,❓ Poor matches - potentially rare
Billboard Top 100 Hits Of 1972,063 - Three Dog Night - Black And White,,,Billboard Top 100 Hits Of 1972 - 063 - Three Dog Night - Black And White.mp3,❓ Poor matches - potentially rare
Billboard Top 100 Hits Of 1972,039 - Badfinger - Day After Day,,,Billboard Top 100 Hits Of 1972 - 039 - Badfinger - Day After Day.mp3,❓ Poor matches - potentially rare
Billboard Top 100 Hits Of 1972,035 - O'Jays - Back Stabbers,,,Billboard Top 100 Hits Of 1972 - 035 - O'Jays - Back Stabbers.mp3,❓ Poor matches - potentially rare
Billboard Top 100 Hits Of 1973,078 - Johnny Rivers - Rockin' Pneumonia And The Boogie Woogie,,,Billboard Top 100 Hits Of 1973 - 078 - Johnny Rivers - Rockin' Pneumonia And The Boogie Woogie.mp3,❌ Not found - likely rare
Billboard Top 100 Hits Of 1973,064 - BW Stevenson - My Maria,,,Billboard Top 100 Hits Of 1973 - 064 - BW Stevenson - My Maria.mp3,❓ Poor matches - potentially rare
Billboard Top 100 Hits Of 1973,089 - Jud Strunk - Daisy A Day,,,Billboard Top 100 Hits Of 1973 - 089 - Jud Strunk - Daisy A Day.mp3,❓ Poor matches - potentially rare
Billboard Top 100 Hits Of 1973,077 - Bette Midler - Do You Want To Dance,,,Billboard Top 100 Hits Of 1973 - 077 - Bette Midler - Do You Want To Dance.mp3,❌ Not found - likely rare
Billboard Top 100 Hits Of 1973,061 - Eric Weissberg & Steve Mande - Dueling Banjos,,,Billboard Top 100 Hits Of 1973 - 061 - Eric Weissberg & Steve Mande - Dueling Banjos.mp3,❌ Not found - likely rare
Billboard Top 100 Hits Of 1973,065 - Curtis Mayfield - Superfly,,,Billboard Top 100 Hits Of 1973 - 065 - Curtis Mayfield - Superfly.mp3,❌ Not found - likely rare
Billboard Top 100 Hits Of 1973,069 - Focus - Hocus Pocus,,,Billboard Top 100 Hits Of 1973 - 069 - Focus - Hocus Pocus.mp3,❌ Not found - likely rare
Billboard Top 100 Hits Of 1973,060 - Four Tops - Ain't No Woman [Like The One I've Got],,,Billboard Top 100 Hits Of 1973 - 060 - Four Tops - Ain't No Woman [Like The One I've Got].mp3,❌ Not found - likely rare
Billboard Top 100 Hits Of 1973,085 - Rolling Stones - Angie,,,Billboard Top 100 Hits Of 1973 - 085 - Rolling Stones - Angie.mp3,❌ Not found - likely rare
Billboard Top 100 Hits Of 1973,037 - Anne Murray - Danny's Song,,,Billboard Top 100 Hits Of 1973 - 037 - Anne Murray - Danny's Song.mp3,❌ Not found - likely rare
Billboard Top 100 Hits Of 1973,071 - Bette Midler - Boogie Woogie Bugle Boy,,,Billboard Top 100 Hits Of 1973 - 071 - Bette Midler - Boogie Woogie Bugle Boy.mp3,❌ Not found - likely rare
Billboard Top 100 Hits Of 1973,093 - War - Gypsy Man,,,Billboard Top 100 Hits Of 1973 - 093 - War - Gypsy Man.mp3,❓ Poor matches - potentially rare
Billboard Top 100 Hits Of 1973,080 - Temptations - Masterpiece,,,Billboard Top 100 Hits Of 1973 - 080 - Temptations - Masterpiece.mp3,❌ Not found - likely rare
Billboard Top 100 Hits Of 1973,099 - Donny Osmond - The Twelfth Of Never,,,Billboard Top 100 Hits Of 1973 - 099 - Donny Osmond - The Twelfth Of Never.mp3,❌ Not found - likely rare
Billboard Top 100 Hits Of 1973,086 - Blue Ridge Rangers - Jambalaya,,,Billboard Top 100 Hits Of 1973 - 086 - Blue Ridge Rangers - Jambalaya.mp3,❌ Not found - likely rare
Billboard Top 100 Hits Of 1973,062 - Stevie Wonder - Higher Ground,,,Billboard Top 100 Hits Of 1973 - 062 - Stevie Wonder - Higher Ground.mp3,❓ Poor matches - potentially rare
Billboard Top 100 Hits Of 1973,021 - Isley Brothers - That Lady,,,Billboard Top 100 Hits Of 1973 - 021 - Isley Brothers - That Lady.mp3,❓ Poor matches - potentially rare
Billboard Top 100 Hits Of 1973,046 - New York City - I'm Doin' Fine Now,,,Billboard Top 100 Hits Of 1973 - 046 - New York City - I'm Doin' Fine Now.mp3,❓ Poor matches - potentially rare
Billboard Top 100 Hits Of 1973,"057 - Hurricane Smith - Oh, Babe, What Would You Say",,,"Billboard Top 100 Hits Of 1973 - 057 - Hurricane Smith - Oh, Babe, What Would You Say.mp3",❓ Poor matches - potentially rare
Billboard Top 100 Hits Of 1973,066 - Gilbert O'Sullivan - Get Down,,,Billboard Top 100 Hits Of 1973 - 066 - Gilbert O'Sullivan - Get Down.mp3,❓ Poor matches - potentially rare
Billboard Top 100 Hits Of 1973,058 - Johnnie Taylor - I Believe In You,,,Billboard Top 100 Hits Of 1973 - 058 - Johnnie Taylor - I Believe In You.mp3,❌ Not found - likely rare
Billboard Top 100 Hits Of 1973,033 - Barry White - I'm Gonna Love You Just A Little More,,,Billboard Top 100 Hits Of 1973 - 033 - Barry White - I'm Gonna Love You Just A Little More.mp3,❓ Poor matches - potentially rare
Billboard Top 100 Hits Of 1973,079 - Allman Brothers - Ramblin' Man,,,Billboard Top 100 Hits Of 1973 - 079 - Allman Brothers - Ramblin' Man.mp3,❌ Not found - likely rare
Billboard Top 100 Hits Of 1973,088 - Stylistics - Break Up To Make Up,,,Billboard Top 100 Hits Of 1973 - 088 - Stylistics - Break Up To Make Up.mp3,❓ Poor matches - potentially rare
Billboard Top 100 Hits Of 1973,063 - Al Green - Here I Am [Come And Take Me],,,Billboard Top 100 Hits Of 1973 - 063 - Al Green - Here I Am [Come And Take Me].mp3,❓ Poor matches - potentially rare
Billboard Top 100 Hits Of 1973,050 - Deep Purple - Smoke On The Water,,,Billboard Top 100 Hits Of 1973 - 050 - Deep Purple - Smoke On The Water.mp3,❓ Poor matches - potentially rare
Billboard Top 100 Hits Of 1973,"024 - Dr John - Right Place, Wrong Time",,,"Billboard Top 100 Hits Of 1973 - 024 - Dr John - Right Place, Wrong Time.mp3",❌ Not found - likely rare
Billboard Top 100 Hits Of 1973,096 - Edgar Winter Group - Free Ride,,,Billboard Top 100 Hits Of 1973 - 096 - Edgar Winter Group - Free Ride.mp3,❓ Poor matches - potentially rare
Billboard Top 100 Hits Of 1973,053 - Loggins & Messina - Your Mama Don't Dance,,,Billboard Top 100 Hits Of 1973 - 053 - Loggins & Messina - Your Mama Don't Dance.mp3,❓ Poor matches - potentially rare
Billboard Top 100 Hits Of 1973,"034 - Tony Orlando & Dawn - Say, Has Anybody Seen My Sweet Gypsie",,,"Billboard Top 100 Hits Of 1973 - 034 - Tony Orlando & Dawn - Say, Has Anybody Seen My Sweet Gypsie.mp3",❓ Poor matches - potentially rare
Billboard Top 100 Hits Of 1973,073 - Steely Dan - Do It Again,,,Billboard Top 100 Hits Of 1973 - 073 - Steely Dan - Do It Again.mp3,❓ Poor matches - potentially rare
Billboard Top 100 Hits Of 1973,082 - Spinners - One Of A Kind [Love Affair],,,Billboard Top 100 Hits Of 1973 - 082 - Spinners - One Of A Kind [Love Affair].mp3,❌ Not found - likely rare
Billboard Top 100 Hits Of 1973,054 - Chicago - Feelin' Stronger Every Day,,,Billboard Top 100 Hits Of 1973 - 054 - Chicago - Feelin' Stronger Every Day.mp3,❓ Poor matches - potentially rare
Billboard Top 100 Hits Of 1973,067 - Edward Bear - Last Song,,,Billboard Top 100 Hits Of 1973 - 067 - Edward Bear - Last Song.mp3,❓ Poor matches - potentially rare
Billboard Top 100 Hits Of 1973,006 - Kris Kristofferson - Why Me,,,Billboard Top 100 Hits Of 1973 - 006 - Kris Kristofferson - Why Me.mp3,❓ Poor matches - potentially rare
Billboard Top 100 Hits Of 1973,081 - Helen Reddy - Peaceful,,,Billboard Top 100 Hits Of 1973 - 081 - Helen Reddy - Peaceful.mp3,❓ Poor matches - potentially rare
Billboard Top 100 Hits Of 1973,098 - Albert Hammond - It Never Rains In Southern California,,,Billboard Top 100 Hits Of 1973 - 098 - Albert Hammond - It Never Rains In Southern California.mp3,❓ Poor matches - potentially rare
Billboard Top 100 Hits Of 1973,044 - Jermaine Jackson - Daddy's Home,,,Billboard Top 100 Hits Of 1973 - 044 - Jermaine Jackson - Daddy's Home.mp3,❓ Poor matches - potentially rare
Billboard Top 100 Hits Of 1973,047 - Spinners - Could It Be I'm Falling In Love,,,Billboard Top 100 Hits Of 1973 - 047 - Spinners - Could It Be I'm Falling In Love.mp3,❌ Not found - likely rare
Billboard Top 100 Hits Of 1973,012 - Clint Holmes - Playground In My Mind,,,Billboard Top 100 Hits Of 1973 - 012 - Clint Holmes - Playground In My Mind.mp3,❌ Not found - likely rare
Billboard Top 100 Hits Of 1973,084 - Ohio Players - Funky Worm,,,Billboard Top 100 Hits Of 1973 - 084 - Ohio Players - Funky Worm.mp3,❓ Poor matches - potentially rare
Billboard Top 100 Hits Of 1973,007 - Elton John - Crocodile Rock,,,Billboard Top 100 Hits Of 1973 - 007 - Elton John - Crocodile Rock.mp3,❓ Poor matches - potentially rare
Billboard Top 100 Hits Of 1973,072 - Gilbert O'Sullivan - Clair,,,Billboard Top 100 Hits Of 1973 - 072 - Gilbert O'Sullivan - Clair.mp3,❌ Not found - likely rare
Billboard Top 100 Hits Of 1973,083 - Donna Fargo - Funny Face,,,Billboard Top 100 Hits Of 1973 - 083 - Donna Fargo - Funny Face.mp3,❓ Poor matches - potentially rare
Billboard Top 100 Hits Of 1973,020 - Cher - Half Breed,,,Billboard Top 100 Hits Of 1973 - 020 - Cher - Half Breed.mp3,❌ Not found - likely rare
Billboard Top 100 Hits Of 1973,070 - Carpenters - Yesterday Once More,,,Billboard Top 100 Hits Of 1973 - 070 - Carpenters - Yesterday Once More.mp3,❌ Not found - likely rare
Billboard Top 100 Hits Of 1974,085 - Jim Croce - I'll Have To Say I Love You In A Song,,,Billboard Top 100 Hits Of 1974 - 085 - Jim Croce - I'll Have To Say I Love You In A Song.mp3,❓ Poor matches - potentially rare
Billboard Top 100 Hits Of 1974,067 - Bobby Womack - Lookin' For Love,,,Billboard Top 100 Hits Of 1974 - 067 - Bobby Womack - Lookin' For Love.mp3,❓ Poor matches - potentially rare
Billboard Top 100 Hits Of 1974,053 - Joni Mitchell - Help Me,,,Billboard Top 100 Hits Of 1974 - 053 - Joni Mitchell - Help Me.mp3,❓ Poor matches - potentially rare
Billboard Top 100 Hits Of 1974,063 - Bachman Turner Overdrive - Takin' Care Of Business,,,Billboard Top 100 Hits Of 1974 - 063 - Bachman Turner Overdrive - Takin' Care Of Business.mp3,❌ Not found - likely rare
Billboard Top 100 Hits Of 1974,059 - Kool & The Gang - Hollywood Swinging,,,Billboard Top 100 Hits Of 1974 - 059 - Kool & The Gang - Hollywood Swinging.mp3,❌ Not found - likely rare
Billboard Top 100 Hits Of 1974,091 - Diana Ross & Marvin Gaye - My Mistake,,,Billboard Top 100 Hits Of 1974 - 091 - Diana Ross & Marvin Gaye - My Mistake.mp3,❓ Poor matches - potentially rare
Billboard Top 100 Hits Of 1974,031 - Ringo Starr - You're Sixteen,,,Billboard Top 100 Hits Of 1974 - 031 - Ringo Starr - You're Sixteen.mp3,❓ Poor matches - potentially rare
Billboard Top 100 Hits Of 1974,065 - Dave Loggins - Please Come To Boston,,,Billboard Top 100 Hits Of 1974 - 065 - Dave Loggins - Please Come To Boston.mp3,❌ Not found - likely rare
Billboard Top 100 Hits Of 1974,058 - Righteous Brothers - Rock And Roll Heaven,,,Billboard Top 100 Hits Of 1974 - 058 - Righteous Brothers - Rock And Roll Heaven.mp3,❌ Not found - likely rare
Billboard Top 100 Hits Of 1974,096 - Stylistics - Rockin' Roll Baby,,,Billboard Top 100 Hits Of 1974 - 096 - Stylistics - Rockin' Roll Baby.mp3,❓ Poor matches - potentially rare
Billboard Top 100 Hits Of 1974,073 - Chicago - [I've Been] Searchin' So Long,,,Billboard Top 100 Hits Of 1974 - 073 - Chicago - [I've Been] Searchin' So Long.mp3,❌ Not found - likely rare
Billboard Top 100 Hits Of 1974,037 - Billy Preston - Nothing From Nothing,,,Billboard Top 100 Hits Of 1974 - 037 - Billy Preston - Nothing From Nothing.mp3,❌ Not found - likely rare
Billboard Top 100 Hits Of 1974,070 - Cat Stevens - Oh Very Young,,,Billboard Top 100 Hits Of 1974 - 070 - Cat Stevens - Oh Very Young.mp3,❓ Poor matches - potentially rare
Billboard Top 100 Hits Of 1974,047 - Dionne Warwick & Spinners - Then Came You,,,Billboard Top 100 Hits Of 1974 - 047 - Dionne Warwick & Spinners - Then Came You.mp3,❌ Not found - likely rare
Billboard Top 100 Hits Of 1974,028 - Paul Anka - [You're] Having My Baby,,,Billboard Top 100 Hits Of 1974 - 028 - Paul Anka - [You're] Having My Baby.mp3,❓ Poor matches - potentially rare
Billboard Top 100 Hits Of 1974,099 - Fancy - Wild Thing,,,Billboard Top 100 Hits Of 1974 - 099 - Fancy - Wild Thing.mp3,❌ Not found - likely rare
Billboard Top 100 Hits Of 1974,012 - Kool & The Gang - Jungle Boogie,,,Billboard Top 100 Hits Of 1974 - 012 - Kool & The Gang - Jungle Boogie.mp3,❌ Not found - likely rare
Billboard Top 100 Hits Of 1974,092 - Paul McCartney & Wings - Helen Wheels,,,Billboard Top 100 Hits Of 1974 - 092 - Paul McCartney & Wings - Helen Wheels.mp3,❓ Poor matches - potentially rare
Billboard Top 100 Hits Of 1974,083 - Tom T Hall - I Love,,,Billboard Top 100 Hits Of 1974 - 083 - Tom T Hall - I Love.mp3,❓ Poor matches - potentially rare
Billboard Top 100 Hits Of 1974,079 - Mike Oldfield - Tubular Bells,,,Billboard Top 100 Hits Of 1974 - 079 - Mike Oldfield - Tubular Bells.mp3,❌ Not found - likely rare
Billboard Top 100 Hits Of 1974,100 - Spinners - Mighty Love [Part 1],,,Billboard Top 100 Hits Of 1974 - 100 - Spinners - Mighty Love [Part 1].mp3,❓ Poor matches - potentially rare
Billboard Top 100 Hits Of 1974,049 - ABBA - Waterloo,,,Billboard Top 100 Hits Of 1974 - 049 - ABBA - Waterloo.mp3,❓ Poor matches - potentially rare
Billboard Top 100 Hits Of 1974,093 - Jim Stafford - Wildwood Weed,,,Billboard Top 100 Hits Of 1974 - 093 - Jim Stafford - Wildwood Weed.mp3,❌ Not found - likely rare
Billboard Top 100 Hits Of 1974,048 - Marvin Hamlisch - The Entertainer,,,Billboard Top 100 Hits Of 1974 - 048 - Marvin Hamlisch - The Entertainer.mp3,❓ Poor matches - potentially rare
Billboard Top 100 Hits Of 1974,075 - O'Jays - For The Love Of Money,,,Billboard Top 100 Hits Of 1974 - 075 - O'Jays - For The Love Of Money.mp3,❓ Poor matches - potentially rare
Billboard Top 100 Hits Of 1974,007 - MFSB - T.S.O.P,,,Billboard Top 100 Hits Of 1974 - 007 - MFSB - T.S.O.P.mp3,❓ Poor matches - potentially rare
Billboard Top 100 Hits Of 1974,074 - Ringo Starr - Oh My My,,,Billboard Top 100 Hits Of 1974 - 074 - Ringo Starr - Oh My My.mp3,❓ Poor matches - potentially rare
Billboard Top 100 Hits Of 1974,097 - Olivia Newton-John - I Honestly Love You,,,Billboard Top 100 Hits Of 1974 - 097 - Olivia Newton-John - I Honestly Love You.mp3,❓ Poor matches - potentially rare
Billboard Top 100 Hits Of 1974,062 - Mocedades - Eres Tu [Touch The Wind],,,Billboard Top 100 Hits Of 1974 - 062 - Mocedades - Eres Tu [Touch The Wind].mp3,❓ Poor matches - potentially rare
Billboard Top 100 Hits Of 1974,080 - Anne Murray - Love Song,,,Billboard Top 100 Hits Of 1974 - 080 - Anne Murray - Love Song.mp3,❓ Poor matches - potentially rare
Billboard Top 100 Hits Of 1974,043 - Hues Corporation - Rock The Boat,,,Billboard Top 100 Hits Of 1974 - 043 - Hues Corporation - Rock The Boat.mp3,❓ Poor matches - potentially rare
Billboard Top 100 Hits Of 1974,060 - William Devaughn - Be Thankful For What You Got,,,Billboard Top 100 Hits Of 1974 - 060 - William Devaughn - Be Thankful For What You Got.mp3,❌ Not found - likely rare
Billboard Top 100 Hits Of 1974,021 - Bo Donaldson & The Heywoods - Billy Don't Be A Hero,,,Billboard Top 100 Hits Of 1974 - 021 - Bo Donaldson & The Heywoods - Billy Don't Be A Hero.mp3,❌ Not found - likely rare
Billboard Top 100 Hits Of 1974,072 - Elton John - Goodbye Yellow Brick Road,,,Billboard Top 100 Hits Of 1974 - 072 - Elton John - Goodbye Yellow Brick Road.mp3,❌ Not found - likely rare
Billboard Top 100 Hits Of 1974,068 - O'Jays - Put Your Hands Together,,,Billboard Top 100 Hits Of 1974 - 068 - O'Jays - Put Your Hands Together.mp3,❓ Poor matches - potentially rare
Billboard Top 100 Hits Of 1974,066 - Wet Willie - Keep On Smilin',,,Billboard Top 100 Hits Of 1974 - 066 - Wet Willie - Keep On Smilin'.mp3,❌ Not found - likely rare
Billboard Top 100 Hits Of 1974,089 - Charlie Rich - A Very Special Love Song,,,Billboard Top 100 Hits Of 1974 - 089 - Charlie Rich - A Very Special Love Song.mp3,❌ Not found - likely rare
Billboard Top 100 Hits Of 1974,077 - Paul McCartney & Wings - Jet,,,Billboard Top 100 Hits Of 1974 - 077 - Paul McCartney & Wings - Jet.mp3,❌ Not found - likely rare
Billboard Top 100 Hits Of 1974,087 - Lamont Dozier - Trying To Hold On To My Woman,,,Billboard Top 100 Hits Of 1974 - 087 - Lamont Dozier - Trying To Hold On To My Woman.mp3,❌ Not found - likely rare
Billboard Top 100 Hits Of 1974,086 - Sister Janet Mead - The Lord's Prayer,,,Billboard Top 100 Hits Of 1974 - 086 - Sister Janet Mead - The Lord's Prayer.mp3,❓ Poor matches - potentially rare
Billboard Top 100 Hits Of 1974,024 - Jim Croce - Time In A Bottle,,,Billboard Top 100 Hits Of 1974 - 024 - Jim Croce - Time In A Bottle.mp3,❌ Not found - likely rare
Billboard Top 100 Hits Of 1974,081 - Donny & Marie Osmond - I'm Leaving It All Up To You,,,Billboard Top 100 Hits Of 1974 - 081 - Donny & Marie Osmond - I'm Leaving It All Up To You.mp3,❓ Poor matches - potentially rare
Billboard Top 100 Hits Of 1974,052 - James Taylor & Carly Simon - Mockingbird,,,Billboard Top 100 Hits Of 1974 - 052 - James Taylor & Carly Simon - Mockingbird.mp3,❓ Poor matches - potentially rare
Billboard Top 100 Hits Of 1974,064 - Golden Earring - Radar Love,,,Billboard Top 100 Hits Of 1974 - 064 - Golden Earring - Radar Love.mp3,❌ Not found - likely rare
Billboard Top 100 Hits Of 1974,071 - Helen Reddy - Leave Me Alone [Ruby Red Dress],,,Billboard Top 100 Hits Of 1974 - 071 - Helen Reddy - Leave Me Alone [Ruby Red Dress].mp3,❓ Poor matches - potentially rare
Billboard Top 100 Hits Of 1975,021 - Van McCoy & The Soul City Symphony - The Hustle,,,Billboard Top 100 Hits Of 1975 - 021 - Van McCoy & The Soul City Symphony - The Hustle.mp3,❓ Poor matches - potentially rare
Billboard Top 100 Hits Of 1975,069 - Orleans - Dance With Me,,,Billboard Top 100 Hits Of 1975 - 069 - Orleans - Dance With Me.mp3,❓ Poor matches - potentially rare
Billboard Top 100 Hits Of 1975,095 - Dwight Twilley Band - I'm On Fire,,,Billboard Top 100 Hits Of 1975 - 095 - Dwight Twilley Band - I'm On Fire.mp3,❌ Not found - likely rare
Billboard Top 100 Hits Of 1975,089 - Jethro Tull - Bungle In The Jungle,,,Billboard Top 100 Hits Of 1975 - 089 - Jethro Tull - Bungle In The Jungle.mp3,❓ Poor matches - potentially rare
Billboard Top 100 Hits Of 1975,080 - BT Express - Do It [Til You're Satisfied],,,Billboard Top 100 Hits Of 1975 - 080 - BT Express - Do It [Til You're Satisfied].mp3,❓ Poor matches - potentially rare
Billboard Top 100 Hits Of 1975,083 - America - Lonely People,,,Billboard Top 100 Hits Of 1975 - 083 - America - Lonely People.mp3,❓ Poor matches - potentially rare
Billboard Top 100 Hits Of 1975,099 - Frankie Valli - Swearin' To God,,,Billboard Top 100 Hits Of 1975 - 099 - Frankie Valli - Swearin' To God.mp3,❌ Not found - likely rare
Billboard Top 100 Hits Of 1975,012 - Eagles - Best Of My Love,,,Billboard Top 100 Hits Of 1975 - 012 - Eagles - Best Of My Love.mp3,❓ Poor matches - potentially rare
Billboard Top 100 Hits Of 1975,079 - Eddie Kendricks - Shoeshine Boy,,,Billboard Top 100 Hits Of 1975 - 079 - Eddie Kendricks - Shoeshine Boy.mp3,❓ Poor matches - potentially rare
Billboard Top 100 Hits Of 1975,084 - Rufus & Chaka Khan - You Got The Love,,,Billboard Top 100 Hits Of 1975 - 084 - Rufus & Chaka Khan - You Got The Love.mp3,❓ Poor matches - potentially rare
Billboard Top 100 Hits Of 1975,077 - John Denver - I'm Sorry,,,Billboard Top 100 Hits Of 1975 - 077 - John Denver - I'm Sorry.mp3,❓ Poor matches - potentially rare
Billboard Top 100 Hits Of 1975,072 - Paul Anka - I Don't Like To Sleep Alone,,,Billboard Top 100 Hits Of 1975 - 072 - Paul Anka - I Don't Like To Sleep Alone.mp3,❓ Poor matches - potentially rare
Billboard Top 100 Hits Of 1975,"059 - Earth, Wind & Fire - That's The Way Of The World",,,"Billboard Top 100 Hits Of 1975 - 059 - Earth, Wind & Fire - That's The Way Of The World.mp3",❓ Poor matches - potentially rare
Billboard Top 100 Hits Of 1975,066 - Paul Anka & Odia Coates - One Man Woman-One Woman Man,,,Billboard Top 100 Hits Of 1975 - 066 - Paul Anka & Odia Coates - One Man Woman-One Woman Man.mp3,❓ Poor matches - potentially rare
Billboard Top 100 Hits Of 1975,065 - Joe Cocker - You Are So Beautiful,,,Billboard Top 100 Hits Of 1975 - 065 - Joe Cocker - You Are So Beautiful.mp3,❓ Poor matches - potentially rare
Billboard Top 100 Hits Of 1975,093 - Neil Sedaka - Bad Blood,,,Billboard Top 100 Hits Of 1975 - 093 - Neil Sedaka - Bad Blood.mp3,❓ Poor matches - potentially rare
Billboard Top 100 Hits Of 1975,085 - Mike Post - Rockford Files,,,Billboard Top 100 Hits Of 1975 - 085 - Mike Post - Rockford Files.mp3,❓ Poor matches - potentially rare
Billboard Top 100 Hits Of 1975,061 - Grand Funk - Bad Time,,,Billboard Top 100 Hits Of 1975 - 061 - Grand Funk - Bad Time.mp3,❓ Poor matches - potentially rare
Billboard Top 100 Hits Of 1975,082 - Al Green - Sha La La [Makes Me Happy],,,Billboard Top 100 Hits Of 1975 - 082 - Al Green - Sha La La [Makes Me Happy].mp3,❓ Poor matches - potentially rare
Billboard Top 100 Hits Of 1975,049 - Olivia Newton-John - Please Mr Please,,,Billboard Top 100 Hits Of 1975 - 049 - Olivia Newton-John - Please Mr Please.mp3,❓ Poor matches - potentially rare
Billboard Top 100 Hits Of 1975,067 - Bad Company - Feel Like Making Love,,,Billboard Top 100 Hits Of 1975 - 067 - Bad Company - Feel Like Making Love.mp3,❓ Poor matches - potentially rare
Billboard Top 100 Hits Of 1975,020 - Average White Band - Pick Up The Pieces,,,Billboard Top 100 Hits Of 1975 - 020 - Average White Band - Pick Up The Pieces.mp3,❓ Poor matches - potentially rare
Billboard Top 100 Hits Of 1975,052 - Blackbyrds - Walking In Rhythm,,,Billboard Top 100 Hits Of 1975 - 052 - Blackbyrds - Walking In Rhythm.mp3,❓ Poor matches - potentially rare
Billboard Top 100 Hits Of 1975,070 - Average White Band - Cut The Cake,,,Billboard Top 100 Hits Of 1975 - 070 - Average White Band - Cut The Cake.mp3,❓ Poor matches - potentially rare
Billboard Top 100 Hits Of 1975,073 - Donny & Marie Osmond - Morning Side Of The Mountain,,,Billboard Top 100 Hits Of 1975 - 073 - Donny & Marie Osmond - Morning Side Of The Mountain.mp3,❌ Not found - likely rare
Billboard Top 100 Hits Of 1975,007 - David Bowie - Fame,,,Billboard Top 100 Hits Of 1975 - 007 - David Bowie - Fame.mp3,❓ Poor matches - potentially rare
Billboard Top 100 Hits Of 1975,097 - Amazing Rhythm Aces - Third Rate Romance,,,Billboard Top 100 Hits Of 1975 - 097 - Amazing Rhythm Aces - Third Rate Romance.mp3,❌ Not found - likely rare
Billboard Top 100 Hits Of 1975,094 - Carpenters - Only Yesterday,,,Billboard Top 100 Hits Of 1975 - 094 - Carpenters - Only Yesterday.mp3,❓ Poor matches - potentially rare
Billboard Top 100 Hits Of 1975,053 - Gladys Knight & The Pips - Way We Were-Try To Remember,,,Billboard Top 100 Hits Of 1975 - 053 - Gladys Knight & The Pips - Way We Were-Try To Remember.mp3,❓ Poor matches - potentially rare
Billboard Top 100 Hits Of 1975,026 - Freddy Fender - Wasted Days And Wasted Nights,,,Billboard Top 100 Hits Of 1975 - 026 - Freddy Fender - Wasted Days And Wasted Nights.mp3,❓ Poor matches - potentially rare
Billboard Top 100 Hits Of 1975,058 - Bt Express - Express,,,Billboard Top 100 Hits Of 1975 - 058 - Bt Express - Express.mp3,❓ Poor matches - potentially rare
Billboard Top 100 Hits Of 1975,064 - KC & The Sunshine Band - Get Down Tonight,,,Billboard Top 100 Hits Of 1975 - 064 - KC & The Sunshine Band - Get Down Tonight.mp3,❓ Poor matches - potentially rare
Billboard Top 100 Hits Of 1976,058 - John Sebastian - Welcome Back,,,Billboard Top 100 Hits Of 1976 - 058 - John Sebastian - Welcome Back.mp3,❓ Poor matches - potentially rare
Billboard Top 100 Hits Of 1976,024 - Silver Convention - Get Up And Boogie,,,Billboard Top 100 Hits Of 1976 - 024 - Silver Convention - Get Up And Boogie.mp3,❓ Poor matches - potentially rare
Billboard Top 100 Hits Of 1976,092 - Parliament & George Clinton - Tear The Roof Off The Sucker,,,Billboard Top 100 Hits Of 1976 - 092 - Parliament & George Clinton - Tear The Roof Off The Sucker.mp3,❓ Poor matches - potentially rare
Billboard Top 100 Hits Of 1976,097 - Thin Lizzy - The Boys Are Back In Town,,,Billboard Top 100 Hits Of 1976 - 097 - Thin Lizzy - The Boys Are Back In Town.mp3,❓ Poor matches - potentially rare
Billboard Top 100 Hits Of 1976,089 - Candi Staton - Young Hearts Run Free,,,Billboard Top 100 Hits Of 1976 - 089 - Candi Staton - Young Hearts Run Free.mp3,❓ Poor matches - potentially rare
Billboard Top 100 Hits Of 1976,043 - Diana Ross - Theme From Mahogany,,,Billboard Top 100 Hits Of 1976 - 043 - Diana Ross - Theme From Mahogany.mp3,❓ Poor matches - potentially rare
Billboard Top 100 Hits Of 1976,057 - C W McCall - Convoy,,,Billboard Top 100 Hits Of 1976 - 057 - C W McCall - Convoy.mp3,❓ Poor matches - potentially rare
Billboard Top 100 Hits Of 1976,063 - Bay City Rollers - Saturday Night,,,Billboard Top 100 Hits Of 1976 - 063 - Bay City Rollers - Saturday Night.mp3,❓ Poor matches - potentially rare
Billboard Top 100 Hits Of 1976,044 - Rufus & Chaka Khan - Sweet Thing,,,Billboard Top 100 Hits Of 1976 - 044 - Rufus & Chaka Khan - Sweet Thing.mp3,❓ Poor matches - potentially rare
Billboard Top 100 Hits Of 1976,083 - Queen - You're My Best Friend,,,Billboard Top 100 Hits Of 1976 - 083 - Queen - You're My Best Friend.mp3,❓ Poor matches - potentially rare
Billboard Top 100 Hits Of 1976,086 - Ohio Players - Who'd She Coo,,,Billboard Top 100 Hits Of 1976 - 086 - Ohio Players - Who'd She Coo.mp3,❓ Poor matches - potentially rare
Billboard Top 100 Hits Of 1976,069 - Electric Light Orchestra - Evil Woman,,,Billboard Top 100 Hits Of 1976 - 069 - Electric Light Orchestra - Evil Woman.mp3,❓ Poor matches - potentially rare
Billboard Top 100 Hits Of 1976,047 - Henry Gross - Shannon,,,Billboard Top 100 Hits Of 1976 - 047 - Henry Gross - Shannon.mp3,❓ Poor matches - potentially rare
Billboard Top 100 Hits Of 1976,080 - Hall & Oates - She's Gone,,,Billboard Top 100 Hits Of 1976 - 080 - Hall & Oates - She's Gone.mp3,❓ Poor matches - potentially rare
Billboard Top 100 Hits Of 1976,065 - Staple Singers - Let's Do It Again,,,Billboard Top 100 Hits Of 1976 - 065 - Staple Singers - Let's Do It Again.mp3,❓ Poor matches - potentially rare
Billboard Top 100 Hits Of 1976,029 - Rhythm Heritage - Theme From S W A T,,,Billboard Top 100 Hits Of 1976 - 029 - Rhythm Heritage - Theme From S W A T.mp3,❓ Poor matches - potentially rare
Billboard Top 100 Hits Of 1976,033 - David Bowie - Golden Years,,,Billboard Top 100 Hits Of 1976 - 033 - David Bowie - Golden Years.mp3,❓ Poor matches - potentially rare
Billboard Top 100 Hits Of 1976,"059 - Earth, Wind & Fire - Sing A Song",,,"Billboard Top 100 Hits Of 1976 - 059 - Earth, Wind & Fire - Sing A Song.mp3",❓ Poor matches - potentially rare
Billboard Top 100 Hits Of 1976,038 - Vicki Sue Robinson - Turn The Beat Around,,,Billboard Top 100 Hits Of 1976 - 038 - Vicki Sue Robinson - Turn The Beat Around.mp3,❓ Poor matches - potentially rare
Billboard Top 100 Hits Of 1976,095 - Kiss - Rock And Roll All Night [Live],,,Billboard Top 100 Hits Of 1976 - 095 - Kiss - Rock And Roll All Night [Live].mp3,❓ Poor matches - potentially rare
Billboard Top 100 Hits Of 1976,077 - Beatles - Got To Get You Into My Life,,,Billboard Top 100 Hits Of 1976 - 077 - Beatles - Got To Get You Into My Life.mp3,❓ Poor matches - potentially rare
Billboard Top 100 Hits Of 1976,073 - War - Summer,,,Billboard Top 100 Hits Of 1976 - 073 - War - Summer.mp3,❓ Poor matches - potentially rare
Billboard Top 100 Hits Of 1976,072 - Harold Melvin & The Bluenotes - Wake Up Everybody [Part],,,Billboard Top 100 Hits Of 1976 - 072 - Harold Melvin & The Bluenotes - Wake Up Everybody [Part].mp3,❓ Poor matches - potentially rare
Billboard Top 100 Hits Of 1976,039 - Captain & Tennille - Lonely Night [Angel Face],,,Billboard Top 100 Hits Of 1976 - 039 - Captain & Tennille - Lonely Night [Angel Face].mp3,❓ Poor matches - potentially rare
Billboard Top 100 Hits Of 1976,042 - Donny & Marie Osmond - Deep Purple,,,Billboard Top 100 Hits Of 1976 - 042 - Donny & Marie Osmond - Deep Purple.mp3,❓ Poor matches - potentially rare
Billboard Top 100 Hits Of 1976,036 - Bellamy Brothers - Let Your Love Flow,,,Billboard Top 100 Hits Of 1976 - 036 - Bellamy Brothers - Let Your Love Flow.mp3,❓ Poor matches - potentially rare
Billboard Top 100 Hits Of 1976,056 - Elvin Bishop - Fooled Around And Fell In Love,,,Billboard Top 100 Hits Of 1976 - 056 - Elvin Bishop - Fooled Around And Fell In Love.mp3,❓ Poor matches - potentially rare
Billboard Top 100 Hits Of 1976,053 - Fleetwood Mac - Say You Love Me,,,Billboard Top 100 Hits Of 1976 - 053 - Fleetwood Mac - Say You Love Me.mp3,❓ Poor matches - potentially rare
Billboard Top 100 Hits Of 1976,066 - Paul McCartney & Wings - Let 'em In,,,Billboard Top 100 Hits Of 1976 - 066 - Paul McCartney & Wings - Let 'em In.mp3,❓ Poor matches - potentially rare
Billboard Top 100 Hits Of 1976,012 - Starland Vocal Band - Afternoon Delight,,,Billboard Top 100 Hits Of 1976 - 012 - Starland Vocal Band - Afternoon Delight.mp3,❓ Poor matches - potentially rare
Billboard Top 100 Hits Of 1976,094 - Barry Manilow - Tryin' To Get The Feeling Again,,,Billboard Top 100 Hits Of 1976 - 094 - Barry Manilow - Tryin' To Get The Feeling Again.mp3,❓ Poor matches - potentially rare
Billboard Top 100 Hits Of 1976,"088 - Peter Frampton - Baby, I Love Your Way",,,"Billboard Top 100 Hits Of 1976 - 088 - Peter Frampton - Baby, I Love Your Way.mp3",❓ Poor matches - potentially rare
Billboard Top 100 Hits Of 1976,007 - Miracles - Love Machine [Part 1],,,Billboard Top 100 Hits Of 1976 - 007 - Miracles - Love Machine [Part 1].mp3,❓ Poor matches - potentially rare
Billboard Top 100 Hits Of 1976,099 - Who - Squeeze Box,,,Billboard Top 100 Hits Of 1976 - 099 - Who - Squeeze Box.mp3,❌ Not found - likely rare
Billboard Top 100 Hits Of 1976,025 - Eagles - Take It To The Limit,,,Billboard Top 100 Hits Of 1976 - 025 - Eagles - Take It To The Limit.mp3,❓ Poor matches - potentially rare
Billboard Top 100 Hits Of 1976,054 - Paul Anka - Times Of Your Life,,,Billboard Top 100 Hits Of 1976 - 054 - Paul Anka - Times Of Your Life.mp3,❓ Poor matches - potentially rare
Billboard Top 100 Hits Of 1976,037 - Gary Wright - Dream Weaver,,,Billboard Top 100 Hits Of 1976 - 037 - Gary Wright - Dream Weaver.mp3,❓ Poor matches - potentially rare
Billboard Top 100 Hits Of 1976,081 - Beach Boys - Rock And Roll Music,,,Billboard Top 100 Hits Of 1976 - 081 - Beach Boys - Rock And Roll Music.mp3,❓ Poor matches - potentially rare
Billboard Top 100 Hits Of 1976,046 - Dr Hook - A Little Bit More,,,Billboard Top 100 Hits Of 1976 - 046 - Dr Hook - A Little Bit More.mp3,❓ Poor matches - potentially rare
Billboard Top 100 Hits Of 1976,068 - George Benson - This Masquerade,,,Billboard Top 100 Hits Of 1976 - 068 - George Benson - This Masquerade.mp3,❓ Poor matches - potentially rare
Billboard Top 100 Hits Of 1976,090 - Neil Sedaka - Breaking Up Is Hard To Do,,,Billboard Top 100 Hits Of 1976 - 090 - Neil Sedaka - Breaking Up Is Hard To Do.mp3,❓ Poor matches - potentially rare
Billboard Top 100 Hits Of 1976,060 - Tavares - Heaven Must Be Missing An Angel,,,Billboard Top 100 Hits Of 1976 - 060 - Tavares - Heaven Must Be Missing An Angel.mp3,❓ Poor matches - potentially rare
Billboard Top 100 Hits Of 1976,051 - Aerosmith - Dream On,,,Billboard Top 100 Hits Of 1976 - 051 - Aerosmith - Dream On.mp3,❓ Poor matches - potentially rare
Billboard Top 100 Hits Of 1976,"079 - Earth, Wind & Fire - Getaway",,,"Billboard Top 100 Hits Of 1976 - 079 - Earth, Wind & Fire - Getaway.mp3",❓ Poor matches - potentially rare
Billboard Top 100 Hits Of 1976,070 - Silver - Wham Bam,,,Billboard Top 100 Hits Of 1976 - 070 - Silver - Wham Bam.mp3,❓ Poor matches - potentially rare
Billboard Top 100 Hits Of 1976,021 - England Dan & John Ford Coley - I'd Really Love To See You Tonight,,,Billboard Top 100 Hits Of 1976 - 021 - England Dan & John Ford Coley - I'd Really Love To See You Tonight.mp3,❓ Poor matches - potentially rare
Billboard Top 100 Hits Of 1976,"067 - Wing & A Prayer, File & Drum Corps - Baby Face",,,"Billboard Top 100 Hits Of 1976 - 067 - Wing & A Prayer, File & Drum Corps - Baby Face.mp3",❓ Poor matches - potentially rare
Billboard Top 100 Hits Of 1976,020 - Sylvers - Boogie Fever,,,Billboard Top 100 Hits Of 1976 - 020 - Sylvers - Boogie Fever.mp3,❓ Poor matches - potentially rare
Billboard Top 100 Hits Of 1977,091 - Dr Buzzard's Original Savannah Band - Whispering-Cherch,,,Billboard Top 100 Hits Of 1977 - 091 - Dr Buzzard's Original Savannah Band - Whispering-Cherch.mp3,❌ Not found - likely rare
Billboard Top 100 Hits Of 1977,064 - Elvis Presley - Way Down,,,Billboard Top 100 Hits Of 1977 - 064 - Elvis Presley - Way Down.mp3,❓ Poor matches - potentially rare
Billboard Top 100 Hits Of 1977,054 - Brothers Johnson - Strawberry Letter 23,,,Billboard Top 100 Hits Of 1977 - 054 - Brothers Johnson - Strawberry Letter 23.mp3,❓ Poor matches - potentially rare
Billboard Top 100 Hits Of 1977,046 - James Taylor - Handy Man,,,Billboard Top 100 Hits Of 1977 - 046 - James Taylor - Handy Man.mp3,❓ Poor matches - potentially rare
Billboard Top 100 Hits Of 1977,082 - Alice Cooper - I Never Cry,,,Billboard Top 100 Hits Of 1977 - 082 - Alice Cooper - I Never Cry.mp3,❓ Poor matches - potentially rare
Billboard Top 100 Hits Of 1977,078 - Supertramp - Give A Little Bit,,,Billboard Top 100 Hits Of 1977 - 078 - Supertramp - Give A Little Bit.mp3,❓ Poor matches - potentially rare
Billboard Top 100 Hits Of 1977,083 - Carly Simon - Nobody Does It Better,,,Billboard Top 100 Hits Of 1977 - 083 - Carly Simon - Nobody Does It Better.mp3,❓ Poor matches - potentially rare
Billboard Top 100 Hits Of 1977,081 - Spinners - The Rubberband Man,,,Billboard Top 100 Hits Of 1977 - 081 - Spinners - The Rubberband Man.mp3,❓ Poor matches - potentially rare
Billboard Top 100 Hits Of 1977,055 - Bob Seger & The Silver Bullet Band - Night Moves,,,Billboard Top 100 Hits Of 1977 - 055 - Bob Seger & The Silver Bullet Band - Night Moves.mp3,❓ Poor matches - potentially rare
Billboard Top 100 Hits Of 1977,035 - Natalie Cole - I've Got Love On My Mind,,,Billboard Top 100 Hits Of 1977 - 035 - Natalie Cole - I've Got Love On My Mind.mp3,❓ Poor matches - potentially rare
Billboard Top 100 Hits Of 1977,096 - B.J. Thomas - Don't Worry Baby,,,Billboard Top 100 Hits Of 1977 - 096 - B.J. Thomas - Don't Worry Baby.mp3,❌ Not found - likely rare
Billboard Top 100 Hits Of 1977,048 - Alice Cooper - You And Me,,,Billboard Top 100 Hits Of 1977 - 048 - Alice Cooper - You And Me.mp3,❓ Poor matches - potentially rare
Billboard Top 100 Hits Of 1977,079 - Shaun Cassidy - That's Rock N Roll,,,Billboard Top 100 Hits Of 1977 - 079 - Shaun Cassidy - That's Rock N Roll.mp3,❌ Not found - likely rare
Billboard Top 100 Hits Of 1977,021 - Bill Conti - Theme From Rocky [Gonna Fly Now],,,Billboard Top 100 Hits Of 1977 - 021 - Bill Conti - Theme From Rocky [Gonna Fly Now].mp3,❓ Poor matches - potentially rare
Billboard Top 100 Hits Of 1977,092 - Al Stewart - Year Of The Cat,,,Billboard Top 100 Hits Of 1977 - 092 - Al Stewart - Year Of The Cat.mp3,❓ Poor matches - potentially rare
Billboard Top 100 Hits Of 1977,026 - Rose Royce - Car Wash,,,Billboard Top 100 Hits Of 1977 - 026 - Rose Royce - Car Wash.mp3,❓ Poor matches - potentially rare
Billboard Top 100 Hits Of 1977,066 - Ronnie Milsap - It Was Almost Like A Song,,,Billboard Top 100 Hits Of 1977 - 066 - Ronnie Milsap - It Was Almost Like A Song.mp3,❓ Poor matches - potentially rare
Billboard Top 100 Hits Of 1977,062 - Steve Miller Band - Jet Airliner,,,Billboard Top 100 Hits Of 1977 - 062 - Steve Miller Band - Jet Airliner.mp3,❓ Poor matches - potentially rare
Billboard Top 100 Hits Of 1977,"097 - ABBA - Knowing Me, Knowing You",,,"Billboard Top 100 Hits Of 1977 - 097 - ABBA - Knowing Me, Knowing You.mp3",❓ Poor matches - potentially rare
Billboard Top 100 Hits Of 1977,089 - Captain & Tennille - Muskrat Love,,,Billboard Top 100 Hits Of 1977 - 089 - Captain & Tennille - Muskrat Love.mp3,❓ Poor matches - potentially rare
Billboard Top 100 Hits Of 1977,080 - Bee Gees - Love So Right,,,Billboard Top 100 Hits Of 1977 - 080 - Bee Gees - Love So Right.mp3,❓ Poor matches - potentially rare
Billboard Top 100 Hits Of 1977,024 - Leo Sayer - When I Need You,,,Billboard Top 100 Hits Of 1977 - 024 - Leo Sayer - When I Need You.mp3,❓ Poor matches - potentially rare
Billboard Top 100 Hits Of 1977,085 - Kenny Nolan - Love's Grown Deep,,,Billboard Top 100 Hits Of 1977 - 085 - Kenny Nolan - Love's Grown Deep.mp3,❓ Poor matches - potentially rare
Billboard Top 100 Hits Of 1977,056 - Helen Reddy - You're My World,,,Billboard Top 100 Hits Of 1977 - 056 - Helen Reddy - You're My World.mp3,❓ Poor matches - potentially rare
Billboard Top 100 Hits Of 1977,037 - Barry Manilow - Looks Like We Made It,,,Billboard Top 100 Hits Of 1977 - 037 - Barry Manilow - Looks Like We Made It.mp3,❓ Poor matches - potentially rare
Billboard Top 100 Hits Of 1977,063 - Burton Cummings - Stand Tall,,,Billboard Top 100 Hits Of 1977 - 063 - Burton Cummings - Stand Tall.mp3,❓ Poor matches - potentially rare
Billboard Top 100 Hits Of 1977,088 - Queen - Somebody To Love,,,Billboard Top 100 Hits Of 1977 - 088 - Queen - Somebody To Love.mp3,❓ Poor matches - potentially rare
Billboard Top 100 Hits Of 1977,099 - John Williams - Star Wars [Main Title],,,Billboard Top 100 Hits Of 1977 - 099 - John Williams - Star Wars [Main Title].mp3,❌ Not found - likely rare
Billboard Top 100 Hits Of 1977,006 - Kenny Nolan - I Like Dreamin',,,Billboard Top 100 Hits Of 1977 - 006 - Kenny Nolan - I Like Dreamin'.mp3,❓ Poor matches - potentially rare
Billboard Top 100 Hits Of 1977,077 - Electric Light Orchestra - Livin' Thing,,,Billboard Top 100 Hits Of 1977 - 077 - Electric Light Orchestra - Livin' Thing.mp3,❓ Poor matches - potentially rare
Billboard Top 100 Hits Of 1977,059 - Eagles - New Kid In Town,,,Billboard Top 100 Hits Of 1977 - 059 - Eagles - New Kid In Town.mp3,❓ Poor matches - potentially rare
Billboard Top 100 Hits Of 1977,007 - Thelma Houston - Don't Leave Me This Way,,,Billboard Top 100 Hits Of 1977 - 007 - Thelma Houston - Don't Leave Me This Way.mp3,❓ Poor matches - potentially rare
Billboard Top 100 Hits Of 1977,012 - ABBA - Dancing Queen,,,Billboard Top 100 Hits Of 1977 - 012 - ABBA - Dancing Queen.mp3,❓ Poor matches - potentially rare
Billboard Top 100 Hits Of 1977,"047 - Crosby, Stills & Nash - Just A Song Before I Go",,,"Billboard Top 100 Hits Of 1977 - 047 - Crosby, Stills & Nash - Just A Song Before I Go.mp3",❓ Poor matches - potentially rare
Billboard Top 100 Hits Of 1977,049 - Johnny Rivers - Slow Dancin' [Swayin' To The Music],,,Billboard Top 100 Hits Of 1977 - 049 - Johnny Rivers - Slow Dancin' [Swayin' To The Music].mp3,❓ Poor matches - potentially rare
Billboard Top 100 Hits Of 1977,067 - Sanford Townsend Band - Smoke From A Distant Fire,,,Billboard Top 100 Hits Of 1977 - 067 - Sanford Townsend Band - Smoke From A Distant Fire.mp3,❓ Poor matches - potentially rare
Billboard Top 100 Hits Of 1977,073 - David Dundas - Jeans On,,,Billboard Top 100 Hits Of 1977 - 073 - David Dundas - Jeans On.mp3,❓ Poor matches - potentially rare
Billboard Top 100 Hits Of 1977,042 - Peter Frampton - I'm In You,,,Billboard Top 100 Hits Of 1977 - 042 - Peter Frampton - I'm In You.mp3,❓ Poor matches - potentially rare
Billboard Top 100 Hits Of 1977,034 - Jennifer Warnes - Right Time Of The Night,,,Billboard Top 100 Hits Of 1977 - 034 - Jennifer Warnes - Right Time Of The Night.mp3,❓ Poor matches - potentially rare
Billboard Top 100 Hits Of 1977,020 - Marvin Gaye - Got To Give It Up [Part 1],,,Billboard Top 100 Hits Of 1977 - 020 - Marvin Gaye - Got To Give It Up [Part 1].mp3,❓ Poor matches - potentially rare
Billboard Top 100 Hits Of 1977,094 - Fleetwood Mac - Go Your Own Way,,,Billboard Top 100 Hits Of 1977 - 094 - Fleetwood Mac - Go Your Own Way.mp3,❓ Poor matches - potentially rare
Billboard Top 100 Hits Of 1977,074 - Boz Scaggs - Lido Shuffle,,,Billboard Top 100 Hits Of 1977 - 074 - Boz Scaggs - Lido Shuffle.mp3,❓ Poor matches - potentially rare
Billboard Top 100 Hits Of 1977,065 - Barry Manilow - Weekend In New England,,,Billboard Top 100 Hits Of 1977 - 065 - Barry Manilow - Weekend In New England.mp3,❓ Poor matches - potentially rare
Billboard Top 100 Hits Of 1977,060 - Barbra Streisand - My Heart Belongs To Me,,,Billboard Top 100 Hits Of 1977 - 060 - Barbra Streisand - My Heart Belongs To Me.mp3,❓ Poor matches - potentially rare
Billboard Top 100 Hits Of 1977,069 - Dean Friedman - Ariel,,,Billboard Top 100 Hits Of 1977 - 069 - Dean Friedman - Ariel.mp3,❓ Poor matches - potentially rare
Billboard Top 100 Hits Of 1977,058 - Kansas - Carry On Wayward Son,,,Billboard Top 100 Hits Of 1977 - 058 - Kansas - Carry On Wayward Son.mp3,❓ Poor matches - potentially rare
Billboard Top 100 Hits Of 1978,068 - Shaun Cassidy - Hey Deanie,,,Billboard Top 100 Hits Of 1978 - 068 - Shaun Cassidy - Hey Deanie.mp3,❓ Poor matches - potentially rare
Billboard Top 100 Hits Of 1978,061 - Linda Ronstadt - Blue Bayou,,,Billboard Top 100 Hits Of 1978 - 061 - Linda Ronstadt - Blue Bayou.mp3,❓ Poor matches - potentially rare
Billboard Top 100 Hits Of 1978,099 - Bob Seger & The Silver Bullet Band - Hollywood Nights,,,Billboard Top 100 Hits Of 1978 - 099 - Bob Seger & The Silver Bullet Band - Hollywood Nights.mp3,❓ Poor matches - potentially rare
Billboard Top 100 Hits Of 1978,038 - Roberta Flack & Donny Hathaway - The Closer I Get To You,,,Billboard Top 100 Hits Of 1978 - 038 - Roberta Flack & Donny Hathaway - The Closer I Get To You.mp3,❓ Poor matches - potentially rare
Billboard Top 100 Hits Of 1978,060 - Dolly Parton - Here You Come Again,,,Billboard Top 100 Hits Of 1978 - 060 - Dolly Parton - Here You Come Again.mp3,❓ Poor matches - potentially rare
Billboard Top 100 Hits Of 1978,033 - Dan Hill - Sometimes When We Touch,,,Billboard Top 100 Hits Of 1978 - 033 - Dan Hill - Sometimes When We Touch.mp3,❓ Poor matches - potentially rare
Billboard Top 100 Hits Of 1978,081 - Michael Johnson - Bluer Than Blue,,,Billboard Top 100 Hits Of 1978 - 081 - Michael Johnson - Bluer Than Blue.mp3,❓ Poor matches - potentially rare
Billboard Top 100 Hits Of 1978,"077 - Earth, Wind & Fire - Serpentine Fire",,,"Billboard Top 100 Hits Of 1978 - 077 - Earth, Wind & Fire - Serpentine Fire.mp3",❓ Poor matches - potentially rare
Billboard Top 100 Hits Of 1978,037 - Rod Stewart - Your're In My Heart,,,Billboard Top 100 Hits Of 1978 - 037 - Rod Stewart - Your're In My Heart.mp3,❓ Poor matches - potentially rare
Billboard Top 100 Hits Of 1978,021 - Chuck Mangione - Feels So Good,,,Billboard Top 100 Hits Of 1978 - 021 - Chuck Mangione - Feels So Good.mp3,❓ Poor matches - potentially rare
Billboard Top 100 Hits Of 1978,072 - Patti Smith - Because The Night,,,Billboard Top 100 Hits Of 1978 - 072 - Patti Smith - Because The Night.mp3,❓ Poor matches - potentially rare
Billboard Top 100 Hits Of 1978,020 - Chic - Dance Dance Dance,,,Billboard Top 100 Hits Of 1978 - 020 - Chic - Dance Dance Dance.mp3,❓ Poor matches - potentially rare
Billboard Top 100 Hits Of 1978,065 - Little River Band - Reminiscing,,,Billboard Top 100 Hits Of 1978 - 065 - Little River Band - Reminiscing.mp3,❓ Poor matches - potentially rare
Billboard Top 100 Hits Of 1978,051 - Atlanta Rhythm Section - Imaginary Lover,,,Billboard Top 100 Hits Of 1978 - 051 - Atlanta Rhythm Section - Imaginary Lover.mp3,❓ Poor matches - potentially rare
Billboard Top 100 Hits Of 1978,044 - Pablo Cruise - Love Will Find A Way,,,Billboard Top 100 Hits Of 1978 - 044 - Pablo Cruise - Love Will Find A Way.mp3,❓ Poor matches - potentially rare
Billboard Top 100 Hits Of 1978,012 - Paul Davis - I Go Crazy,,,Billboard Top 100 Hits Of 1978 - 012 - Paul Davis - I Go Crazy.mp3,❓ Poor matches - potentially rare
Billboard Top 100 Hits Of 1978,078 - Bob Welch - Sentimental Lady,,,Billboard Top 100 Hits Of 1978 - 078 - Bob Welch - Sentimental Lady.mp3,❓ Poor matches - potentially rare
Billboard Top 100 Hits Of 1978,070 - Lynyrd Skynyrd - What's Your Name,,,Billboard Top 100 Hits Of 1978 - 070 - Lynyrd Skynyrd - What's Your Name.mp3,❓ Poor matches - potentially rare
Billboard Top 100 Hits Of 1978,064 - Evelyn 'Champagne' King - Shame,,,Billboard Top 100 Hits Of 1978 - 064 - Evelyn 'Champagne' King - Shame.mp3,❓ Poor matches - potentially rare
Billboard Top 100 Hits Of 1978,053 - Toby Beau - My Angel Baby,,,Billboard Top 100 Hits Of 1978 - 053 - Toby Beau - My Angel Baby.mp3,❓ Poor matches - potentially rare
Billboard Top 100 Hits Of 1978,023 - Sweet - Love Is Like Oxygen,,,Billboard Top 100 Hits Of 1978 - 023 - Sweet - Love Is Like Oxygen.mp3,❓ Poor matches - potentially rare
Billboard Top 100 Hits Of 1978,007 - Player - Baby Come Back,,,Billboard Top 100 Hits Of 1978 - 007 - Player - Baby Come Back.mp3,❓ Poor matches - potentially rare
Billboard Top 100 Hits Of 1978,022 - Nick Gilder - Hot Child In The City,,,Billboard Top 100 Hits Of 1978 - 022 - Nick Gilder - Hot Child In The City.mp3,❓ Poor matches - potentially rare
Billboard Top 100 Hits Of 1978,079 - Leblanc & Carr - Falling,,,Billboard Top 100 Hits Of 1978 - 079 - Leblanc & Carr - Falling.mp3,❓ Poor matches - potentially rare
Billboard Top 100 Hits Of 1978,048 - Paul Simon - Slip Slidin' Away,,,Billboard Top 100 Hits Of 1978 - 048 - Paul Simon - Slip Slidin' Away.mp3,❓ Poor matches - potentially rare
Billboard Top 100 Hits Of 1978,069 - John Travolta & Olivia Newton-John - Summer Nights,,,Billboard Top 100 Hits Of 1978 - 069 - John Travolta & Olivia Newton-John - Summer Nights.mp3,❓ Poor matches - potentially rare
Billboard Top 100 Hits Of 1978,096 - Bob Welch - Ebony Eyes,,,Billboard Top 100 Hits Of 1978 - 096 - Bob Welch - Ebony Eyes.mp3,❓ Poor matches - potentially rare
Billboard Top 100 Hits Of 1978,025 - Queen - We Will Rock You,,,Billboard Top 100 Hits Of 1978 - 025 - Queen - We Will Rock You.mp3,❓ Poor matches - potentially rare
Billboard Top 100 Hits Of 1978,091 - Odyssey - Native New Yorker,,,Billboard Top 100 Hits Of 1978 - 091 - Odyssey - Native New Yorker.mp3,❓ Poor matches - potentially rare
Billboard Top 100 Hits Of 1978,080 - Santa Esmeralda - Don't Let Me Be Misunderstood,,,Billboard Top 100 Hits Of 1978 - 080 - Santa Esmeralda - Don't Let Me Be Misunderstood.mp3,❓ Poor matches - potentially rare
Billboard Top 100 Hits Of 1978,084 - Chris Rea - Fool [If You Think It's Over],,,Billboard Top 100 Hits Of 1978 - 084 - Chris Rea - Fool [If You Think It's Over].mp3,❓ Poor matches - potentially rare
Billboard Top 100 Hits Of 1978,098 - Rita Coolidge - We're All Alone,,,Billboard Top 100 Hits Of 1978 - 098 - Rita Coolidge - We're All Alone.mp3,❓ Poor matches - potentially rare
Billboard Top 100 Hits Of 1978,066 - Jefferson Starship - Count On Me,,,Billboard Top 100 Hits Of 1978 - 066 - Jefferson Starship - Count On Me.mp3,❓ Poor matches - potentially rare
Billboard Top 100 Hits Of 1978,092 - Parliament - Flash Light,,,Billboard Top 100 Hits Of 1978 - 092 - Parliament - Flash Light.mp3,❓ Poor matches - potentially rare
Billboard Top 100 Hits Of 1978,047 - David Gates - Goodbye Girl,,,Billboard Top 100 Hits Of 1978 - 047 - David Gates - Goodbye Girl.mp3,❓ Poor matches - potentially rare
Billboard Top 100 Hits Of 1978,024 - Bonnie Tyler - It's A Heartache,,,Billboard Top 100 Hits Of 1978 - 024 - Bonnie Tyler - It's A Heartache.mp3,❓ Poor matches - potentially rare
Billboard Top 100 Hits Of 1978,063 - Anne Murray - You Needed Me,,,Billboard Top 100 Hits Of 1978 - 063 - Anne Murray - You Needed Me.mp3,❓ Poor matches - potentially rare
Billboard Top 100 Hits Of 1978,089 - High Inergy - You Can't Turn Me Off,,,Billboard Top 100 Hits Of 1978 - 089 - High Inergy - You Can't Turn Me Off.mp3,❓ Poor matches - potentially rare
Billboard Top 100 Hits Of 1978,059 - Carly Simon - You Belong To Me,,,Billboard Top 100 Hits Of 1978 - 059 - Carly Simon - You Belong To Me.mp3,❓ Poor matches - potentially rare
Billboard Top 100 Hits Of 1978,"028 - Johnny Mathis & Deniece Williams - Too Much, Too Little",,,"Billboard Top 100 Hits Of 1978 - 028 - Johnny Mathis & Deniece Williams - Too Much, Too Little.mp3",❓ Poor matches - potentially rare
Billboard Top 100 Hits Of 1978,043 - Natalie Cole - Our Love,,,Billboard Top 100 Hits Of 1978 - 043 - Natalie Cole - Our Love.mp3,❓ Poor matches - potentially rare
Billboard Top 100 Hits Of 1978,073 - Robert Palmer - Every Kinda People,,,Billboard Top 100 Hits Of 1978 - 073 - Robert Palmer - Every Kinda People.mp3,❓ Poor matches - potentially rare
Billboard Top 100 Hits Of 1978,057 - LTD - Back In Love Again,,,Billboard Top 100 Hits Of 1978 - 057 - LTD - Back In Love Again.mp3,❓ Poor matches - potentially rare
Billboard Top 100 Hits Of 1978,086 - Electric Light Orchestra - Sweet Talking Woman,,,Billboard Top 100 Hits Of 1978 - 086 - Electric Light Orchestra - Sweet Talking Woman.mp3,❓ Poor matches - potentially rare
Billboard Top 100 Hits Of 1978,041 - Randy Newman - Short People,,,Billboard Top 100 Hits Of 1978 - 041 - Randy Newman - Short People.mp3,❓ Poor matches - potentially rare
Billboard Top 100 Hits Of 1979,060 - Ace Frehley - New York Groove,,,Billboard Top 100 Hits Of 1979 - 060 - Ace Frehley - New York Groove.mp3,❓ Poor matches - potentially rare
Billboard Top 100 Hits Of 1979,075 - Gino Vannelli - I Just Wanna Stop,,,Billboard Top 100 Hits Of 1979 - 075 - Gino Vannelli - I Just Wanna Stop.mp3,❓ Poor matches - potentially rare
Billboard Top 100 Hits Of 1979,067 - Styx - Renegade,,,Billboard Top 100 Hits Of 1979 - 067 - Styx - Renegade.mp3,❓ Poor matches - potentially rare
Billboard Top 100 Hits Of 1979,079 - Al Stewart - Time Passages,,,Billboard Top 100 Hits Of 1979 - 079 - Al Stewart - Time Passages.mp3,❓ Poor matches - potentially rare
Billboard Top 100 Hits Of 1979,024 - Maxine Nightingale - Lead Me On,,,Billboard Top 100 Hits Of 1979 - 024 - Maxine Nightingale - Lead Me On.mp3,❓ Poor matches - potentially rare
Billboard Top 100 Hits Of 1979,044 - Toto - Hold The Line,,,Billboard Top 100 Hits Of 1979 - 044 - Toto - Hold The Line.mp3,❓ Poor matches - potentially rare
Billboard Top 100 Hits Of 1979,072 - Anne Murray - I Just Fall In Love Again,,,Billboard Top 100 Hits Of 1979 - 072 - Anne Murray - I Just Fall In Love Again.mp3,❓ Poor matches - potentially rare
Billboard Top 100 Hits Of 1979,020 - Chic - Good Times,,,Billboard Top 100 Hits Of 1979 - 020 - Chic - Good Times.mp3,❓ Poor matches - potentially rare
Billboard Top 100 Hits Of 1979,084 - Ambrosia - How Much I Feel,,,Billboard Top 100 Hits Of 1979 - 084 - Ambrosia - How Much I Feel.mp3,❓ Poor matches - potentially rare
Billboard Top 100 Hits Of 1979,086 - Rex Smith - You Take My Breath Away,,,Billboard Top 100 Hits Of 1979 - 086 - Rex Smith - You Take My Breath Away.mp3,❓ Poor matches - potentially rare
Billboard Top 100 Hits Of 1979,"038 - Earth, Wind & Fire - After The Love Has Gone",,,"Billboard Top 100 Hits Of 1979 - 038 - Earth, Wind & Fire - After The Love Has Gone.mp3",❓ Poor matches - potentially rare
Billboard Top 100 Hits Of 1979,090 - Instant Funk - I Got My Mind Made Up,,,Billboard Top 100 Hits Of 1979 - 090 - Instant Funk - I Got My Mind Made Up.mp3,❓ Poor matches - potentially rare
Billboard Top 100 Hits Of 1979,027 - Supertramp - Logical Song,,,Billboard Top 100 Hits Of 1979 - 027 - Supertramp - Logical Song.mp3,❓ Poor matches - potentially rare
Billboard Top 100 Hits Of 1979,077 - Linda Ronstadt - Ooh Baby Baby,,,Billboard Top 100 Hits Of 1979 - 077 - Linda Ronstadt - Ooh Baby Baby.mp3,❓ Poor matches - potentially rare
Billboard Top 100 Hits Of 1979,037 - Leif Garrett - I Was Made For Dancin',,,Billboard Top 100 Hits Of 1979 - 037 - Leif Garrett - I Was Made For Dancin'.mp3,❓ Poor matches - potentially rare
Billboard Top 100 Hits Of 1979,012 - Donna Summer - MacArthur Park,,,Billboard Top 100 Hits Of 1979 - 012 - Donna Summer - MacArthur Park.mp3,❓ Poor matches - potentially rare
Billboard Top 100 Hits Of 1979,046 - Dr Hook - Sharing The Night Together,,,Billboard Top 100 Hits Of 1979 - 046 - Dr Hook - Sharing The Night Together.mp3,❓ Poor matches - potentially rare
Billboard Top 100 Hits Of 1979,070 - Patrick Hernandez - Born To Be Alive,,,Billboard Top 100 Hits Of 1979 - 070 - Patrick Hernandez - Born To Be Alive.mp3,❓ Poor matches - potentially rare
Billboard Top 100 Hits Of 1979,048 - Village People - In The Navy,,,Billboard Top 100 Hits Of 1979 - 048 - Village People - In The Navy.mp3,❓ Poor matches - potentially rare
Billboard Top 100 Hits Of 1979,068 - England Dan & John Ford Coley - Love Is The Answer,,,Billboard Top 100 Hits Of 1979 - 068 - England Dan & John Ford Coley - Love Is The Answer.mp3,❓ Poor matches - potentially rare
Billboard Top 100 Hits Of 1979,041 - Nicolette Larson - Lotta Love,,,Billboard Top 100 Hits Of 1979 - 041 - Nicolette Larson - Lotta Love.mp3,❓ Poor matches - potentially rare
Billboard Top 100 Hits Of 1979,083 - Roger Voudouris - Get Used To It,,,Billboard Top 100 Hits Of 1979 - 083 - Roger Voudouris - Get Used To It.mp3,❓ Poor matches - potentially rare
Billboard Top 100 Hits Of 1979,063 - Rickie Lee Jones - Chuck E's In Love,,,Billboard Top 100 Hits Of 1979 - 063 - Rickie Lee Jones - Chuck E's In Love.mp3,❓ Poor matches - potentially rare
Billboard Top 100 Hits Of 1979,039 - Donna Summer & Brooklyn Dreams - Heaven Knows,,,Billboard Top 100 Hits Of 1979 - 039 - Donna Summer & Brooklyn Dreams - Heaven Knows.mp3,❓ Poor matches - potentially rare
Billboard Top 100 Hits Of 1979,069 - Cheryl Lynn - Got To Be Real,,,Billboard Top 100 Hits Of 1979 - 069 - Cheryl Lynn - Got To Be Real.mp3,❓ Poor matches - potentially rare
Billboard Top 100 Hits Of 1979,059 - Bobby Caldwell - What You Won't Do For Love,,,Billboard Top 100 Hits Of 1979 - 059 - Bobby Caldwell - What You Won't Do For Love.mp3,❓ Poor matches - potentially rare
Billboard Top 100 Hits Of 1979,056 - Cher - Take Me Home,,,Billboard Top 100 Hits Of 1979 - 056 - Cher - Take Me Home.mp3,❓ Poor matches - potentially rare
Billboard Top 100 Hits Of 1979,089 - Babys - Every Time I Think Of You,,,Billboard Top 100 Hits Of 1979 - 089 - Babys - Every Time I Think Of You.mp3,❓ Poor matches - potentially rare
Billboard Top 100 Hits Of 1979,062 - Chic - I Want Your Love,,,Billboard Top 100 Hits Of 1979 - 062 - Chic - I Want Your Love.mp3,❓ Poor matches - potentially rare
Billboard Top 100 Hits Of 1979,099 - GQ - I Do Love You,,,Billboard Top 100 Hits Of 1979 - 099 - GQ - I Do Love You.mp3,❓ Poor matches - potentially rare
Billboard Top 100 Hits Of 1979,058 - Andy Gibb - [Our Love] Don't Throw It All Away,,,Billboard Top 100 Hits Of 1979 - 058 - Andy Gibb - [Our Love] Don't Throw It All Away.mp3,❓ Poor matches - potentially rare
Billboard Top 100 Hits Of 1979,081 - Electric Light Orchestra - Don't Bring Me Down,,,Billboard Top 100 Hits Of 1979 - 081 - Electric Light Orchestra - Don't Bring Me Down.mp3,❓ Poor matches - potentially rare
Billboard Top 100 Hits Of 1979,085 - Eddie Rabbitt - Suspicions,,,Billboard Top 100 Hits Of 1979 - 085 - Eddie Rabbitt - Suspicions.mp3,❓ Poor matches - potentially rare
Billboard Top 100 Hits Of 1979,093 - Barry Manilow - Somewhere In The Night,,,Billboard Top 100 Hits Of 1979 - 093 - Barry Manilow - Somewhere In The Night.mp3,❓ Poor matches - potentially rare
Billboard Top 100 Hits Of 1979,064 - Alicia Bridges - I Love The Night Life,,,Billboard Top 100 Hits Of 1979 - 064 - Alicia Bridges - I Love The Night Life.mp3,❓ Poor matches - potentially rare
Billboard Top 100 Hits Of 1979,066 - Little River Band - Lonesome Loser,,,Billboard Top 100 Hits Of 1979 - 066 - Little River Band - Lonesome Loser.mp3,❓ Poor matches - potentially rare
Billboard Top 100 Hits Of 1979,088 - Foreigner - Double Vision,,,Billboard Top 100 Hits Of 1979 - 088 - Foreigner - Double Vision.mp3,❓ Poor matches - potentially rare
Billboard Top 100 Hits Of 1979,098 - Commodores - Sail On,,,Billboard Top 100 Hits Of 1979 - 098 - Commodores - Sail On.mp3,❓ Poor matches - potentially rare
Billboard Top 100 Hits Of 1979,074 - Kiss - I Was Made For Lovin' You,,,Billboard Top 100 Hits Of 1979 - 074 - Kiss - I Was Made For Lovin' You.mp3,❓ Poor matches - potentially rare
Billboard Top 100 Hits Of 1979,030 - Raydio - You Can't Change That,,,Billboard Top 100 Hits Of 1979 - 030 - Raydio - You Can't Change That.mp3,❓ Poor matches - potentially rare
Billboard Top 100 Hits Of 1979,094 - Bob Seger & The Silver Bullet Band - We've Got Tonight,,,Billboard Top 100 Hits Of 1979 - 094 - Bob Seger & The Silver Bullet Band - We've Got Tonight.mp3,❓ Poor matches - potentially rare
Billboard Top 100 Hits Of 1979,073 - Ian Matthews - Shake It,,,Billboard Top 100 Hits Of 1979 - 073 - Ian Matthews - Shake It.mp3,❓ Poor matches - potentially rare
Billboard Top 100 Hits Of 1979,065 - McFadden & Whitehead - Ain't No Stoppin' Us Now,,,Billboard Top 100 Hits Of 1979 - 065 - McFadden & Whitehead - Ain't No Stoppin' Us Now.mp3,❓ Poor matches - potentially rare
Billboard Top 100 Hits Of 1979,021 - Barbra Streisand & Neil Diamond - You Don't Bring Me Flowers,,,Billboard Top 100 Hits Of 1979 - 021 - Barbra Streisand & Neil Diamond - You Don't Bring Me Flowers.mp3,❌ Not found - likely rare
Billboard Top 100 Hits Of 1979,047 - Kenny Rogers - She Believes In Me,,,Billboard Top 100 Hits Of 1979 - 047 - Kenny Rogers - She Believes In Me.mp3,❓ Poor matches - potentially rare
Billboard Top 100 Hits Of 1980,012 - Gary Numan - Cars,,,Billboard Top 100 Hits Of 1980 - 012 - Gary Numan - Cars.mp3,❌ Not found - likely rare
Billboard Top 100 Hits Of 1980,079 - Michael Jackson - Off The Wall,,,Billboard Top 100 Hits Of 1980 - 079 - Michael Jackson - Off The Wall.mp3,❓ Poor matches - potentially rare
Billboard Top 100 Hits Of 1980,073 - Carole King - One Fine Day,,,Billboard Top 100 Hits Of 1980 - 073 - Carole King - One Fine Day.mp3,❌ Not found - likely rare
Billboard Top 100 Hits Of 1980,"024 - Teri Desario & K C - Yes, I'm Ready",,,"Billboard Top 100 Hits Of 1980 - 024 - Teri Desario & K C - Yes, I'm Ready.mp3",❌ Not found - likely rare
Billboard Top 100 Hits Of 1980,060 - Steve Forbert - Romeo's Tune,,,Billboard Top 100 Hits Of 1980 - 060 - Steve Forbert - Romeo's Tune.mp3,❌ Not found - likely rare
Billboard Top 100 Hits Of 1980,066 - Irene Cara - Fame,,,Billboard Top 100 Hits Of 1980 - 066 - Irene Cara - Fame.mp3,❌ Not found - likely rare
Billboard Top 100 Hits Of 1980,099 - Joe Walsh - All Night Long,,,Billboard Top 100 Hits Of 1980 - 099 - Joe Walsh - All Night Long.mp3,❓ Poor matches - potentially rare
Billboard Top 100 Hits Of 1980,061 - Anne Murray - Daydream Believer,,,Billboard Top 100 Hits Of 1980 - 061 - Anne Murray - Daydream Believer.mp3,❓ Poor matches - potentially rare
Billboard Top 100 Hits Of 1980,069 - Benny Mardones - Into The Night,,,Billboard Top 100 Hits Of 1980 - 069 - Benny Mardones - Into The Night.mp3,❌ Not found - likely rare
Billboard Top 100 Hits Of 1980,080 - Peaches & Herb - I Pledge My Love,,,Billboard Top 100 Hits Of 1980 - 080 - Peaches & Herb - I Pledge My Love.mp3,❌ Not found - likely rare
Billboard Top 100 Hits Of 1980,064 - Tom Petty - Don't Do Me Like That,,,Billboard Top 100 Hits Of 1980 - 064 - Tom Petty - Don't Do Me Like That.mp3,❓ Poor matches - potentially rare
Billboard Top 100 Hits Of 1980,070 - Pure Prairie League - Let Me Love You Tonight,,,Billboard Top 100 Hits Of 1980 - 070 - Pure Prairie League - Let Me Love You Tonight.mp3,❌ Not found - likely rare
Billboard Top 100 Hits Of 1980,020 - Styx - Babe,,,Billboard Top 100 Hits Of 1980 - 020 - Styx - Babe.mp3,❌ Not found - likely rare
Billboard Top 100 Hits Of 1980,072 - Dirt Band & Linda Ronstadt - An American Dream,,,Billboard Top 100 Hits Of 1980 - 072 - Dirt Band & Linda Ronstadt - An American Dream.mp3,❓ Poor matches - potentially rare
Billboard Top 100 Hits Of 1980,097 - Boz Scaggs - Breakdown Dead Ahead,,,Billboard Top 100 Hits Of 1980 - 097 - Boz Scaggs - Breakdown Dead Ahead.mp3,❓ Poor matches - potentially rare
Billboard Top 100 Hits Of 1980,059 - Pete Townshend - Let My Love Open The Door,,,Billboard Top 100 Hits Of 1980 - 059 - Pete Townshend - Let My Love Open The Door.mp3,❌ Not found - likely rare
Billboard Top 100 Hits Of 1980,096 - Charlie Daniels Band - In America,,,Billboard Top 100 Hits Of 1980 - 096 - Charlie Daniels Band - In America.mp3,❓ Poor matches - potentially rare
Billboard Top 100 Hits Of 1980,071 - Genesis - Misunderstanding,,,Billboard Top 100 Hits Of 1980 - 071 - Genesis - Misunderstanding.mp3,❓ Poor matches - potentially rare
Billboard Top 100 Hits Of 1980,023 - Commodores - Still,,,Billboard Top 100 Hits Of 1980 - 023 - Commodores - Still.mp3,❓ Poor matches - potentially rare
Billboard Top 100 Hits Of 1980,063 - Issac Hayes - Don't Let Go,,,Billboard Top 100 Hits Of 1980 - 063 - Issac Hayes - Don't Let Go.mp3,❌ Not found - likely rare
Billboard Top 100 Hits Of 1980,086 - Supertramp - Take The Long Way Home,,,Billboard Top 100 Hits Of 1980 - 086 - Supertramp - Take The Long Way Home.mp3,❓ Poor matches - potentially rare
Billboard Top 100 Hits Of 1980,052 - Donna Summer - On The Radio,,,Billboard Top 100 Hits Of 1980 - 052 - Donna Summer - On The Radio.mp3,❓ Poor matches - potentially rare
Billboard Top 100 Hits Of 1980,047 - Eagles - Heartache Tonight,,,Billboard Top 100 Hits Of 1980 - 047 - Eagles - Heartache Tonight.mp3,❌ Not found - likely rare
Billboard Top 100 Hits Of 1980,077 - Charlie Dore - Pilot Of The Airways,,,Billboard Top 100 Hits Of 1980 - 077 - Charlie Dore - Pilot Of The Airways.mp3,❌ Not found - likely rare
Billboard Top 100 Hits Of 1980,095 - Prince - I Wanna Be Your Lover,,,Billboard Top 100 Hits Of 1980 - 095 - Prince - I Wanna Be Your Lover.mp3,❓ Poor matches - potentially rare
Billboard Top 100 Hits Of 1980,037 - S.O.S Band - Take Your Time [Do It Right],,,Billboard Top 100 Hits Of 1980 - 037 - S.O.S Band - Take Your Time [Do It Right].mp3,❌ Not found - likely rare
Billboard Top 100 Hits Of 1980,058 - Andy Gibb - Desire,,,Billboard Top 100 Hits Of 1980 - 058 - Andy Gibb - Desire.mp3,❓ Poor matches - potentially rare
Billboard Top 100 Hits Of 1980,049 - Dr Hook - Better Love Next Time,,,Billboard Top 100 Hits Of 1980 - 049 - Dr Hook - Better Love Next Time.mp3,❓ Poor matches - potentially rare
Billboard Top 100 Hits Of 1980,094 - Fleetwood Mac - Tusk,,,Billboard Top 100 Hits Of 1980 - 094 - Fleetwood Mac - Tusk.mp3,❓ Poor matches - potentially rare
Billboard Top 100 Hits Of 1980,021 - Billy Preston & Syreeta - With You I'm Born Again,,,Billboard Top 100 Hits Of 1980 - 021 - Billy Preston & Syreeta - With You I'm Born Again.mp3,❌ Not found - likely rare
Billboard Top 100 Hits Of 1980,089 - Boz Scaggs - Jo Jo,,,Billboard Top 100 Hits Of 1980 - 089 - Boz Scaggs - Jo Jo.mp3,❌ Not found - likely rare
Billboard Top 100 Hits Of 1980,084 - Dionne Warwick - Deja Vu,,,Billboard Top 100 Hits Of 1980 - 084 - Dionne Warwick - Deja Vu.mp3,❓ Poor matches - potentially rare
Billboard Top 100 Hits Of 1981,024 - Stars On 45 - Medley,,,Billboard Top 100 Hits Of 1981 - 024 - Stars On 45 - Medley.mp3,❓ Poor matches - potentially rare
Billboard Top 100 Hits Of 1981,012 - Sheena Easton - Morning Train [Nine To Five],,,Billboard Top 100 Hits Of 1981 - 012 - Sheena Easton - Morning Train [Nine To Five].mp3,❓ Poor matches - potentially rare
Billboard Top 100 Hits Of 1981,"047 - Greg Kihn - Breakup Song, The",,,"Billboard Top 100 Hits Of 1981 - 047 - Greg Kihn - Breakup Song, The.mp3",❓ Poor matches - potentially rare
Billboard Top 100 Hits Of 1981,021 - John Lennon - Woman,,,Billboard Top 100 Hits Of 1981 - 021 - John Lennon - Woman.mp3,❓ Poor matches - potentially rare
Billboard Top 100 Hits Of 1981,072 - Steely Dan - Hey Nineteen,,,Billboard Top 100 Hits Of 1981 - 072 - Steely Dan - Hey Nineteen.mp3,❓ Poor matches - potentially rare
Billboard Top 100 Hits Of 1981,073 - Stevie Wonder - I Ain't Gonna Stand For It,,,Billboard Top 100 Hits Of 1981 - 073 - Stevie Wonder - I Ain't Gonna Stand For It.mp3,❓ Poor matches - potentially rare
Billboard Top 100 Hits Of 1981,085 - Barbra Streisand & Barry Gibb - What Kind Of Fool,,,Billboard Top 100 Hits Of 1981 - 085 - Barbra Streisand & Barry Gibb - What Kind Of Fool.mp3,❓ Poor matches - potentially rare
Billboard Top 100 Hits Of 1981,093 - Beach Boys - Beach Boys Medley,,,Billboard Top 100 Hits Of 1981 - 093 - Beach Boys - Beach Boys Medley.mp3,❓ Poor matches - potentially rare
Billboard Top 100 Hits Of 1981,037 - Foreigner - Urgent,,,Billboard Top 100 Hits Of 1981 - 037 - Foreigner - Urgent.mp3,❓ Poor matches - potentially rare
Billboard Top 100 Hits Of 1981,079 - Dan Fogelberg - Same Old Lang Syne,,,Billboard Top 100 Hits Of 1981 - 079 - Dan Fogelberg - Same Old Lang Syne.mp3,❓ Poor matches - potentially rare
Billboard Top 100 Hits Of 1981,065 - Queen - Another One Bites The Dust,,,Billboard Top 100 Hits Of 1981 - 065 - Queen - Another One Bites The Dust.mp3,❓ Poor matches - potentially rare
Billboard Top 100 Hits Of 1981,066 - Alan Parsons Project - Games People Play,,,Billboard Top 100 Hits Of 1981 - 066 - Alan Parsons Project - Games People Play.mp3,❓ Poor matches - potentially rare
Billboard Top 100 Hits Of 1981,058 - Gary 'US' Bonds - This Little Girl,,,Billboard Top 100 Hits Of 1981 - 058 - Gary 'US' Bonds - This Little Girl.mp3,❓ Poor matches - potentially rare
Billboard Top 100 Hits Of 1981,070 - Neil Diamond - Hello Again,,,Billboard Top 100 Hits Of 1981 - 070 - Neil Diamond - Hello Again.mp3,❓ Poor matches - potentially rare
Billboard Top 100 Hits Of 1981,099 - Boz Scaggs - Miss Sun,,,Billboard Top 100 Hits Of 1981 - 099 - Boz Scaggs - Miss Sun.mp3,❓ Poor matches - potentially rare
Billboard Top 100 Hits Of 1981,089 - Barry Manilow - I Made It Through The Rain,,,Billboard Top 100 Hits Of 1981 - 089 - Barry Manilow - I Made It Through The Rain.mp3,❓ Poor matches - potentially rare
Billboard Top 100 Hits Of 1981,060 - Delbert McClinton - Givin' It Up For Your Love,,,Billboard Top 100 Hits Of 1981 - 060 - Delbert McClinton - Givin' It Up For Your Love.mp3,❓ Poor matches - potentially rare
Billboard Top 100 Hits Of 1981,069 - Stevie Wonder - Master Blaster [Jammin'],,,Billboard Top 100 Hits Of 1981 - 069 - Stevie Wonder - Master Blaster [Jammin'].mp3,❓ Poor matches - potentially rare
Billboard Top 100 Hits Of 1981,059 - Stevie Nicks & Tom Petty - Stop Draggin' My Heart Around,,,Billboard Top 100 Hits Of 1981 - 059 - Stevie Nicks & Tom Petty - Stop Draggin' My Heart Around.mp3,❓ Poor matches - potentially rare
Billboard Top 100 Hits Of 1981,064 - Christopher Cross - Arthur's Theme [Best That You],,,Billboard Top 100 Hits Of 1981 - 064 - Christopher Cross - Arthur's Theme [Best That You].mp3,❓ Poor matches - potentially rare
Billboard Top 100 Hits Of 1981,088 - Ronnie Milsap - Smokey Mountain Rain,,,Billboard Top 100 Hits Of 1981 - 088 - Ronnie Milsap - Smokey Mountain Rain.mp3,❓ Poor matches - potentially rare
Billboard Top 100 Hits Of 1981,007 - Hall & Oates - Kiss On My List,,,Billboard Top 100 Hits Of 1981 - 007 - Hall & Oates - Kiss On My List.mp3,❓ Poor matches - potentially rare
Billboard Top 100 Hits Of 1981,076 - Billy Squier - Stroke,,,Billboard Top 100 Hits Of 1981 - 076 - Billy Squier - Stroke.mp3,❓ Poor matches - potentially rare
Billboard Top 100 Hits Of 1981,063 - John Cougar Mellencamp - Ain't Even Done With The Night,,,Billboard Top 100 Hits Of 1981 - 063 - John Cougar Mellencamp - Ain't Even Done With The Night.mp3,❌ Not found - likely rare
Billboard Top 100 Hits Of 1982,089 - Van Halen - Oh Pretty Woman,,,Billboard Top 100 Hits Of 1982 - 089 - Van Halen - Oh Pretty Woman.mp3,❓ Poor matches - potentially rare
Billboard Top 100 Hits Of 1982,058 - Paul Davis - Cool Night,,,Billboard Top 100 Hits Of 1982 - 058 - Paul Davis - Cool Night.mp3,❓ Poor matches - potentially rare
Billboard Top 100 Hits Of 1982,098 - Ronnie Milsap - Wouldn't Have Missed It For The World,,,Billboard Top 100 Hits Of 1982 - 098 - Ronnie Milsap - Wouldn't Have Missed It For The World.mp3,❌ Not found - likely rare
Billboard Top 100 Hits Of 1982,079 - Elton John - Empty Garden Hey Hey Johnny,,,Billboard Top 100 Hits Of 1982 - 079 - Elton John - Empty Garden Hey Hey Johnny.mp3,❓ Poor matches - potentially rare
Billboard Top 100 Hits Of 1982,067 - Supertramp - It's Raining Again,,,Billboard Top 100 Hits Of 1982 - 067 - Supertramp - It's Raining Again.mp3,❓ Poor matches - potentially rare
Billboard Top 100 Hits Of 1982,070 - Rolling Stones - Waiting On A Friend,,,Billboard Top 100 Hits Of 1982 - 070 - Rolling Stones - Waiting On A Friend.mp3,❓ Poor matches - potentially rare
Billboard Top 100 Hits Of 1982,100 - Police - Spirits In The Material World,,,Billboard Top 100 Hits Of 1982 - 100 - Police - Spirits In The Material World.mp3,❓ Poor matches - potentially rare
Billboard Top 100 Hits Of 1982,021 - Vangelis - Theme From Chariots Of Fire,,,Billboard Top 100 Hits Of 1982 - 021 - Vangelis - Theme From Chariots Of Fire.mp3,❓ Poor matches - potentially rare
Billboard Top 100 Hits Of 1982,076 - Pat Benatar - Shadows Of The Night,,,Billboard Top 100 Hits Of 1982 - 076 - Pat Benatar - Shadows Of The Night.mp3,❓ Poor matches - potentially rare
Billboard Top 100 Hits Of 1982,063 - Stray Cats - Rock This Town,,,Billboard Top 100 Hits Of 1982 - 063 - Stray Cats - Rock This Town.mp3,❌ Not found - likely rare
Billboard Top 100 Hits Of 1982,069 - Kenny Rogers - Love Will Turn You Around,,,Billboard Top 100 Hits Of 1982 - 069 - Kenny Rogers - Love Will Turn You Around.mp3,❓ Poor matches - potentially rare
Billboard Top 100 Hits Of 1982,099 - Beatles - Beatles' Movie Medley,,,Billboard Top 100 Hits Of 1982 - 099 - Beatles - Beatles' Movie Medley.mp3,❌ Not found - likely rare
Billboard Top 100 Hits Of 1982,073 - 38 Special - Caught Up In You,,,Billboard Top 100 Hits Of 1982 - 073 - 38 Special - Caught Up In You.mp3,❓ Poor matches - potentially rare
Billboard Top 100 Hits Of 1982,072 - Diana Ross - Muscles,,,Billboard Top 100 Hits Of 1982 - 072 - Diana Ross - Muscles.mp3,❌ Not found - likely rare
Billboard Top 100 Hits Of 1982,060 - Neil Diamond - Heartlight,,,Billboard Top 100 Hits Of 1982 - 060 - Neil Diamond - Heartlight.mp3,❌ Not found - likely rare
Billboard Top 100 Hits Of 1982,059 - Neil Diamond - Yesterday's Songs,,,Billboard Top 100 Hits Of 1982 - 059 - Neil Diamond - Yesterday's Songs.mp3,❓ Poor matches - potentially rare
Billboard Top 100 Hits Of 1982,094 - Sylvia - Nobody,,,Billboard Top 100 Hits Of 1982 - 094 - Sylvia - Nobody.mp3,❓ Poor matches - potentially rare
Billboard Top 100 Hits Of 1982,086 - Juice Newton - Break It To Me Gently,,,Billboard Top 100 Hits Of 1982 - 086 - Juice Newton - Break It To Me Gently.mp3,❓ Poor matches - potentially rare
Billboard Top 100 Hits Of 1983,094 - Eric Clapton - I've Got A Rock N' Roll Heart,,,Billboard Top 100 Hits Of 1983 - 094 - Eric Clapton - I've Got A Rock N' Roll Heart.mp3,❓ Poor matches - potentially rare
Billboard Top 100 Hits Of 1983,039 - Hall & Oates - One On One,,,Billboard Top 100 Hits Of 1983 - 039 - Hall & Oates - One On One.mp3,❓ Poor matches - potentially rare
Billboard Top 100 Hits Of 1983,086 - Shalamar - Dead Give Away,,,Billboard Top 100 Hits Of 1983 - 086 - Shalamar - Dead Give Away.mp3,❌ Not found - likely rare
Billboard Top 100 Hits Of 1983,"064 - Naked Eyes - Promises, Promises",,,"Billboard Top 100 Hits Of 1983 - 064 - Naked Eyes - Promises, Promises.mp3",❓ Poor matches - potentially rare
Billboard Top 100 Hits Of 1983,080 - Dionne Warwick - Heartbreaker,,,Billboard Top 100 Hits Of 1983 - 080 - Dionne Warwick - Heartbreaker.mp3,❓ Poor matches - potentially rare
Billboard Top 100 Hits Of 1983,020 - Frida - I Know There's Something Going,,,Billboard Top 100 Hits Of 1983 - 020 - Frida - I Know There's Something Going.mp3,❓ Poor matches - potentially rare
Billboard Top 100 Hits Of 1983,058 - Tubes - She's A Beauty,,,Billboard Top 100 Hits Of 1983 - 058 - Tubes - She's A Beauty.mp3,❓ Poor matches - potentially rare
Billboard Top 100 Hits Of 1983,071 - Bryan Adams - Straight From The Heart,,,Billboard Top 100 Hits Of 1983 - 071 - Bryan Adams - Straight From The Heart.mp3,❓ Poor matches - potentially rare
Billboard Top 100 Hits Of 1983,006 - Bonnie Tyler - Total Eclipse Of The Heart,,,Billboard Top 100 Hits Of 1983 - 006 - Bonnie Tyler - Total Eclipse Of The Heart.mp3,❓ Poor matches - potentially rare
Billboard Top 100 Hits Of 1983,062 - David Bowie - China Girl,,,Billboard Top 100 Hits Of 1983 - 062 - David Bowie - China Girl.mp3,❓ Poor matches - potentially rare
Billboard Top 100 Hits Of 1983,099 - Joe Jackson - Breaking Us In Two,,,Billboard Top 100 Hits Of 1983 - 099 - Joe Jackson - Breaking Us In Two.mp3,❓ Poor matches - potentially rare
Billboard Top 100 Hits Of 1983,097 - Tom Petty - You Got Lucky,,,Billboard Top 100 Hits Of 1983 - 097 - Tom Petty - You Got Lucky.mp3,❓ Poor matches - potentially rare
Billboard Top 100 Hits Of 1983,054 - Men At Work - Overkill,,,Billboard Top 100 Hits Of 1983 - 054 - Men At Work - Overkill.mp3,❓ Poor matches - potentially rare
Billboard Top 100 Hits Of 1983,018 - David Bowie - Let's Dance,,,Billboard Top 100 Hits Of 1983 - 018 - David Bowie - Let's Dance.mp3,❓ Poor matches - potentially rare
Billboard Top 100 Hits Of 1983,"096 - Peabo Bryson & Roberta Flack - Tonight, I Celebrate My",,,"Billboard Top 100 Hits Of 1983 - 096 - Peabo Bryson & Roberta Flack - Tonight, I Celebrate My.mp3",❓ Poor matches - potentially rare
Billboard Top 100 Hits Of 1983,072 - Kenny Loggins - Heart To Heart,,,Billboard Top 100 Hits Of 1983 - 072 - Kenny Loggins - Heart To Heart.mp3,❓ Poor matches - potentially rare
Billboard Top 100 Hits Of 1983,048 - Don Henley - Dirty Laundry,,,Billboard Top 100 Hits Of 1983 - 048 - Don Henley - Dirty Laundry.mp3,❓ Poor matches - potentially rare
Billboard Top 100 Hits Of 1983,073 - Lionel Richie - My Love,,,Billboard Top 100 Hits Of 1983 - 073 - Lionel Richie - My Love.mp3,❓ Poor matches - potentially rare
Billboard Top 100 Hits Of 1983,066 - Air Supply - Making Love Out Of Nothing At,,,Billboard Top 100 Hits Of 1983 - 066 - Air Supply - Making Love Out Of Nothing At.mp3,❓ Poor matches - potentially rare
Billboard Top 100 Hits Of 1983,037 - Phil Collins - You Can't Hurry Love,,,Billboard Top 100 Hits Of 1983 - 037 - Phil Collins - You Can't Hurry Love.mp3,❓ Poor matches - potentially rare
Billboard Top 100 Hits Of 1983,025 - Prince - Little Red Corvette,,,Billboard Top 100 Hits Of 1983 - 025 - Prince - Little Red Corvette.mp3,❓ Poor matches - potentially rare
Billboard Top 100 Hits Of 1983,012 - Crystal Gayle & Eddie Rabbitt - You And I,,,Billboard Top 100 Hits Of 1983 - 012 - Crystal Gayle & Eddie Rabbitt - You And I.mp3,❓ Poor matches - potentially rare
Billboard Top 100 Hits Of 1983,084 - Stray Cats - [She's] Sexy + 17,,,Billboard Top 100 Hits Of 1983 - 084 - Stray Cats - [She's] Sexy + 17.mp3,❓ Poor matches - potentially rare
Billboard Top 100 Hits Of 1983,091 - Musical Youth - Pass The Dutchie [On The Left],,,Billboard Top 100 Hits Of 1983 - 091 - Musical Youth - Pass The Dutchie [On The Left].mp3,❓ Poor matches - potentially rare
Billboard Top 100 Hits Of 1983,035 - Men Without Hats - Safety Dance,,,Billboard Top 100 Hits Of 1983 - 035 - Men Without Hats - Safety Dance.mp3,❓ Poor matches - potentially rare
Billboard Top 100 Hits Of 1983,079 - Sammy Hagar - Your Love Is Driving Me Crazy,,,Billboard Top 100 Hits Of 1983 - 079 - Sammy Hagar - Your Love Is Driving Me Crazy.mp3,❓ Poor matches - potentially rare
Billboard Top 100 Hits Of 1983,069 - Toto - I Won't Hold You Back,,,Billboard Top 100 Hits Of 1983 - 069 - Toto - I Won't Hold You Back.mp3,❓ Poor matches - potentially rare
Billboard Top 100 Hits Of 1983,060 - Styx - Don't Let It End,,,Billboard Top 100 Hits Of 1983 - 060 - Styx - Don't Let It End.mp3,❓ Poor matches - potentially rare
Billboard Top 100 Hits Of 1983,078 - Debarge - All This Love,,,Billboard Top 100 Hits Of 1983 - 078 - Debarge - All This Love.mp3,❓ Poor matches - potentially rare
Billboard Top 100 Hits Of 1983,021 - Greg Kihn Band - Jeopardy,,,Billboard Top 100 Hits Of 1983 - 021 - Greg Kihn Band - Jeopardy.mp3,❓ Poor matches - potentially rare
Billboard Top 100 Hits Of 1983,022 - Eddy Grant - Electric Avenue,,,Billboard Top 100 Hits Of 1983 - 022 - Eddy Grant - Electric Avenue.mp3,❓ Poor matches - potentially rare
Billboard Top 100 Hits Of 1983,032 - Marvin Gaye - Sexual Healing,,,Billboard Top 100 Hits Of 1983 - 032 - Marvin Gaye - Sexual Healing.mp3,❓ Poor matches - potentially rare
Billboard Top 100 Hits Of 1983,085 - Champaign - Try Again,,,Billboard Top 100 Hits Of 1983 - 085 - Champaign - Try Again.mp3,❓ Poor matches - potentially rare
Billboard Top 100 Hits Of 1983,092 - Spandau Ballet - True,,,Billboard Top 100 Hits Of 1983 - 092 - Spandau Ballet - True.mp3,❓ Poor matches - potentially rare
Billboard Top 100 Hits Of 1983,047 - Lionel Richie - Truly,,,Billboard Top 100 Hits Of 1983 - 047 - Lionel Richie - Truly.mp3,❓ Poor matches - potentially rare
Billboard Top 100 Hits Of 1983,051 - Adam Ant - Goody Two Shoes,,,Billboard Top 100 Hits Of 1983 - 051 - Adam Ant - Goody Two Shoes.mp3,❓ Poor matches - potentially rare
Billboard Top 100 Hits Of 1983,059 - Laura Branigan - Solitaire,,,Billboard Top 100 Hits Of 1983 - 059 - Laura Branigan - Solitaire.mp3,❓ Poor matches - potentially rare
Billboard Top 100 Hits Of 1983,046 - Naked Eyes - Always Something There To Remind Me,,,Billboard Top 100 Hits Of 1983 - 046 - Naked Eyes - Always Something There To Remind Me.mp3,❓ Poor matches - potentially rare
Billboard Top 100 Hits Of 1983,038 - Journey - Separate Ways [World's Apart],,,Billboard Top 100 Hits Of 1983 - 038 - Journey - Separate Ways [World's Apart].mp3,❓ Poor matches - potentially rare
Billboard Top 100 Hits Of 1983,063 - Kinks - Come Dancing,,,Billboard Top 100 Hits Of 1983 - 063 - Kinks - Come Dancing.mp3,❓ Poor matches - potentially rare
Billboard Top 100 Hits Of 1983,077 - Culture Club - I'll Tumble 4 Ya,,,Billboard Top 100 Hits Of 1983 - 077 - Culture Club - I'll Tumble 4 Ya.mp3,❓ Poor matches - potentially rare
Billboard Top 100 Hits Of 1983,052 - Clash - Rock The Casbah,,,Billboard Top 100 Hits Of 1983 - 052 - Clash - Rock The Casbah.mp3,❓ Poor matches - potentially rare
Billboard Top 100 Hits Of 1984,072 - Billy Joel - An Innocent Man,,,Billboard Top 100 Hits Of 1984 - 072 - Billy Joel - An Innocent Man.mp3,❓ Poor matches - potentially rare
Billboard Top 100 Hits Of 1984,090 - Kool & The Gang - Tonight [12 In Version],,,Billboard Top 100 Hits Of 1984 - 090 - Kool & The Gang - Tonight [12 In Version].mp3,❓ Poor matches - potentially rare
Billboard Top 100 Hits Of 1984,058 - Rod Stewart - Infatuation,,,Billboard Top 100 Hits Of 1984 - 058 - Rod Stewart - Infatuation.mp3,❌ Not found - likely rare
Billboard Top 100 Hits Of 1984,053 - Lionel Richie - Running With The Night,,,Billboard Top 100 Hits Of 1984 - 053 - Lionel Richie - Running With The Night.mp3,❓ Poor matches - potentially rare
Billboard Top 100 Hits Of 1984,099 - Billy Squier - Rock Me Tonite,,,Billboard Top 100 Hits Of 1984 - 099 - Billy Squier - Rock Me Tonite.mp3,❓ Poor matches - potentially rare
Billboard Top 100 Hits Of 1984,086 - John Cougar Mellencamp - Pink Houses,,,Billboard Top 100 Hits Of 1984 - 086 - John Cougar Mellencamp - Pink Houses.mp3,❓ Poor matches - potentially rare
Billboard Top 100 Hits Of 1984,047 - Peabo Bryson - If Ever You're In My Arms Again,,,Billboard Top 100 Hits Of 1984 - 047 - Peabo Bryson - If Ever You're In My Arms Again.mp3,❓ Poor matches - potentially rare
Billboard Top 100 Hits Of 1984,080 - Ollie & Jerry - Breakin'... There's No Stopping,,,Billboard Top 100 Hits Of 1984 - 080 - Ollie & Jerry - Breakin'... There's No Stopping.mp3,❓ Poor matches - potentially rare
Billboard Top 100 Hits Of 1984,024 - Kool & The Gang - Joanna,,,Billboard Top 100 Hits Of 1984 - 024 - Kool & The Gang - Joanna.mp3,❓ Poor matches - potentially rare
Billboard Top 100 Hits Of 1984,077 - Ray Parker Jr. - I Still Can't Get Over Loving,,,Billboard Top 100 Hits Of 1984 - 077 - Ray Parker Jr. - I Still Can't Get Over Loving.mp3,❓ Poor matches - potentially rare
Billboard Top 100 Hits Of 1984,066 - Madonna - Lucky Star,,,Billboard Top 100 Hits Of 1984 - 066 - Madonna - Lucky Star.mp3,❓ Poor matches - potentially rare
Billboard Top 100 Hits Of 1984,074 - Wang Chung - Dance Hall Days,,,Billboard Top 100 Hits Of 1984 - 074 - Wang Chung - Dance Hall Days.mp3,❓ Poor matches - potentially rare
Billboard Top 100 Hits Of 1984,012 - Lionel Richie - All Night Long,,,Billboard Top 100 Hits Of 1984 - 012 - Lionel Richie - All Night Long.mp3,❓ Poor matches - potentially rare
Billboard Top 100 Hits Of 1984,094 - John Cafferty & The Beaver Brown Band - On The Dark Side,,,Billboard Top 100 Hits Of 1984 - 094 - John Cafferty & The Beaver Brown Band - On The Dark Side.mp3,❌ Not found - likely rare
Billboard Top 100 Hits Of 1984,095 - Duran Duran - New Moon On Monday,,,Billboard Top 100 Hits Of 1984 - 095 - Duran Duran - New Moon On Monday.mp3,❓ Poor matches - potentially rare
Billboard Top 100 Hits Of 1984,073 - Bananarama - Cruel Summer,,,Billboard Top 100 Hits Of 1984 - 073 - Bananarama - Cruel Summer.mp3,❓ Poor matches - potentially rare
Billboard Top 100 Hits Of 1984,075 - K C & The Sunshine Band - Give It Up,,,Billboard Top 100 Hits Of 1984 - 075 - K C & The Sunshine Band - Give It Up.mp3,❓ Poor matches - potentially rare
Billboard Top 100 Hits Of 1984,071 - Tracey Ullman - They Don't Know,,,Billboard Top 100 Hits Of 1984 - 071 - Tracey Ullman - They Don't Know.mp3,❓ Poor matches - potentially rare
Billboard Top 100 Hits Of 1984,089 - Billy Joel - The Longest Time,,,Billboard Top 100 Hits Of 1984 - 089 - Billy Joel - The Longest Time.mp3,❓ Poor matches - potentially rare
Billboard Top 100 Hits Of 1984,020 - Laura Branigan - Self Control,,,Billboard Top 100 Hits Of 1984 - 020 - Laura Branigan - Self Control.mp3,❓ Poor matches - potentially rare
Billboard Top 100 Hits Of 1984,043 - Duran Duran - Union Of The Snake,,,Billboard Top 100 Hits Of 1984 - 043 - Duran Duran - Union Of The Snake.mp3,❓ Poor matches - potentially rare
Billboard Top 100 Hits Of 1984,070 - Hall & Oates - Adult Education,,,Billboard Top 100 Hits Of 1984 - 070 - Hall & Oates - Adult Education.mp3,❓ Poor matches - potentially rare
Billboard Top 100 Hits Of 1984,064 - Huey Lewis & The News - If This Is It,,,Billboard Top 100 Hits Of 1984 - 064 - Huey Lewis & The News - If This Is It.mp3,❓ Poor matches - potentially rare
Billboard Top 100 Hits Of 1984,085 - Police - Wrapped Around Your Finger,,,Billboard Top 100 Hits Of 1984 - 085 - Police - Wrapped Around Your Finger.mp3,❓ Poor matches - potentially rare
Billboard Top 100 Hits Of 1984,038 - Eurythmics - Here Comes The Rain Again,,,Billboard Top 100 Hits Of 1984 - 038 - Eurythmics - Here Comes The Rain Again.mp3,❓ Poor matches - potentially rare
Billboard Top 100 Hits Of 1984,098 - Night Ranger - When You Close Your Eyes,,,Billboard Top 100 Hits Of 1984 - 098 - Night Ranger - When You Close Your Eyes.mp3,❓ Poor matches - potentially rare
Billboard Top 100 Hits Of 1984,082 - Culture Club - Church Of The Poisoned Mind,,,Billboard Top 100 Hits Of 1984 - 082 - Culture Club - Church Of The Poisoned Mind.mp3,❓ Poor matches - potentially rare
Billboard Top 100 Hits Of 1984,068 - Quiet Riot - Cum On Feel The Noise,,,Billboard Top 100 Hits Of 1984 - 068 - Quiet Riot - Cum On Feel The Noise.mp3,❓ Poor matches - potentially rare
Billboard Top 100 Hits Of 1984,069 - Irene Cara - Breakdance,,,Billboard Top 100 Hits Of 1984 - 069 - Irene Cara - Breakdance.mp3,❓ Poor matches - potentially rare
Billboard Top 100 Hits Of 1984,065 - Cars - You Might Think,,,Billboard Top 100 Hits Of 1984 - 065 - Cars - You Might Think.mp3,❓ Poor matches - potentially rare
Billboard Top 100 Hits Of 1984,021 - Prince - Let's Go Crazy,,,Billboard Top 100 Hits Of 1984 - 021 - Prince - Let's Go Crazy.mp3,❓ Poor matches - potentially rare
Billboard Top 100 Hits Of 1984,092 - Shalamar - Dancing In The Sheets,,,Billboard Top 100 Hits Of 1984 - 092 - Shalamar - Dancing In The Sheets.mp3,❓ Poor matches - potentially rare
Billboard Top 100 Hits Of 1984,061 - Jacksons & Mick Jagger - State Of Shock,,,Billboard Top 100 Hits Of 1984 - 061 - Jacksons & Mick Jagger - State Of Shock.mp3,❓ Poor matches - potentially rare
Billboard Top 100 Hits Of 1984,059 - Mike Reno & Ann Wilson - Almost Paradise,,,Billboard Top 100 Hits Of 1984 - 059 - Mike Reno & Ann Wilson - Almost Paradise.mp3,❓ Poor matches - potentially rare
Billboard Top 100 Hits Of 1985,040 - Commodores - Nightshift,,,Billboard Top 100 Hits Of 1985 - 040 - Commodores - Nightshift.mp3,❓ Poor matches - potentially rare
Billboard Top 100 Hits Of 1985,079 - Power Station - Some Like It Hot,,,Billboard Top 100 Hits Of 1985 - 079 - Power Station - Some Like It Hot.mp3,❓ Poor matches - potentially rare
Billboard Top 100 Hits Of 1985,036 - Duran Duran - Wild Boys,,,Billboard Top 100 Hits Of 1985 - 036 - Duran Duran - Wild Boys.mp3,❓ Poor matches - potentially rare
Billboard Top 100 Hits Of 1985,044 - Corey Hart - Never Surrender,,,Billboard Top 100 Hits Of 1985 - 044 - Corey Hart - Never Surrender.mp3,❓ Poor matches - potentially rare
Billboard Top 100 Hits Of 1985,065 - Cyndi Lauper - All Through The Night,,,Billboard Top 100 Hits Of 1985 - 065 - Cyndi Lauper - All Through The Night.mp3,❓ Poor matches - potentially rare
Billboard Top 100 Hits Of 1985,055 - Sting - If You Love Somebody,,,Billboard Top 100 Hits Of 1985 - 055 - Sting - If You Love Somebody.mp3,❓ Poor matches - potentially rare
Billboard Top 100 Hits Of 1985,081 - Madonna - Angel,,,Billboard Top 100 Hits Of 1985 - 081 - Madonna - Angel.mp3,❓ Poor matches - potentially rare
Billboard Top 100 Hits Of 1985,077 - Julian Lennon - Too Late For Goodbyes,,,Billboard Top 100 Hits Of 1985 - 077 - Julian Lennon - Too Late For Goodbyes.mp3,❓ Poor matches - potentially rare
Billboard Top 100 Hits Of 1985,076 - Wham - Freedom,,,Billboard Top 100 Hits Of 1985 - 076 - Wham - Freedom.mp3,❓ Poor matches - potentially rare
Billboard Top 100 Hits Of 1985,098 - Madonna - Dress You Up,,,Billboard Top 100 Hits Of 1985 - 098 - Madonna - Dress You Up.mp3,❓ Poor matches - potentially rare
Billboard Top 100 Hits Of 1985,057 - Tina Turner - We Don't Need Another Hero,,,Billboard Top 100 Hits Of 1985 - 057 - Tina Turner - We Don't Need Another Hero.mp3,❓ Poor matches - potentially rare
Billboard Top 100 Hits Of 1985,007 - Tears For Fears - Everybody Wants To Rule The World,,,Billboard Top 100 Hits Of 1985 - 007 - Tears For Fears - Everybody Wants To Rule The World.mp3,❓ Poor matches - potentially rare
Billboard Top 100 Hits Of 1985,064 - Phil Collins - Don't Lose My Number,,,Billboard Top 100 Hits Of 1985 - 064 - Phil Collins - Don't Lose My Number.mp3,❓ Poor matches - potentially rare
Billboard Top 100 Hits Of 1985,099 - Night Ranger - Sentimental Street,,,Billboard Top 100 Hits Of 1985 - 099 - Night Ranger - Sentimental Street.mp3,❓ Poor matches - potentially rare
Billboard Top 100 Hits Of 1985,075 - Katrina And The Waves - Walking On Sunshine,,,Billboard Top 100 Hits Of 1985 - 075 - Katrina And The Waves - Walking On Sunshine.mp3,❓ Poor matches - potentially rare
Billboard Top 100 Hits Of 1985,042 - Jack Wagner - All I Need,,,Billboard Top 100 Hits Of 1985 - 042 - Jack Wagner - All I Need.mp3,❓ Poor matches - potentially rare
Billboard Top 100 Hits Of 1985,063 - Mary Jane Girls - In My House,,,Billboard Top 100 Hits Of 1985 - 063 - Mary Jane Girls - In My House.mp3,❓ Poor matches - potentially rare
Billboard Top 100 Hits Of 1985,029 - Teena Marie - Lover Girl,,,Billboard Top 100 Hits Of 1985 - 029 - Teena Marie - Lover Girl.mp3,❓ Poor matches - potentially rare
Billboard Top 100 Hits Of 1985,046 - Sheena Easton - Strut,,,Billboard Top 100 Hits Of 1985 - 046 - Sheena Easton - Strut.mp3,❓ Poor matches - potentially rare
Billboard Top 100 Hits Of 1985,085 - Debarge - Who's Holding Donna Now,,,Billboard Top 100 Hits Of 1985 - 085 - Debarge - Who's Holding Donna Now.mp3,❓ Poor matches - potentially rare
Billboard Top 100 Hits Of 1985,054 - Murray Head - One Night In Bangkok,,,Billboard Top 100 Hits Of 1985 - 054 - Murray Head - One Night In Bangkok.mp3,❓ Poor matches - potentially rare
Billboard Top 100 Hits Of 1985,066 - Bryan Adams - Run To You,,,Billboard Top 100 Hits Of 1985 - 066 - Bryan Adams - Run To You.mp3,❓ Poor matches - potentially rare
Billboard Top 100 Hits Of 1985,095 - Sting - Fortress Around Your Heart,,,Billboard Top 100 Hits Of 1985 - 095 - Sting - Fortress Around Your Heart.mp3,❓ Poor matches - potentially rare
Billboard Top 100 Hits Of 1985,047 - Whitney Houston - You Give Good Love,,,Billboard Top 100 Hits Of 1985 - 047 - Whitney Houston - You Give Good Love.mp3,❓ Poor matches - potentially rare
Billboard Top 100 Hits Of 1985,043 - Aretha Franklin - Freeway Of Love,,,Billboard Top 100 Hits Of 1985 - 043 - Aretha Franklin - Freeway Of Love.mp3,❓ Poor matches - potentially rare
Billboard Top 100 Hits Of 1985,078 - Julian Lennon - Valotte,,,Billboard Top 100 Hits Of 1985 - 078 - Julian Lennon - Valotte.mp3,❓ Poor matches - potentially rare
Billboard Top 100 Hits Of 1985,086 - John Cougar Mellencamp - Lonely Ol' Night,,,Billboard Top 100 Hits Of 1985 - 086 - John Cougar Mellencamp - Lonely Ol' Night.mp3,❓ Poor matches - potentially rare
Billboard Top 100 Hits Of 1985,068 - 'Til Tuesday - Voices Carry,,,Billboard Top 100 Hits Of 1985 - 068 - 'Til Tuesday - Voices Carry.mp3,❓ Poor matches - potentially rare
Billboard Top 100 Hits Of 1985,070 - Eurythmics - Would I Lie To You,,,Billboard Top 100 Hits Of 1985 - 070 - Eurythmics - Would I Lie To You.mp3,❓ Poor matches - potentially rare
Billboard Top 100 Hits Of 1985,012 - Phil Collins & Phillip Bailey - Easy Lover,,,Billboard Top 100 Hits Of 1985 - 012 - Phil Collins & Phillip Bailey - Easy Lover.mp3,❓ Poor matches - potentially rare
Billboard Top 100 Hits Of 1985,089 - Kool & The Gang - Fresh,,,Billboard Top 100 Hits Of 1985 - 089 - Kool & The Gang - Fresh.mp3,❓ Poor matches - potentially rare
Billboard Top 100 Hits Of 1985,082 - Bruce Springsteen - I'm On Fire,,,Billboard Top 100 Hits Of 1985 - 082 - Bruce Springsteen - I'm On Fire.mp3,❓ Poor matches - potentially rare
Billboard Top 100 Hits Of 1985,037 - Chicago - You're The Inspiration,,,Billboard Top 100 Hits Of 1985 - 037 - Chicago - You're The Inspiration.mp3,❓ Poor matches - potentially rare
Billboard Top 100 Hits Of 1985,060 - Tears For Fears - Head Over Heels,,,Billboard Top 100 Hits Of 1985 - 060 - Tears For Fears - Head Over Heels.mp3,❓ Poor matches - potentially rare
Billboard Top 100 Hits Of 1985,072 - Paul McCartney - No More Lonely Nights,,,Billboard Top 100 Hits Of 1985 - 072 - Paul McCartney - No More Lonely Nights.mp3,❓ Poor matches - potentially rare
Billboard Top 100 Hits Of 1985,020 - USA For Africa - We Are The World,,,Billboard Top 100 Hits Of 1985 - 020 - USA For Africa - We Are The World.mp3,❓ Poor matches - potentially rare
Billboard Top 100 Hits Of 1985,024 - Bryan Adams - Heaven,,,Billboard Top 100 Hits Of 1985 - 024 - Bryan Adams - Heaven.mp3,❓ Poor matches - potentially rare
Billboard Top 100 Hits Of 1985,080 - Ashford & Simpson - Solid,,,Billboard Top 100 Hits Of 1985 - 080 - Ashford & Simpson - Solid.mp3,❓ Poor matches - potentially rare
Billboard Top 100 Hits Of 1985,069 - Kool & The Gang - Misled,,,Billboard Top 100 Hits Of 1985 - 069 - Kool & The Gang - Misled.mp3,❓ Poor matches - potentially rare
Billboard Top 100 Hits Of 1985,073 - Survivor - I Can't Hold Back,,,Billboard Top 100 Hits Of 1985 - 073 - Survivor - I Can't Hold Back.mp3,❓ Poor matches - potentially rare
Billboard Top 100 Hits Of 1985,061 - Harold Faltermeyer - Axel Foley Theme,,,Billboard Top 100 Hits Of 1985 - 061 - Harold Faltermeyer - Axel Foley Theme.mp3,❌ Not found - likely rare
Billboard Top 100 Hits Of 1985,067 - Bruce Springsteen - Glory Days,,,Billboard Top 100 Hits Of 1985 - 067 - Bruce Springsteen - Glory Days.mp3,❓ Poor matches - potentially rare
Billboard Top 100 Hits Of 1985,092 - Bruce Springsteen - Born In The U.S.A,,,Billboard Top 100 Hits Of 1985 - 092 - Bruce Springsteen - Born In The U.S.A.mp3,❓ Poor matches - potentially rare
Billboard Top 100 Hits Of 1985,051 - Prince - Raspberry Beret,,,Billboard Top 100 Hits Of 1985 - 051 - Prince - Raspberry Beret.mp3,❓ Poor matches - potentially rare
Billboard Top 100 Hits Of 1985,058 - Madonna - Material Girl,,,Billboard Top 100 Hits Of 1985 - 058 - Madonna - Material Girl.mp3,❓ Poor matches - potentially rare
Billboard Top 100 Hits Of 1986,020 - Steve Winwood - Higher Love,,,Billboard Top 100 Hits Of 1986 - 020 - Steve Winwood - Higher Love.mp3,❓ Poor matches - potentially rare
Billboard Top 100 Hits Of 1986,083 - Shelia E - A Love Bizarre,,,Billboard Top 100 Hits Of 1986 - 083 - Shelia E - A Love Bizarre.mp3,❓ Poor matches - potentially rare
Billboard Top 100 Hits Of 1986,064 - Scritti Politti - Perfect Way,,,Billboard Top 100 Hits Of 1986 - 064 - Scritti Politti - Perfect Way.mp3,❓ Poor matches - potentially rare
Billboard Top 100 Hits Of 1986,063 - Wham - I'm Your Man,,,Billboard Top 100 Hits Of 1986 - 063 - Wham - I'm Your Man.mp3,❓ Poor matches - potentially rare
Billboard Top 100 Hits Of 1986,065 - James Brown - Living In America,,,Billboard Top 100 Hits Of 1986 - 065 - James Brown - Living In America.mp3,❓ Poor matches - potentially rare
Billboard Top 100 Hits Of 1986,042 - Kenny Loggins - Danger Zone,,,Billboard Top 100 Hits Of 1986 - 042 - Kenny Loggins - Danger Zone.mp3,❓ Poor matches - potentially rare
Billboard Top 100 Hits Of 1986,066 - John Cougar Mellencamp - Rock In The U.S.A,,,Billboard Top 100 Hits Of 1986 - 066 - John Cougar Mellencamp - Rock In The U.S.A.mp3,❓ Poor matches - potentially rare
Billboard Top 100 Hits Of 1986,047 - Miami Sound Machine - Words Get In The Way,,,Billboard Top 100 Hits Of 1986 - 047 - Miami Sound Machine - Words Get In The Way.mp3,❓ Poor matches - potentially rare
Billboard Top 100 Hits Of 1986,098 - George Michael - A Different Corner,,,Billboard Top 100 Hits Of 1986 - 098 - George Michael - A Different Corner.mp3,❓ Poor matches - potentially rare
Billboard Top 100 Hits Of 1986,074 - Mike & The Mechanics - All I Need Is A Miracle,,,Billboard Top 100 Hits Of 1986 - 074 - Mike & The Mechanics - All I Need Is A Miracle.mp3,❓ Poor matches - potentially rare
Billboard Top 100 Hits Of 1986,095 - Force MD's - Tender Love,,,Billboard Top 100 Hits Of 1986 - 095 - Force MD's - Tender Love.mp3,❓ Poor matches - potentially rare
Billboard Top 100 Hits Of 1986,094 - Daryl Hall - Dreamtime,,,Billboard Top 100 Hits Of 1986 - 094 - Daryl Hall - Dreamtime.mp3,❓ Poor matches - potentially rare
Billboard Top 100 Hits Of 1986,058 - Janet Jackson - Nasty,,,Billboard Top 100 Hits Of 1986 - 058 - Janet Jackson - Nasty.mp3,❓ Poor matches - potentially rare
Billboard Top 100 Hits Of 1986,021 - Huey Lewis & The News - Stuck With You,,,Billboard Top 100 Hits Of 1986 - 021 - Huey Lewis & The News - Stuck With You.mp3,❓ Poor matches - potentially rare
Billboard Top 100 Hits Of 1986,077 - Timex Social Club - Rumors,,,Billboard Top 100 Hits Of 1986 - 077 - Timex Social Club - Rumors.mp3,❓ Poor matches - potentially rare
Billboard Top 100 Hits Of 1986,093 - Starpoint - Object Of My Desire,,,Billboard Top 100 Hits Of 1986 - 093 - Starpoint - Object Of My Desire.mp3,❓ Poor matches - potentially rare
Billboard Top 100 Hits Of 1986,059 - Eddie Money - Take Me Home Tonight,,,Billboard Top 100 Hits Of 1986 - 059 - Eddie Money - Take Me Home Tonight.mp3,❓ Poor matches - potentially rare
Billboard Top 100 Hits Of 1986,041 - Cyndi Lauper - True Colors,,,Billboard Top 100 Hits Of 1986 - 041 - Cyndi Lauper - True Colors.mp3,❓ Poor matches - potentially rare
Billboard Top 100 Hits Of 1986,056 - Sade - The Sweetest Taboo,,,Billboard Top 100 Hits Of 1986 - 056 - Sade - The Sweetest Taboo.mp3,❓ Poor matches - potentially rare
Billboard Top 100 Hits Of 1986,072 - John Cougar Mellencamp - Small Town,,,Billboard Top 100 Hits Of 1986 - 072 - John Cougar Mellencamp - Small Town.mp3,❓ Poor matches - potentially rare
Billboard Top 100 Hits Of 1986,061 - Lisa Lisa & Cult Jam - All Cried Out,,,Billboard Top 100 Hits Of 1986 - 061 - Lisa Lisa & Cult Jam - All Cried Out.mp3,❓ Poor matches - potentially rare
Billboard Top 100 Hits Of 1986,075 - Michael McDonald - Sweet Freedom,,,Billboard Top 100 Hits Of 1986 - 075 - Michael McDonald - Sweet Freedom.mp3,❓ Poor matches - potentially rare
Billboard Top 100 Hits Of 1986,073 - Baltimora - Tarzan Boy,,,Billboard Top 100 Hits Of 1986 - 073 - Baltimora - Tarzan Boy.mp3,❓ Poor matches - potentially rare
Billboard Top 100 Hits Of 1986,007 - Eddie Murphy - Party All The Time,,,Billboard Top 100 Hits Of 1986 - 007 - Eddie Murphy - Party All The Time.mp3,❓ Poor matches - potentially rare
Billboard Top 100 Hits Of 1986,068 - Cameo - Word Up,,,Billboard Top 100 Hits Of 1986 - 068 - Cameo - Word Up.mp3,❓ Poor matches - potentially rare
Billboard Top 100 Hits Of 1986,078 - Dream Academy - Life In A Northern Town,,,Billboard Top 100 Hits Of 1986 - 078 - Dream Academy - Life In A Northern Town.mp3,❓ Poor matches - potentially rare
Billboard Top 100 Hits Of 1986,070 - Mike & The Mechanics - Silent Running,,,Billboard Top 100 Hits Of 1986 - 070 - Mike & The Mechanics - Silent Running.mp3,❓ Poor matches - potentially rare
Billboard Top 100 Hits Of 1986,089 - Run DMC - Walk This Way,,,Billboard Top 100 Hits Of 1986 - 089 - Run DMC - Walk This Way.mp3,❓ Poor matches - potentially rare
Billboard Top 100 Hits Of 1986,024 - Starship - Sara,,,Billboard Top 100 Hits Of 1986 - 024 - Starship - Sara.mp3,❓ Poor matches - potentially rare
Billboard Top 100 Hits Of 1986,069 - Van Halen - Why Can't This Be Love,,,Billboard Top 100 Hits Of 1986 - 069 - Van Halen - Why Can't This Be Love.mp3,❓ Poor matches - potentially rare
Billboard Top 100 Hits Of 1986,090 - Anita Baker - Sweet Love,,,Billboard Top 100 Hits Of 1986 - 090 - Anita Baker - Sweet Love.mp3,❓ Poor matches - potentially rare
Billboard Top 100 Hits Of 1986,082 - Rod Stewart - Love Touch,,,Billboard Top 100 Hits Of 1986 - 082 - Rod Stewart - Love Touch.mp3,❓ Poor matches - potentially rare
Billboard Top 100 Hits Of 1986,071 - Tina Turner - Typical Male,,,Billboard Top 100 Hits Of 1986 - 071 - Tina Turner - Typical Male.mp3,❓ Poor matches - potentially rare
Billboard Top 100 Hits Of 1986,060 - Jermaine Stewart - We Don't Have To Take Our Clothes Off,,,Billboard Top 100 Hits Of 1986 - 060 - Jermaine Stewart - We Don't Have To Take Our Clothes Off.mp3,❓ Poor matches - potentially rare
Billboard Top 100 Hits Of 1986,088 - Phil Colins - Take Me Home,,,Billboard Top 100 Hits Of 1986 - 088 - Phil Colins - Take Me Home.mp3,❓ Poor matches - potentially rare
Billboard Top 100 Hits Of 1986,012 - Atlantic Star - Secret Lovers,,,Billboard Top 100 Hits Of 1986 - 012 - Atlantic Star - Secret Lovers.mp3,❓ Poor matches - potentially rare
Billboard Top 100 Hits Of 1987,070 - ABC - When Smokey Sings,,,Billboard Top 100 Hits Of 1987 - 070 - ABC - When Smokey Sings.mp3,❓ Poor matches - potentially rare
Billboard Top 100 Hits Of 1987,085 - Glenn Medeiros - Nothing's Gonna Change My Love,,,Billboard Top 100 Hits Of 1987 - 085 - Glenn Medeiros - Nothing's Gonna Change My Love.mp3,❓ Poor matches - potentially rare
Billboard Top 100 Hits Of 1987,091 - Kool & The Gang - Victory,,,Billboard Top 100 Hits Of 1987 - 091 - Kool & The Gang - Victory.mp3,❓ Poor matches - potentially rare
Billboard Top 100 Hits Of 1987,071 - Levert - Casanova,,,Billboard Top 100 Hits Of 1987 - 071 - Levert - Casanova.mp3,❓ Poor matches - potentially rare
Billboard Top 100 Hits Of 1987,047 - Genesis - In Too Deep,,,Billboard Top 100 Hits Of 1987 - 047 - Genesis - In Too Deep.mp3,❓ Poor matches - potentially rare
Billboard Top 100 Hits Of 1987,067 - Ben E King - Stand By Me,,,Billboard Top 100 Hits Of 1987 - 067 - Ben E King - Stand By Me.mp3,❓ Poor matches - potentially rare
Billboard Top 100 Hits Of 1987,069 - Glass Tiger - Someday,,,Billboard Top 100 Hits Of 1987 - 069 - Glass Tiger - Someday.mp3,❓ Poor matches - potentially rare
Billboard Top 100 Hits Of 1987,065 - Bruce Hornsby - Mandolin Rain,,,Billboard Top 100 Hits Of 1987 - 065 - Bruce Hornsby - Mandolin Rain.mp3,❓ Poor matches - potentially rare
Billboard Top 100 Hits Of 1987,055 - Kenny G - Songbird,,,Billboard Top 100 Hits Of 1987 - 055 - Kenny G - Songbird.mp3,❓ Poor matches - potentially rare
Billboard Top 100 Hits Of 1987,046 - Madonna - Causing A Commotion,,,Billboard Top 100 Hits Of 1987 - 046 - Madonna - Causing A Commotion.mp3,❓ Poor matches - potentially rare
Billboard Top 100 Hits Of 1987,054 - Richard Marx - Don't Mean Nothing,,,Billboard Top 100 Hits Of 1987 - 054 - Richard Marx - Don't Mean Nothing.mp3,❓ Poor matches - potentially rare
Billboard Top 100 Hits Of 1987,060 - Prince - Sign 'O' The Times,,,Billboard Top 100 Hits Of 1987 - 060 - Prince - Sign 'O' The Times.mp3,❓ Poor matches - potentially rare
Billboard Top 100 Hits Of 1987,028 - Peter Cetera & Amy Grant - The Next Time I Fall,,,Billboard Top 100 Hits Of 1987 - 028 - Peter Cetera & Amy Grant - The Next Time I Fall.mp3,❓ Poor matches - potentially rare
Billboard Top 100 Hits Of 1987,072 - Gloria Estefan & Miami Sound Machine - Rhythm Is Gonna,,,Billboard Top 100 Hits Of 1987 - 072 - Gloria Estefan & Miami Sound Machine - Rhythm Is Gonna.mp3,❓ Poor matches - potentially rare
Billboard Top 100 Hits Of 1987,021 - Chris De Burgh - The Lady In Red,,,Billboard Top 100 Hits Of 1987 - 021 - Chris De Burgh - The Lady In Red.mp3,❓ Poor matches - potentially rare
Billboard Top 100 Hits Of 1987,012 - Wang Chung - Everybody Have Fun Tonight,,,Billboard Top 100 Hits Of 1987 - 012 - Wang Chung - Everybody Have Fun Tonight.mp3,❓ Poor matches - potentially rare
Billboard Top 100 Hits Of 1987,037 - Janet Jackson - Control,,,Billboard Top 100 Hits Of 1987 - 037 - Janet Jackson - Control.mp3,❓ Poor matches - potentially rare
Billboard Top 100 Hits Of 1987,062 - Expose - Come Go With Me,,,Billboard Top 100 Hits Of 1987 - 062 - Expose - Come Go With Me.mp3,❓ Poor matches - potentially rare
Billboard Top 100 Hits Of 1987,058 - Madonna - La Isla Bonita,,,Billboard Top 100 Hits Of 1987 - 058 - Madonna - La Isla Bonita.mp3,❓ Poor matches - potentially rare
Billboard Top 100 Hits Of 1987,049 - Huey Lewis & The News - Hip To Be Square,,,Billboard Top 100 Hits Of 1987 - 049 - Huey Lewis & The News - Hip To Be Square.mp3,❓ Poor matches - potentially rare
Billboard Top 100 Hits Of 1987,051 - Fleetwood Mac - Little Lies,,,Billboard Top 100 Hits Of 1987 - 051 - Fleetwood Mac - Little Lies.mp3,❓ Poor matches - potentially rare
Billboard Top 100 Hits Of 1987,089 - Bruce Willis - Respect Yourself,,,Billboard Top 100 Hits Of 1987 - 089 - Bruce Willis - Respect Yourself.mp3,❓ Poor matches - potentially rare
Billboard Top 100 Hits Of 1987,063 - Dan Hill And Vonda Sheppard - Can't We Try,,,Billboard Top 100 Hits Of 1987 - 063 - Dan Hill And Vonda Sheppard - Can't We Try.mp3,❓ Poor matches - potentially rare
Billboard Top 100 Hits Of 1987,044 - Samantha Fox - Touch Me [I Want Your Body],,,Billboard Top 100 Hits Of 1987 - 044 - Samantha Fox - Touch Me [I Want Your Body].mp3,❓ Poor matches - potentially rare
Billboard Top 100 Hits Of 1987,080 - Expose - Point Of No Return,,,Billboard Top 100 Hits Of 1987 - 080 - Expose - Point Of No Return.mp3,❓ Poor matches - potentially rare
Billboard Top 100 Hits Of 1987,053 - Bananarama - I Heard A Rumour,,,Billboard Top 100 Hits Of 1987 - 053 - Bananarama - I Heard A Rumour.mp3,❓ Poor matches - potentially rare
Billboard Top 100 Hits Of 1987,079 - Herb Alpert - Diamonds,,,Billboard Top 100 Hits Of 1987 - 079 - Herb Alpert - Diamonds.mp3,❓ Poor matches - potentially rare
Billboard Top 100 Hits Of 1987,059 - Michael Jackson - Bad,,,Billboard Top 100 Hits Of 1987 - 059 - Michael Jackson - Bad.mp3,❓ Poor matches - potentially rare
Billboard Top 100 Hits Of 1987,024 - George Michael - I Want Your Sex,,,Billboard Top 100 Hits Of 1987 - 024 - George Michael - I Want Your Sex.mp3,❓ Poor matches - potentially rare
Billboard Top 100 Hits Of 1987,075 - Peter Gabriel - Big Time,,,Billboard Top 100 Hits Of 1987 - 075 - Peter Gabriel - Big Time.mp3,❓ Poor matches - potentially rare
Billboard Top 100 Hits Of 1987,040 - Genesis - Land Of Confusion,,,Billboard Top 100 Hits Of 1987 - 040 - Genesis - Land Of Confusion.mp3,❓ Poor matches - potentially rare
Billboard Top 100 Hits Of 1987,025 - Duran Duran - Notorious,,,Billboard Top 100 Hits Of 1987 - 025 - Duran Duran - Notorious.mp3,❓ Poor matches - potentially rare
Billboard Top 100 Hits Of 1987,099 - Pseudo Echo - Funkytown,,,Billboard Top 100 Hits Of 1987 - 099 - Pseudo Echo - Funkytown.mp3,❓ Poor matches - potentially rare
Billboard Top 100 Hits Of 1987,056 - Europe - Carrie,,,Billboard Top 100 Hits Of 1987 - 056 - Europe - Carrie.mp3,❓ Poor matches - potentially rare
Billboard Top 100 Hits Of 1987,077 - Expose - Let Me Be The One,,,Billboard Top 100 Hits Of 1987 - 077 - Expose - Let Me Be The One.mp3,❓ Poor matches - potentially rare
Billboard Top 100 Hits Of 1987,097 - Cutting Crew - I've Been In Love Before,,,Billboard Top 100 Hits Of 1987 - 097 - Cutting Crew - I've Been In Love Before.mp3,❓ Poor matches - potentially rare
Billboard Top 100 Hits Of 1987,066 - Swing Out Sister - Breakout,,,Billboard Top 100 Hits Of 1987 - 066 - Swing Out Sister - Breakout.mp3,❓ Poor matches - potentially rare
Billboard Top 100 Hits Of 1988,092 - John Cougar Mellencamp - Cherry Bomb,,,Billboard Top 100 Hits Of 1988 - 092 - John Cougar Mellencamp - Cherry Bomb.mp3,❓ Poor matches - potentially rare
Billboard Top 100 Hits Of 1988,038 - Eric Carmen - Make Me Lose Control,,,Billboard Top 100 Hits Of 1988 - 038 - Eric Carmen - Make Me Lose Control.mp3,❓ Poor matches - potentially rare
Billboard Top 100 Hits Of 1988,"039 - UB40 - Red, Red Wine",,,"Billboard Top 100 Hits Of 1988 - 039 - UB40 - Red, Red Wine.mp3",❓ Poor matches - potentially rare
Billboard Top 100 Hits Of 1988,086 - Foreigner - I Don't Want To Live Without You,,,Billboard Top 100 Hits Of 1988 - 086 - Foreigner - I Don't Want To Live Without You.mp3,❓ Poor matches - potentially rare
Billboard Top 100 Hits Of 1988,025 - Eric Carmen - Hungry Eyes,,,Billboard Top 100 Hits Of 1988 - 025 - Eric Carmen - Hungry Eyes.mp3,❓ Poor matches - potentially rare
Billboard Top 100 Hits Of 1988,078 - Bruce Hornsby & The Range - The Valley Road,,,Billboard Top 100 Hits Of 1988 - 078 - Bruce Hornsby & The Range - The Valley Road.mp3,❓ Poor matches - potentially rare
Billboard Top 100 Hits Of 1988,047 - Richard Marx - Should've Known Better,,,Billboard Top 100 Hits Of 1988 - 047 - Richard Marx - Should've Known Better.mp3,❓ Poor matches - potentially rare
Billboard Top 100 Hits Of 1988,064 - Huey Lewis & The News - Perfect World,,,Billboard Top 100 Hits Of 1988 - 064 - Huey Lewis & The News - Perfect World.mp3,❓ Poor matches - potentially rare
Billboard Top 100 Hits Of 1988,081 - Brenda Russell - Piano In The Dark,,,Billboard Top 100 Hits Of 1988 - 081 - Brenda Russell - Piano In The Dark.mp3,❓ Poor matches - potentially rare
Billboard Top 100 Hits Of 1988,063 - Pebbles - Mercedes Boy,,,Billboard Top 100 Hits Of 1988 - 063 - Pebbles - Mercedes Boy.mp3,❓ Poor matches - potentially rare
Billboard Top 100 Hits Of 1988,029 - Phil Collins - A Groovy Kind Of Love,,,Billboard Top 100 Hits Of 1988 - 029 - Phil Collins - A Groovy Kind Of Love.mp3,❓ Poor matches - potentially rare
Billboard Top 100 Hits Of 1988,021 - Michael Jackson - Man In The Mirror,,,Billboard Top 100 Hits Of 1988 - 021 - Michael Jackson - Man In The Mirror.mp3,❓ Poor matches - potentially rare
Billboard Top 100 Hits Of 1988,066 - Pretty Poison - Catch Me [I'm Falling],,,Billboard Top 100 Hits Of 1988 - 066 - Pretty Poison - Catch Me [I'm Falling].mp3,❓ Poor matches - potentially rare
Billboard Top 100 Hits Of 1988,020 - Taylor Dayne - I'll Always Love You,,,Billboard Top 100 Hits Of 1988 - 020 - Taylor Dayne - I'll Always Love You.mp3,❓ Poor matches - potentially rare
Billboard Top 100 Hits Of 1988,070 - Cheap Trick - Don't Be Cruel,,,Billboard Top 100 Hits Of 1988 - 070 - Cheap Trick - Don't Be Cruel.mp3,❓ Poor matches - potentially rare
Billboard Top 100 Hits Of 1988,069 - Peter Cetera - One Good Woman,,,Billboard Top 100 Hits Of 1988 - 069 - Peter Cetera - One Good Woman.mp3,❓ Poor matches - potentially rare
Billboard Top 100 Hits Of 1988,"062 - Gloria Estefan & Miami Sound Machine - 1, 2, 3",,,"Billboard Top 100 Hits Of 1988 - 062 - Gloria Estefan & Miami Sound Machine - 1, 2, 3.mp3",❓ Poor matches - potentially rare
Billboard Top 100 Hits Of 1988,077 - Icehouse - Electric Blue,,,Billboard Top 100 Hits Of 1988 - 077 - Icehouse - Electric Blue.mp3,❓ Poor matches - potentially rare
Billboard Top 100 Hits Of 1988,007 - Belinda Carlisle - Heaven Is A Place On Earth,,,Billboard Top 100 Hits Of 1988 - 007 - Belinda Carlisle - Heaven Is A Place On Earth.mp3,❓ Poor matches - potentially rare
Billboard Top 100 Hits Of 1988,036 - Michael Jackson - The Way You Make Me Feel,,,Billboard Top 100 Hits Of 1988 - 036 - Michael Jackson - The Way You Make Me Feel.mp3,❓ Poor matches - potentially rare
Billboard Top 100 Hits Of 1988,085 - Joan Jett - I Hate Myself For Loving You,,,Billboard Top 100 Hits Of 1988 - 085 - Joan Jett - I Hate Myself For Loving You.mp3,❓ Poor matches - potentially rare
Billboard Top 100 Hits Of 1988,079 - Bobby Brown - Don't Be Cruel,,,Billboard Top 100 Hits Of 1988 - 079 - Bobby Brown - Don't Be Cruel.mp3,❓ Poor matches - potentially rare
Billboard Top 100 Hits Of 1988,096 - Steve Winwood - Valerie,,,Billboard Top 100 Hits Of 1988 - 096 - Steve Winwood - Valerie.mp3,❓ Poor matches - potentially rare
Billboard Top 100 Hits Of 1988,012 - Terence Trent Darby - Wishing Well,,,Billboard Top 100 Hits Of 1988 - 012 - Terence Trent Darby - Wishing Well.mp3,❓ Poor matches - potentially rare
Billboard Top 100 Hits Of 1988,041 - Bon Jovi - Bad Medicine,,,Billboard Top 100 Hits Of 1988 - 041 - Bon Jovi - Bad Medicine.mp3,❓ Poor matches - potentially rare
Billboard Top 100 Hits Of 1988,024 - Richard Marx - Hold On To The Nights,,,Billboard Top 100 Hits Of 1988 - 024 - Richard Marx - Hold On To The Nights.mp3,❓ Poor matches - potentially rare
Billboard Top 100 Hits Of 1988,080 - Pet Shop Boys - Always On My Mind,,,Billboard Top 100 Hits Of 1988 - 080 - Pet Shop Boys - Always On My Mind.mp3,❓ Poor matches - potentially rare
Billboard Top 100 Hits Of 1988,014 - Cheap Trick - The Flame,,,Billboard Top 100 Hits Of 1988 - 014 - Cheap Trick - The Flame.mp3,❓ Poor matches - potentially rare
Billboard Top 100 Hits Of 1988,071 - Elton John - Candle In The Wind,,,Billboard Top 100 Hits Of 1988 - 071 - Elton John - Candle In The Wind.mp3,❓ Poor matches - potentially rare
Billboard Top 100 Hits Of 1988,028 - Samantha Fox - Naughty Girls Need Love Too,,,Billboard Top 100 Hits Of 1988 - 028 - Samantha Fox - Naughty Girls Need Love Too.mp3,❓ Poor matches - potentially rare
Billboard Top 100 Hits Of 1988,057 - Belinda Carlisle - I Get Weak,,,Billboard Top 100 Hits Of 1988 - 057 - Belinda Carlisle - I Get Weak.mp3,❓ Poor matches - potentially rare
Billboard Top 100 Hits Of 1988,089 - Whitney Houston - One Moment In Time,,,Billboard Top 100 Hits Of 1988 - 089 - Whitney Houston - One Moment In Time.mp3,❓ Poor matches - potentially rare
Billboard Top 100 Hits Of 1988,048 - Chicago - I Don't Wanna Live Without,,,Billboard Top 100 Hits Of 1988 - 048 - Chicago - I Don't Wanna Live Without.mp3,❓ Poor matches - potentially rare
Billboard Top 100 Hits Of 1988,076 - Tracy Chapman - Fast Car,,,Billboard Top 100 Hits Of 1988 - 076 - Tracy Chapman - Fast Car.mp3,❓ Poor matches - potentially rare
Billboard Top 100 Hits Of 1988,072 - Hall & Oates - Everything Your Heart Desires,,,Billboard Top 100 Hits Of 1988 - 072 - Hall & Oates - Everything Your Heart Desires.mp3,❓ Poor matches - potentially rare
Billboard Top 100 Hits Of 1988,055 - Jody Watley - Don't You Want Me,,,Billboard Top 100 Hits Of 1988 - 055 - Jody Watley - Don't You Want Me.mp3,❓ Poor matches - potentially rare
Billboard Top 100 Hits Of 1988,046 - INXS - Devil Inside,,,Billboard Top 100 Hits Of 1988 - 046 - INXS - Devil Inside.mp3,❓ Poor matches - potentially rare
Billboard Top 100 Hits Of 1988,022 - Debbie Gibson - Shake Your Love,,,Billboard Top 100 Hits Of 1988 - 022 - Debbie Gibson - Shake Your Love.mp3,❓ Poor matches - potentially rare
Billboard Top 100 Hits Of 1988,065 - INXS - New Sensation,,,Billboard Top 100 Hits Of 1988 - 065 - INXS - New Sensation.mp3,❓ Poor matches - potentially rare
Billboard Top 100 Hits Of 1988,058 - Terence Trent D'arby - Sign Your Name,,,Billboard Top 100 Hits Of 1988 - 058 - Terence Trent D'arby - Sign Your Name.mp3,❓ Poor matches - potentially rare
Billboard Top 100 Hits Of 1989,053 - Dino - I Like It,,,Billboard Top 100 Hits Of 1989 - 053 - Dino - I Like It.mp3,❓ Poor matches - potentially rare
Billboard Top 100 Hits Of 1989,060 - Donny Osmond - Soldier Of Love,,,Billboard Top 100 Hits Of 1989 - 060 - Donny Osmond - Soldier Of Love.mp3,❓ Poor matches - potentially rare
Billboard Top 100 Hits Of 1989,090 - Boys Club - I Remember Holding You,,,Billboard Top 100 Hits Of 1989 - 090 - Boys Club - I Remember Holding You.mp3,❓ Poor matches - potentially rare
Billboard Top 100 Hits Of 1989,020 - Milli Vanilli - Baby Don't Forget My Number,,,Billboard Top 100 Hits Of 1989 - 020 - Milli Vanilli - Baby Don't Forget My Number.mp3,❓ Poor matches - potentially rare
Billboard Top 100 Hits Of 1989,047 - Prince - Batdance,,,Billboard Top 100 Hits Of 1989 - 047 - Prince - Batdance.mp3,❓ Poor matches - potentially rare
Billboard Top 100 Hits Of 1989,093 - Soul 2 Soul - Keep On Movin',,,Billboard Top 100 Hits Of 1989 - 093 - Soul 2 Soul - Keep On Movin'.mp3,❓ Poor matches - potentially rare
Billboard Top 100 Hits Of 1989,014 - Milli Vanilli - Girl You Know It's True,,,Billboard Top 100 Hits Of 1989 - 014 - Milli Vanilli - Girl You Know It's True.mp3,❓ Poor matches - potentially rare
Billboard Top 100 Hits Of 1989,064 - Karyn White - The Way You Love Me,,,Billboard Top 100 Hits Of 1989 - 064 - Karyn White - The Way You Love Me.mp3,❓ Poor matches - potentially rare
Billboard Top 100 Hits Of 1989,052 - Richard Marx - Satisfied,,,Billboard Top 100 Hits Of 1989 - 052 - Richard Marx - Satisfied.mp3,❓ Poor matches - potentially rare
Billboard Top 100 Hits Of 1989,088 - Babyface - It's No Crime,,,Billboard Top 100 Hits Of 1989 - 088 - Babyface - It's No Crime.mp3,❓ Poor matches - potentially rare
Billboard Top 100 Hits Of 1989,095 - Rod Stewart - Crazy About Her,,,Billboard Top 100 Hits Of 1989 - 095 - Rod Stewart - Crazy About Her.mp3,❓ Poor matches - potentially rare
Billboard Top 100 Hits Of 1989,006 - Bobby Brown - My Prerogative,,,Billboard Top 100 Hits Of 1989 - 006 - Bobby Brown - My Prerogative.mp3,❓ Poor matches - potentially rare
Billboard Top 100 Hits Of 1989,094 - Sa-fire - Thinking Of You,,,Billboard Top 100 Hits Of 1989 - 094 - Sa-fire - Thinking Of You.mp3,❓ Poor matches - potentially rare
Billboard Top 100 Hits Of 1989,012 - Richard Marx - Right Here Waiting,,,Billboard Top 100 Hits Of 1989 - 012 - Richard Marx - Right Here Waiting.mp3,❓ Poor matches - potentially rare
Billboard Top 100 Hits Of 1989,099 - Vanessa Williams - Dreamin',,,Billboard Top 100 Hits Of 1989 - 099 - Vanessa Williams - Dreamin'.mp3,❓ Poor matches - potentially rare
Billboard Top 100 Hits Of 1989,077 - Bobby Brown - Roni,,,Billboard Top 100 Hits Of 1989 - 077 - Bobby Brown - Roni.mp3,❓ Poor matches - potentially rare
Billboard Top 100 Hits Of 1989,038 - Sheriff - When I'm With You,,,Billboard Top 100 Hits Of 1989 - 038 - Sheriff - When I'm With You.mp3,❓ Poor matches - potentially rare
Billboard Top 100 Hits Of 1989,089 - Ann Wilson & Robin Zander - Surrender To Me,,,Billboard Top 100 Hits Of 1989 - 089 - Ann Wilson & Robin Zander - Surrender To Me.mp3,❓ Poor matches - potentially rare
Billboard Top 100 Hits Of 1989,069 - Kix - Don't Close Your Eyes,,,Billboard Top 100 Hits Of 1989 - 069 - Kix - Don't Close Your Eyes.mp3,❌ Not found - likely rare
Billboard Top 100 Hits Of 1989,061 - Madonna - Cherish,,,Billboard Top 100 Hits Of 1989 - 061 - Madonna - Cherish.mp3,❓ Poor matches - potentially rare
Billboard Top 100 Hits Of 1989,033 - Roxette - The Look,,,Billboard Top 100 Hits Of 1989 - 033 - Roxette - The Look.mp3,❓ Poor matches - potentially rare
Billboard Top 100 Hits Of 1989,045 - Def Leppard - Armageddon It,,,Billboard Top 100 Hits Of 1989 - 045 - Def Leppard - Armageddon It.mp3,❓ Poor matches - potentially rare
Billboard Top 100 Hits Of 1989,080 - R.E.M - Stand,,,Billboard Top 100 Hits Of 1989 - 080 - R.E.M - Stand.mp3,❓ Poor matches - potentially rare
Billboard Top 100 Hits Of 1989,031 - Cher - If I Could Turn Back Time,,,Billboard Top 100 Hits Of 1989 - 031 - Cher - If I Could Turn Back Time.mp3,❓ Poor matches - potentially rare
Billboard Top 100 Hits Of 1989,044 - Love & Rockets - So Alive,,,Billboard Top 100 Hits Of 1989 - 044 - Love & Rockets - So Alive.mp3,❓ Poor matches - potentially rare
Billboard Top 100 Hits Of 1989,079 - Aerosmith - Love In An Elevator,,,Billboard Top 100 Hits Of 1989 - 079 - Aerosmith - Love In An Elevator.mp3,❓ Poor matches - potentially rare
Billboard Top 100 Hits Of 1989,063 - Karyn White - Secret Rendezvous,,,Billboard Top 100 Hits Of 1989 - 063 - Karyn White - Secret Rendezvous.mp3,❌ Not found - likely rare
Billboard Top 100 Hits Of 1989,073 - Bangles - In Your Room,,,Billboard Top 100 Hits Of 1989 - 073 - Bangles - In Your Room.mp3,❓ Poor matches - potentially rare
Billboard Top 100 Hits Of 1989,029 - Taylor Dayne - Don't Rush Me,,,Billboard Top 100 Hits Of 1989 - 029 - Taylor Dayne - Don't Rush Me.mp3,❓ Poor matches - potentially rare
Billboard Top 100 Hits Of 1989,072 - Tone Loc - Funky Cold Medina,,,Billboard Top 100 Hits Of 1989 - 072 - Tone Loc - Funky Cold Medina.mp3,❓ Poor matches - potentially rare
Billboard Top 100 Hits Of 1989,007 - Paula Abdul - Straight Up,,,Billboard Top 100 Hits Of 1989 - 007 - Paula Abdul - Straight Up.mp3,❓ Poor matches - potentially rare
Billboard Top 100 Hits Of 1989,024 - Martika - Toy Soldiers,,,Billboard Top 100 Hits Of 1989 - 024 - Martika - Toy Soldiers.mp3,❌ Not found - likely rare
Billboard Top 100 Hits Of 1990,098 - Prince - Thieves In The Temple,,,Billboard Top 100 Hits Of 1990 - 098 - Prince - Thieves In The Temple.mp3,❓ Poor matches - potentially rare
Billboard Top 100 Hits Of 1990,047 - MC Hammer - Have You Seen Her,,,Billboard Top 100 Hits Of 1990 - 047 - MC Hammer - Have You Seen Her.mp3,❓ Poor matches - potentially rare
Billboard Top 100 Hits Of 1990,085 - Cathy Dennis Ft D-Mob - C'mon And Get My Love,,,Billboard Top 100 Hits Of 1990 - 085 - Cathy Dennis Ft D-Mob - C'mon And Get My Love.mp3,❌ Not found - likely rare
Billboard Top 100 Hits Of 1990,072 - Skid Row - I Remember You,,,Billboard Top 100 Hits Of 1990 - 072 - Skid Row - I Remember You.mp3,❓ Poor matches - potentially rare
Billboard Top 100 Hits Of 1990,037 - Rod Stewart - Downtown Train,,,Billboard Top 100 Hits Of 1990 - 037 - Rod Stewart - Downtown Train.mp3,❓ Poor matches - potentially rare
Billboard Top 100 Hits Of 1990,022 - Calloway - I Wanna Be Rich,,,Billboard Top 100 Hits Of 1990 - 022 - Calloway - I Wanna Be Rich.mp3,❓ Poor matches - potentially rare
Billboard Top 100 Hits Of 1990,055 - MC Hammer - U Can't Touch This,,,Billboard Top 100 Hits Of 1990 - 055 - MC Hammer - U Can't Touch This.mp3,❓ Poor matches - potentially rare
Billboard Top 100 Hits Of 1990,079 - Milli Vanilli - All Or Nothing,,,Billboard Top 100 Hits Of 1990 - 079 - Milli Vanilli - All Or Nothing.mp3,❓ Poor matches - potentially rare
Billboard Top 100 Hits Of 1990,060 - After 7 - Can't Stop,,,Billboard Top 100 Hits Of 1990 - 060 - After 7 - Can't Stop.mp3,❓ Poor matches - potentially rare
Billboard Top 100 Hits Of 1990,089 - Keith Sweat - Make You Sweat,,,Billboard Top 100 Hits Of 1990 - 089 - Keith Sweat - Make You Sweat.mp3,❓ Poor matches - potentially rare
Billboard Top 100 Hits Of 1990,066 - Depeche Mode - Enjoy The Silence,,,Billboard Top 100 Hits Of 1990 - 066 - Depeche Mode - Enjoy The Silence.mp3,❓ Poor matches - potentially rare
Billboard Top 100 Hits Of 1990,067 - Tesla - Love Song,,,Billboard Top 100 Hits Of 1990 - 067 - Tesla - Love Song.mp3,❓ Poor matches - potentially rare
Billboard Top 100 Hits Of 1990,042 - Soul II Soul - Back To Life,,,Billboard Top 100 Hits Of 1990 - 042 - Soul II Soul - Back To Life.mp3,❓ Poor matches - potentially rare
Billboard Top 100 Hits Of 1990,081 - Black Box - Everybody Everybody,,,Billboard Top 100 Hits Of 1990 - 081 - Black Box - Everybody Everybody.mp3,❓ Poor matches - potentially rare
Billboard Top 100 Hits Of 1990,031 - Linear - Sending All My Love,,,Billboard Top 100 Hits Of 1990 - 031 - Linear - Sending All My Love.mp3,❓ Poor matches - potentially rare
Billboard Top 100 Hits Of 1990,007 - Phil Collins - Another Day In Paradise,,,Billboard Top 100 Hits Of 1990 - 007 - Phil Collins - Another Day In Paradise.mp3,❓ Poor matches - potentially rare
Billboard Top 100 Hits Of 1990,065 - Pebbles - Giving You The Benefit,,,Billboard Top 100 Hits Of 1990 - 065 - Pebbles - Giving You The Benefit.mp3,❓ Poor matches - potentially rare
Billboard Top 100 Hits Of 1990,029 - Jane Child - Don't Wanna Fall In Love,,,Billboard Top 100 Hits Of 1990 - 029 - Jane Child - Don't Wanna Fall In Love.mp3,❓ Poor matches - potentially rare
Billboard Top 100 Hits Of 1990,021 - Lisa Stansfield - All Around The World,,,Billboard Top 100 Hits Of 1990 - 021 - Lisa Stansfield - All Around The World.mp3,❓ Poor matches - potentially rare
Billboard Top 100 Hits Of 1990,080 - Dino - Romeo,,,Billboard Top 100 Hits Of 1990 - 080 - Dino - Romeo.mp3,❓ Poor matches - potentially rare
Billboard Top 100 Hits Of 1990,012 - Michael Bolton - How Am I Supposed To Live Without You,,,Billboard Top 100 Hits Of 1990 - 012 - Michael Bolton - How Am I Supposed To Live Without You.mp3,❓ Poor matches - potentially rare
Billboard Top 100 Hits Of 1990,058 - Phil Collins - Something Happened On The Way To Heaven,,,Billboard Top 100 Hits Of 1990 - 058 - Phil Collins - Something Happened On The Way To Heaven.mp3,❓ Poor matches - potentially rare
Billboard Top 100 Hits Of 1990,050 - Michel'le - No More Lies,,,Billboard Top 100 Hits Of 1990 - 050 - Michel'le - No More Lies.mp3,❓ Poor matches - potentially rare
Billboard Top 100 Hits Of 1990,054 - After 7 - Ready Or Not,,,Billboard Top 100 Hits Of 1990 - 054 - After 7 - Ready Or Not.mp3,❓ Poor matches - potentially rare
Billboard Top 100 Hits Of 1990,073 - Technotronic - Get Up! [Before The Night Is Over],,,Billboard Top 100 Hits Of 1990 - 073 - Technotronic - Get Up! [Before The Night Is Over].mp3,❓ Poor matches - potentially rare
Billboard Top 100 Hits Of 1990,070 - Go West - King Of Wishful Thinking,,,Billboard Top 100 Hits Of 1990 - 070 - Go West - King Of Wishful Thinking.mp3,❓ Poor matches - potentially rare
Billboard Top 100 Hits Of 1990,011 - Bell Biv Devoe - Do Me!,,,Billboard Top 100 Hits Of 1990 - 011 - Bell Biv Devoe - Do Me!.mp3,❓ Poor matches - potentially rare
Billboard Top 100 Hits Of 1990,082 - Billy Joel - I Go To Extremes,,,Billboard Top 100 Hits Of 1990 - 082 - Billy Joel - I Go To Extremes.mp3,❓ Poor matches - potentially rare
Billboard Top 100 Hits Of 1990,063 - Taylor Dayne - I'll Be Your Shelter,,,Billboard Top 100 Hits Of 1990 - 063 - Taylor Dayne - I'll Be Your Shelter.mp3,❓ Poor matches - potentially rare
Billboard Top 100 Hits Of 1990,094 - Biz Markie - Just A Friend,,,Billboard Top 100 Hits Of 1990 - 094 - Biz Markie - Just A Friend.mp3,❓ Poor matches - potentially rare
Billboard Top 100 Hits Of 1990,069 - Tyler Collins - Girls Nite Out,,,Billboard Top 100 Hits Of 1990 - 069 - Tyler Collins - Girls Nite Out.mp3,❓ Poor matches - potentially rare
Billboard Top 100 Hits Of 1990,026 - Snap - The Power,,,Billboard Top 100 Hits Of 1990 - 026 - Snap - The Power.mp3,❓ Poor matches - potentially rare
Billboard Top 100 Hits Of 1990,020 - Linda Ronstadt & Aaron Neville - Don't Know Much,,,Billboard Top 100 Hits Of 1990 - 020 - Linda Ronstadt & Aaron Neville - Don't Know Much.mp3,❓ Poor matches - potentially rare
Billboard Top 100 Hits Of 1990,024 - Glenn Medeiros Ft Bobby Brown - She Ain't Worth It,,,Billboard Top 100 Hits Of 1990 - 024 - Glenn Medeiros Ft Bobby Brown - She Ain't Worth It.mp3,❓ Poor matches - potentially rare
Billboard Top 100 Hits Of 1990,057 - Lou Gramm - Just Between You And Me,,,Billboard Top 100 Hits Of 1990 - 057 - Lou Gramm - Just Between You And Me.mp3,❓ Poor matches - potentially rare
Billboard Top 100 Hits Of 1990,036 - James Ingram - I Don't Have The Heart,,,Billboard Top 100 Hits Of 1990 - 036 - James Ingram - I Don't Have The Heart.mp3,❓ Poor matches - potentially rare
Billboard Top 100 Hits Of 1990,064 - Tom Petty - Free Fallin',,,Billboard Top 100 Hits Of 1990 - 064 - Tom Petty - Free Fallin'.mp3,❓ Poor matches - potentially rare
Billboard Top 100 Hits Of 1990,074 - Gloria Estefan - Here We Are,,,Billboard Top 100 Hits Of 1990 - 074 - Gloria Estefan - Here We Are.mp3,❓ Poor matches - potentially rare
Billboard Top 100 Hits Of 1990,099 - Mellow Man Ace - Mentirosa,,,Billboard Top 100 Hits Of 1990 - 099 - Mellow Man Ace - Mentirosa.mp3,❓ Poor matches - potentially rare
Billboard Top 100 Hits Of 1990,051 - George Michael - Praying For Time,,,Billboard Top 100 Hits Of 1990 - 051 - George Michael - Praying For Time.mp3,❓ Poor matches - potentially rare
Billboard Top 100 Hits Of 1990,093 - Time - Jerk Out,,,Billboard Top 100 Hits Of 1990 - 093 - Time - Jerk Out.mp3,❓ Poor matches - potentially rare
Billboard Top 100 Hits Of 1990,097 - Jive Bunny & The Mastermixers - Swing The Mood,,,Billboard Top 100 Hits Of 1990 - 097 - Jive Bunny & The Mastermixers - Swing The Mood.mp3,❓ Poor matches - potentially rare
Billboard Top 100 Hits Of 1990,059 - Janet Jackson - Black Cat,,,Billboard Top 100 Hits Of 1990 - 059 - Janet Jackson - Black Cat.mp3,❓ Poor matches - potentially rare
Billboard Top 100 Hits Of 1990,092 - Kiss - Forever,,,Billboard Top 100 Hits Of 1990 - 092 - Kiss - Forever.mp3,❓ Poor matches - potentially rare
Billboard Top 100 Hits Of 1990,034 - Roxette - Dangerous,,,Billboard Top 100 Hits Of 1990 - 034 - Roxette - Dangerous.mp3,❓ Poor matches - potentially rare
Billboard Top 100 Hits Of 1990,077 - Cher - Just Like Jesse Jame,,,Billboard Top 100 Hits Of 1990 - 077 - Cher - Just Like Jesse Jame.mp3,❓ Poor matches - potentially rare
Billboard Top 100 Hits Of 1990,061 - Aerosmith - Janie's Got A Gun,,,Billboard Top 100 Hits Of 1990 - 061 - Aerosmith - Janie's Got A Gun.mp3,❓ Poor matches - potentially rare
Billboard Top 100 Hits Of 1991,059 - Chesney Hawkes - The One And Only,,,Billboard Top 100 Hits Of 1991 - 059 - Chesney Hawkes - The One And Only.mp3,❓ Poor matches - potentially rare
Billboard Top 100 Hits Of 1991,076 - Seal - Crazy,,,Billboard Top 100 Hits Of 1991 - 076 - Seal - Crazy.mp3,❓ Poor matches - potentially rare
Billboard Top 100 Hits Of 1991,077 - Queensryche - Silent Lucidity,,,Billboard Top 100 Hits Of 1991 - 077 - Queensryche - Silent Lucidity.mp3,❓ Poor matches - potentially rare
Billboard Top 100 Hits Of 1991,057 - Marky Mark - Walk On The Wild Side,,,Billboard Top 100 Hits Of 1991 - 057 - Marky Mark - Walk On The Wild Side.mp3,❓ Poor matches - potentially rare
Billboard Top 100 Hits Of 1991,043 - Tara Kemp - Hold You Tight,,,Billboard Top 100 Hits Of 1991 - 043 - Tara Kemp - Hold You Tight.mp3,❓ Poor matches - potentially rare
Billboard Top 100 Hits Of 1991,071 - Rick Astley - Cry For Help,,,Billboard Top 100 Hits Of 1991 - 071 - Rick Astley - Cry For Help.mp3,❓ Poor matches - potentially rare
Billboard Top 100 Hits Of 1991,052 - Rod Stewart - Rhythm Of My Heart,,,Billboard Top 100 Hits Of 1991 - 052 - Rod Stewart - Rhythm Of My Heart.mp3,❓ Poor matches - potentially rare
Billboard Top 100 Hits Of 1991,065 - Hi Five - I Can't Wait Another Minute,,,Billboard Top 100 Hits Of 1991 - 065 - Hi Five - I Can't Wait Another Minute.mp3,❓ Poor matches - potentially rare
Billboard Top 100 Hits Of 1991,083 - Tevin Campbell - Round And Round,,,Billboard Top 100 Hits Of 1991 - 083 - Tevin Campbell - Round And Round.mp3,❓ Poor matches - potentially rare
Billboard Top 100 Hits Of 1991,018 - EMF - Unbelievable,,,Billboard Top 100 Hits Of 1991 - 018 - EMF - Unbelievable.mp3,❓ Poor matches - potentially rare
Billboard Top 100 Hits Of 1991,094 - Escape Club - I'll Be There,,,Billboard Top 100 Hits Of 1991 - 094 - Escape Club - I'll Be There.mp3,❓ Poor matches - potentially rare
Billboard Top 100 Hits Of 1991,069 - Roberta Flack - Set The Night To Music,,,Billboard Top 100 Hits Of 1991 - 069 - Roberta Flack - Set The Night To Music.mp3,❌ Not found - likely rare
Billboard Top 100 Hits Of 1991,070 - Cathy Dennis - Too Many Walls,,,Billboard Top 100 Hits Of 1991 - 070 - Cathy Dennis - Too Many Walls.mp3,❓ Poor matches - potentially rare
Billboard Top 100 Hits Of 1991,064 - Divinyl's - I Touch Myself,,,Billboard Top 100 Hits Of 1991 - 064 - Divinyl's - I Touch Myself.mp3,❓ Poor matches - potentially rare
Billboard Top 100 Hits Of 1991,081 - Cathy Dennis - Just Another Dream,,,Billboard Top 100 Hits Of 1991 - 081 - Cathy Dennis - Just Another Dream.mp3,❓ Poor matches - potentially rare
Billboard Top 100 Hits Of 1991,082 - Winger - Miles Away,,,Billboard Top 100 Hits Of 1991 - 082 - Winger - Miles Away.mp3,❓ Poor matches - potentially rare
Billboard Top 100 Hits Of 1991,095 - Aaron Neville - Everybody Plays The Fool,,,Billboard Top 100 Hits Of 1991 - 095 - Aaron Neville - Everybody Plays The Fool.mp3,❓ Poor matches - potentially rare
Billboard Top 100 Hits Of 1991,099 - Tara Kemp - Piece Of My Heart,,,Billboard Top 100 Hits Of 1991 - 099 - Tara Kemp - Piece Of My Heart.mp3,❓ Poor matches - potentially rare
Billboard Top 100 Hits Of 1991,058 - Salt 'N Pepa - Let's Talk About Sex,,,Billboard Top 100 Hits Of 1991 - 058 - Salt 'N Pepa - Let's Talk About Sex.mp3,❌ Not found - likely rare
Billboard Top 100 Hits Of 1991,047 - DJ Jazzy Jeff And The Fresh Prince - Summertime '98,,,Billboard Top 100 Hits Of 1991 - 047 - DJ Jazzy Jeff And The Fresh Prince - Summertime '98.mp3,❌ Not found - likely rare
Billboard Top 100 Hits Of 1991,061 - C&C Music Factory - Things That Make You Go Hmmm,,,Billboard Top 100 Hits Of 1991 - 061 - C&C Music Factory - Things That Make You Go Hmmm.mp3,❓ Poor matches - potentially rare
Billboard Top 100 Hits Of 1991,072 - Richard Marx - Keep Coming Back,,,Billboard Top 100 Hits Of 1991 - 072 - Richard Marx - Keep Coming Back.mp3,❓ Poor matches - potentially rare
Billboard Top 100 Hits Of 1991,044 - Cathy Dennis - Touch Me [All Night Long],,,Billboard Top 100 Hits Of 1991 - 044 - Cathy Dennis - Touch Me [All Night Long].mp3,❓ Poor matches - potentially rare
Billboard Top 100 Hits Of 1991,097 - Rude Boys - Written All Over Your Face,,,Billboard Top 100 Hits Of 1991 - 097 - Rude Boys - Written All Over Your Face.mp3,❌ Not found - likely rare
Billboard Top 100 Hits Of 1991,039 - Madonna - Justify My Love,,,Billboard Top 100 Hits Of 1991 - 039 - Madonna - Justify My Love.mp3,❓ Poor matches - potentially rare
Billboard Top 100 Hits Of 1991,084 - Enigma - Sadness,,,Billboard Top 100 Hits Of 1991 - 084 - Enigma - Sadness.mp3,❓ Poor matches - potentially rare
Billboard Top 100 Hits Of 1991,062 - Michael Bolton - Love Is A Wonderful Thing,,,Billboard Top 100 Hits Of 1991 - 062 - Michael Bolton - Love Is A Wonderful Thing.mp3,❓ Poor matches - potentially rare
Billboard Top 100 Hits Of 1991,087 - Oleta Adams - Get Here,,,Billboard Top 100 Hits Of 1991 - 087 - Oleta Adams - Get Here.mp3,❓ Poor matches - potentially rare
Billboard Top 100 Hits Of 1991,079 - Keith Sweat - I'll Give All My Love To You,,,Billboard Top 100 Hits Of 1991 - 079 - Keith Sweat - I'll Give All My Love To You.mp3,❓ Poor matches - potentially rare
Billboard Top 100 Hits Of 1991,012 - Mariah Carey - Emotions,,,Billboard Top 100 Hits Of 1991 - 012 - Mariah Carey - Emotions.mp3,❓ Poor matches - potentially rare
Billboard Top 100 Hits Of 1991,078 - Tesla - Signs,,,Billboard Top 100 Hits Of 1991 - 078 - Tesla - Signs.mp3,❓ Poor matches - potentially rare
Billboard Top 100 Hits Of 1991,021 - Boyz II Men - Motownphilly,,,Billboard Top 100 Hits Of 1991 - 021 - Boyz II Men - Motownphilly.mp3,❓ Poor matches - potentially rare
Billboard Top 100 Hits Of 1991,067 - The KLF - 3am Eternal,,,Billboard Top 100 Hits Of 1991 - 067 - The KLF - 3am Eternal.mp3,❓ Poor matches - potentially rare
Billboard Top 100 Hits Of 1991,037 - Paula Abdul - Blowing Kisses In The Wind,,,Billboard Top 100 Hits Of 1991 - 037 - Paula Abdul - Blowing Kisses In The Wind.mp3,❓ Poor matches - potentially rare
Billboard Top 100 Hits Of 1991,091 - Black Box - Strike It Up,,,Billboard Top 100 Hits Of 1991 - 091 - Black Box - Strike It Up.mp3,❓ Poor matches - potentially rare
Billboard Top 100 Hits Of 1991,085 - Metallica - Enter Sandman,,,Billboard Top 100 Hits Of 1991 - 085 - Metallica - Enter Sandman.mp3,❓ Poor matches - potentially rare
Billboard Top 100 Hits Of 1991,089 - Jesus Jones - Real Real Real,,,Billboard Top 100 Hits Of 1991 - 089 - Jesus Jones - Real Real Real.mp3,❓ Poor matches - potentially rare
Billboard Top 100 Hits Of 1991,020 - Hi Five - I Like The Way [The Kissing Game],,,Billboard Top 100 Hits Of 1991 - 020 - Hi Five - I Like The Way [The Kissing Game].mp3,❓ Poor matches - potentially rare
Billboard Top 100 Hits Of 1991,053 - Roxette - Fading Like A Flower,,,Billboard Top 100 Hits Of 1991 - 053 - Roxette - Fading Like A Flower.mp3,❓ Poor matches - potentially rare
Billboard Top 100 Hits Of 1991,060 - Rythm Syndicate - P.A.S.S.I.O.N,,,Billboard Top 100 Hits Of 1991 - 060 - Rythm Syndicate - P.A.S.S.I.O.N.mp3,❓ Poor matches - potentially rare
Billboard Top 100 Hits Of 1992,012 - Wreckx 'N' Effect - Rump Shaker,,,Billboard Top 100 Hits Of 1992 - 012 - Wreckx 'N' Effect - Rump Shaker.mp3,❓ Poor matches - potentially rare
Billboard Top 100 Hits Of 1992,064 - Cover Girls - Wishing On A Star,,,Billboard Top 100 Hits Of 1992 - 064 - Cover Girls - Wishing On A Star.mp3,❓ Poor matches - potentially rare
Billboard Top 100 Hits Of 1992,041 - En Vogue - Giving Him Something He Can Feel,,,Billboard Top 100 Hits Of 1992 - 041 - En Vogue - Giving Him Something He Can Feel.mp3,❓ Poor matches - potentially rare
Billboard Top 100 Hits Of 1992,065 - Toad The Wet Sprocket - All I Want Is,,,Billboard Top 100 Hits Of 1992 - 065 - Toad The Wet Sprocket - All I Want Is.mp3,❓ Poor matches - potentially rare
Billboard Top 100 Hits Of 1992,078 - Cure - Friday I'm In Love,,,Billboard Top 100 Hits Of 1992 - 078 - Cure - Friday I'm In Love.mp3,❓ Poor matches - potentially rare
Billboard Top 100 Hits Of 1992,084 - KLF - Justified And Ancient,,,Billboard Top 100 Hits Of 1992 - 084 - KLF - Justified And Ancient.mp3,❓ Poor matches - potentially rare
Billboard Top 100 Hits Of 1992,040 - MC Hammer - 2 Legit 2 Quit,,,Billboard Top 100 Hits Of 1992 - 040 - MC Hammer - 2 Legit 2 Quit.mp3,❓ Poor matches - potentially rare
Billboard Top 100 Hits Of 1992,074 - Karyn White - The Way I Feel About You,,,Billboard Top 100 Hits Of 1992 - 074 - Karyn White - The Way I Feel About You.mp3,❓ Poor matches - potentially rare
Billboard Top 100 Hits Of 1992,067 - Michael Bolton - Love Somebody,,,Billboard Top 100 Hits Of 1992 - 067 - Michael Bolton - Love Somebody.mp3,❓ Poor matches - potentially rare
Billboard Top 100 Hits Of 1992,058 - Genesis - No Son Of Mine,,,Billboard Top 100 Hits Of 1992 - 058 - Genesis - No Son Of Mine.mp3,❓ Poor matches - potentially rare
Billboard Top 100 Hits Of 1992,076 - Brian Adams - Do I Have To Say The Words,,,Billboard Top 100 Hits Of 1992 - 076 - Brian Adams - Do I Have To Say The Words.mp3,❓ Poor matches - potentially rare
Billboard Top 100 Hits Of 1992,024 - Right Said Fred - I'm Too Sexy,,,Billboard Top 100 Hits Of 1992 - 024 - Right Said Fred - I'm Too Sexy.mp3,❓ Poor matches - potentially rare
Billboard Top 100 Hits Of 1992,077 - Bryan Adams - Thought I'd Died And Gone To Heaven,,,Billboard Top 100 Hits Of 1992 - 077 - Bryan Adams - Thought I'd Died And Gone To Heaven.mp3,❓ Poor matches - potentially rare
Billboard Top 100 Hits Of 1992,007 - P.M Dawn - I'd Die Without You,,,Billboard Top 100 Hits Of 1992 - 007 - P.M Dawn - I'd Die Without You.mp3,❓ Poor matches - potentially rare
Billboard Top 100 Hits Of 1992,097 - Mr Big - Just Take My Heart,,,Billboard Top 100 Hits Of 1992 - 097 - Mr Big - Just Take My Heart.mp3,❓ Poor matches - potentially rare
Billboard Top 100 Hits Of 1992,095 - Color Me Badd - Slow Motion,,,Billboard Top 100 Hits Of 1992 - 095 - Color Me Badd - Slow Motion.mp3,❓ Poor matches - potentially rare
Billboard Top 100 Hits Of 1992,072 - Celine Dion & Peabo Bryson - Beauty & The Beast,,,Billboard Top 100 Hits Of 1992 - 072 - Celine Dion & Peabo Bryson - Beauty & The Beast.mp3,❓ Poor matches - potentially rare
Billboard Top 100 Hits Of 1992,069 - Roberta Flack - Set The Night To Music,,,Billboard Top 100 Hits Of 1992 - 069 - Roberta Flack - Set The Night To Music.mp3,❌ Not found - likely rare
Billboard Top 100 Hits Of 1992,063 - Shakespeare's Sister - Stay,,,Billboard Top 100 Hits Of 1992 - 063 - Shakespeare's Sister - Stay.mp3,❓ Poor matches - potentially rare
Billboard Top 100 Hits Of 1992,070 - U2 - Mysterious Ways,,,Billboard Top 100 Hits Of 1992 - 070 - U2 - Mysterious Ways.mp3,❓ Poor matches - potentially rare
Billboard Top 100 Hits Of 1992,066 - Ce Ce Peniston - Keep On Walkin,,,Billboard Top 100 Hits Of 1992 - 066 - Ce Ce Peniston - Keep On Walkin.mp3,❓ Poor matches - potentially rare
Billboard Top 100 Hits Of 1992,068 - Richard Marx - Hazard,,,Billboard Top 100 Hits Of 1992 - 068 - Richard Marx - Hazard.mp3,❓ Poor matches - potentially rare
Billboard Top 100 Hits Of 1992,096 - Rod Stewart - The Motown Song,,,Billboard Top 100 Hits Of 1992 - 096 - Rod Stewart - The Motown Song.mp3,❓ Poor matches - potentially rare
Billboard Top 100 Hits Of 1992,037 - Celine Dion - If You Asked Me To,,,Billboard Top 100 Hits Of 1992 - 037 - Celine Dion - If You Asked Me To.mp3,❓ Poor matches - potentially rare
Billboard Top 100 Hits Of 1992,090 - MC Hammer - Addams Groove.mp3,,,Billboard Top 100 Hits Of 1992 - 090 - MC Hammer - Addams Groove.mp3.mp3,❓ Poor matches - potentially rare
Billboard Top 100 Hits Of 1992,085 - Kathy Troccoli - Everything Changes,,,Billboard Top 100 Hits Of 1992 - 085 - Kathy Troccoli - Everything Changes.mp3,❓ Poor matches - potentially rare
Billboard Top 100 Hits Of 1992,059 - Technotronic - Move This,,,Billboard Top 100 Hits Of 1992 - 059 - Technotronic - Move This.mp3,❓ Poor matches - potentially rare
Billboard Top 100 Hits Of 1992,083 - Kriss Kross - Warm It Up,,,Billboard Top 100 Hits Of 1992 - 083 - Kriss Kross - Warm It Up.mp3,❓ Poor matches - potentially rare
Billboard Top 100 Hits Of 1993,078 - Inner Circle - Bad Boys,,,Billboard Top 100 Hits Of 1993 - 078 - Inner Circle - Bad Boys.mp3,❓ Poor matches - potentially rare
Billboard Top 100 Hits Of 1993,072 - Madonna - Rain,,,Billboard Top 100 Hits Of 1993 - 072 - Madonna - Rain.mp3,❓ Poor matches - potentially rare
Billboard Top 100 Hits Of 1993,037 - Soul Asylum - Runaway Train,,,Billboard Top 100 Hits Of 1993 - 037 - Soul Asylum - Runaway Train.mp3,❓ Poor matches - potentially rare
Billboard Top 100 Hits Of 1993,047 - Toni Braxton - Another Sad Love Song,,,Billboard Top 100 Hits Of 1993 - 047 - Toni Braxton - Another Sad Love Song.mp3,❓ Poor matches - potentially rare
Billboard Top 100 Hits Of 1993,089 - Blindmelon - No Rain,,,Billboard Top 100 Hits Of 1993 - 089 - Blindmelon - No Rain.mp3,❌ Not found - likely rare
Billboard Top 100 Hits Of 1993,021 - Regina Belle & Peabo Bryson - A Whole New World,,,Billboard Top 100 Hits Of 1993 - 021 - Regina Belle & Peabo Bryson - A Whole New World.mp3,❓ Poor matches - potentially rare
Billboard Top 100 Hits Of 1993,092 - Boy George - The Crying Game,,,Billboard Top 100 Hits Of 1993 - 092 - Boy George - The Crying Game.mp3,❓ Poor matches - potentially rare
Billboard Top 100 Hits Of 1993,080 - Kenny G - Forever In Love,,,Billboard Top 100 Hits Of 1993 - 080 - Kenny G - Forever In Love.mp3,❓ Poor matches - potentially rare
Billboard Top 100 Hits Of 1993,062 - Positive K - I Got A Man,,,Billboard Top 100 Hits Of 1993 - 062 - Positive K - I Got A Man.mp3,❓ Poor matches - potentially rare
Billboard Top 100 Hits Of 1993,084 - Mad Cobra - Flex,,,Billboard Top 100 Hits Of 1993 - 084 - Mad Cobra - Flex.mp3,❓ Poor matches - potentially rare
Billboard Top 100 Hits Of 1993,077 - DJ Jazzy Jeff & The Fresh Prince - Boom Shake The Room,,,Billboard Top 100 Hits Of 1993 - 077 - DJ Jazzy Jeff & The Fresh Prince - Boom Shake The Room.mp3,❌ Not found - likely rare
Billboard Top 100 Hits Of 1993,073 - Ice Cube - It Was A Good Day,,,Billboard Top 100 Hits Of 1993 - 073 - Ice Cube - It Was A Good Day.mp3,❓ Poor matches - potentially rare
Billboard Top 100 Hits Of 1993,096 - Ice Cube - Check Yo' Self,,,Billboard Top 100 Hits Of 1993 - 096 - Ice Cube - Check Yo' Self.mp3,❓ Poor matches - potentially rare
Billboard Top 100 Hits Of 1993,039 - Boyz II Men - In The Still Of The Night,,,Billboard Top 100 Hits Of 1993 - 039 - Boyz II Men - In The Still Of The Night.mp3,❓ Poor matches - potentially rare
Billboard Top 100 Hits Of 1993,090 - Stereo MC - Connected,,,Billboard Top 100 Hits Of 1993 - 090 - Stereo MC - Connected.mp3,❓ Poor matches - potentially rare
Billboard Top 100 Hits Of 1993,061 - Ugly Kid Joe - Cats In The Cradle,,,Billboard Top 100 Hits Of 1993 - 061 - Ugly Kid Joe - Cats In The Cradle.mp3,❓ Poor matches - potentially rare
Billboard Top 100 Hits Of 1993,087 - Spin Doctors - Little Miss Can't Be Wrong,,,Billboard Top 100 Hits Of 1993 - 087 - Spin Doctors - Little Miss Can't Be Wrong.mp3,❌ Not found - likely rare
Billboard Top 100 Hits Of 1993,031 - Xscape - Just Kickin',,,Billboard Top 100 Hits Of 1993 - 031 - Xscape - Just Kickin'.mp3,❓ Poor matches - potentially rare
Billboard Top 100 Hits Of 1993,034 - N2Deep - Back To The Hotel,,,Billboard Top 100 Hits Of 1993 - 034 - N2Deep - Back To The Hotel.mp3,❓ Poor matches - potentially rare
Billboard Top 100 Hits Of 1993,009 - Sisters With Voices - Weak,,,Billboard Top 100 Hits Of 1993 - 009 - Sisters With Voices - Weak.mp3,❓ Poor matches - potentially rare
Billboard Top 100 Hits Of 1993,099 - Kriss Kross - Warm It Up,,,Billboard Top 100 Hits Of 1993 - 099 - Kriss Kross - Warm It Up.mp3,❓ Poor matches - potentially rare
Billboard Top 100 Hits Of 1993,033 - Expose - I'll Never Get Over You,,,Billboard Top 100 Hits Of 1993 - 033 - Expose - I'll Never Get Over You.mp3,❓ Poor matches - potentially rare
Billboard Top 100 Hits Of 1993,063 - Inner Circle - Sweat,,,Billboard Top 100 Hits Of 1993 - 063 - Inner Circle - Sweat.mp3,❓ Poor matches - potentially rare
Billboard Top 100 Hits Of 1993,049 - Brian McKnight - One Last Cry,,,Billboard Top 100 Hits Of 1993 - 049 - Brian McKnight - One Last Cry.mp3,❓ Poor matches - potentially rare
Billboard Top 100 Hits Of 1993,"086 - En Vogue - Give It Up, Turn It Lose",,,"Billboard Top 100 Hits Of 1993 - 086 - En Vogue - Give It Up, Turn It Lose.mp3",❓ Poor matches - potentially rare
Billboard Top 100 Hits Of 1993,097 - Red Hot Chilli Peppers - Soul To Squeeze,,,Billboard Top 100 Hits Of 1993 - 097 - Red Hot Chilli Peppers - Soul To Squeeze.mp3,❓ Poor matches - potentially rare
Billboard Top 100 Hits Of 1993,074 - K7 - Combe Baby Come,,,Billboard Top 100 Hits Of 1993 - 074 - K7 - Combe Baby Come.mp3,❌ Not found - likely rare
Billboard Top 100 Hits Of 1993,076 - Go West - Faithful,,,Billboard Top 100 Hits Of 1993 - 076 - Go West - Faithful.mp3,❓ Poor matches - potentially rare
Billboard Top 100 Hits Of 1993,060 - Dr Dre - Dre Day,,,Billboard Top 100 Hits Of 1993 - 060 - Dr Dre - Dre Day.mp3,❓ Poor matches - potentially rare
Billboard Top 100 Hits Of 1993,020 - SWV - Right Here [Remix],,,Billboard Top 100 Hits Of 1993 - 020 - SWV - Right Here [Remix].mp3,❌ Not found - likely rare
Billboard Top 100 Hits Of 1993,069 - Cypress Hill - Insane In The Rain,,,Billboard Top 100 Hits Of 1993 - 069 - Cypress Hill - Insane In The Rain.mp3,❓ Poor matches - potentially rare
Billboard Top 100 Hits Of 1993,079 - Jeremy Jordon - The Right Kind Of Love,,,Billboard Top 100 Hits Of 1993 - 079 - Jeremy Jordon - The Right Kind Of Love.mp3,❓ Poor matches - potentially rare
Billboard Top 100 Hits Of 1993,006 - Jade - Don't Walk Away,,,Billboard Top 100 Hits Of 1993 - 006 - Jade - Don't Walk Away.mp3,❓ Poor matches - potentially rare
Billboard Top 100 Hits Of 1993,051 - South Whoot - There It Is,,,Billboard Top 100 Hits Of 1993 - 051 - South Whoot - There It Is.mp3,❓ Poor matches - potentially rare
Billboard Top 100 Hits Of 1993,055 - Portrait - Here We Go Again,,,Billboard Top 100 Hits Of 1993 - 055 - Portrait - Here We Go Again.mp3,❓ Poor matches - potentially rare
Billboard Top 100 Hits Of 1993,029 - Duice - Daisy Dukes,,,Billboard Top 100 Hits Of 1993 - 029 - Duice - Daisy Dukes.mp3,❌ Not found - likely rare
Billboard Top 100 Hits Of 1993,068 - Restless Heart - When She Cries,,,Billboard Top 100 Hits Of 1993 - 068 - Restless Heart - When She Cries.mp3,❓ Poor matches - potentially rare
Billboard Top 100 Hits Of 1993,081 - Aerosmith - Livin' On The Edge,,,Billboard Top 100 Hits Of 1993 - 081 - Aerosmith - Livin' On The Edge.mp3,❓ Poor matches - potentially rare
Billboard Top 100 Hits Of 1993,070 - Captain Hollywood Project - More & More,,,Billboard Top 100 Hits Of 1993 - 070 - Captain Hollywood Project - More & More.mp3,❓ Poor matches - potentially rare
Billboard Top 100 Hits Of 1993,057 - Aerosmith - Cryin',,,Billboard Top 100 Hits Of 1993 - 057 - Aerosmith - Cryin'.mp3,❓ Poor matches - potentially rare
Billboard Top 100 Hits Of 1993,082 - Green Jelly - Three Little Pigs,,,Billboard Top 100 Hits Of 1993 - 082 - Green Jelly - Three Little Pigs.mp3,❓ Poor matches - potentially rare
Billboard Top 100 Hits Of 1993,048 - Proclaimers - 500 Miles,,,Billboard Top 100 Hits Of 1993 - 048 - Proclaimers - 500 Miles.mp3,❓ Poor matches - potentially rare
Billboard Top 100 Hits Of 1993,017 - Jodeci - Lately,,,Billboard Top 100 Hits Of 1993 - 017 - Jodeci - Lately.mp3,❓ Poor matches - potentially rare
Billboard Top 100 Hits Of 1993,024 - SWV - I'm So Into You,,,Billboard Top 100 Hits Of 1993 - 024 - SWV - I'm So Into You.mp3,❓ Poor matches - potentially rare
Billboard Top 100 Hits Of 1994,065 - Heavy D And The Boyz - Got Me Waiting,,,Billboard Top 100 Hits Of 1994 - 065 - Heavy D And The Boyz - Got Me Waiting.mp3,❓ Poor matches - potentially rare
Billboard Top 100 Hits Of 1994,061 - Immature 2 - Never Lie,,,Billboard Top 100 Hits Of 1994 - 061 - Immature 2 - Never Lie.mp3,❌ Not found - likely rare
Billboard Top 100 Hits Of 1994,055 - SWV & Wu Tang Clan - Anything-Old Skoo Remix,,,Billboard Top 100 Hits Of 1994 - 055 - SWV & Wu Tang Clan - Anything-Old Skoo Remix.mp3,❌ Not found - likely rare
Billboard Top 100 Hits Of 1994,084 - Babyface - And Our Feelings,,,Billboard Top 100 Hits Of 1994 - 084 - Babyface - And Our Feelings.mp3,❓ Poor matches - potentially rare
Billboard Top 100 Hits Of 1994,"012 - Bryan Adams, Sting & Rod Stewart - All For Love",,,"Billboard Top 100 Hits Of 1994 - 012 - Bryan Adams, Sting & Rod Stewart - All For Love.mp3",❓ Poor matches - potentially rare
Billboard Top 100 Hits Of 1994,090 - Celine Dion - Misled,,,Billboard Top 100 Hits Of 1994 - 090 - Celine Dion - Misled.mp3,❓ Poor matches - potentially rare
Billboard Top 100 Hits Of 1994,073 - R. Kelly - Sex Me,,,Billboard Top 100 Hits Of 1994 - 073 - R. Kelly - Sex Me.mp3,❓ Poor matches - potentially rare
Billboard Top 100 Hits Of 1994,036 - D.R.S Gangsta - Lean,,,Billboard Top 100 Hits Of 1994 - 036 - D.R.S Gangsta - Lean.mp3,❓ Poor matches - potentially rare
Billboard Top 100 Hits Of 1994,063 - Joshua Kadison - Beautiful In My Eyes,,,Billboard Top 100 Hits Of 1994 - 063 - Joshua Kadison - Beautiful In My Eyes.mp3,❓ Poor matches - potentially rare
Billboard Top 100 Hits Of 1994,082 - Candlebox - Far Behind,,,Billboard Top 100 Hits Of 1994 - 082 - Candlebox - Far Behind.mp3,❓ Poor matches - potentially rare
Billboard Top 100 Hits Of 1994,081 - Gin Blossoms - Found Out About You,,,Billboard Top 100 Hits Of 1994 - 081 - Gin Blossoms - Found Out About You.mp3,❓ Poor matches - potentially rare
Billboard Top 100 Hits Of 1994,024 - Boyz II Men - I'll Make Love To You,,,Billboard Top 100 Hits Of 1994 - 024 - Boyz II Men - I'll Make Love To You.mp3,❓ Poor matches - potentially rare
Billboard Top 100 Hits Of 1994,091 - Phil Collins - Everyday,,,Billboard Top 100 Hits Of 1994 - 091 - Phil Collins - Everyday.mp3,❓ Poor matches - potentially rare
Billboard Top 100 Hits Of 1994,069 - Tim McGraw - Don't Take The Girl,,,Billboard Top 100 Hits Of 1994 - 069 - Tim McGraw - Don't Take The Girl.mp3,❓ Poor matches - potentially rare
Billboard Top 100 Hits Of 1994,072 - Mariah Carey & Luther Vandross - Endless Love,,,Billboard Top 100 Hits Of 1994 - 072 - Mariah Carey & Luther Vandross - Endless Love.mp3,❓ Poor matches - potentially rare
Billboard Top 100 Hits Of 1994,056 - Zhane - Groove Thang,,,Billboard Top 100 Hits Of 1994 - 056 - Zhane - Groove Thang.mp3,❓ Poor matches - potentially rare
Billboard Top 100 Hits Of 1994,052 - Aerosmith - Crazy,,,Billboard Top 100 Hits Of 1994 - 052 - Aerosmith - Crazy.mp3,❓ Poor matches - potentially rare
Billboard Top 100 Hits Of 1994,042 - Aaron Hall - I Miss You,,,Billboard Top 100 Hits Of 1994 - 042 - Aaron Hall - I Miss You.mp3,❓ Poor matches - potentially rare
Billboard Top 100 Hits Of 1994,060 - Aerosmith - Amazing,,,Billboard Top 100 Hits Of 1994 - 060 - Aerosmith - Amazing.mp3,❓ Poor matches - potentially rare
Billboard Top 100 Hits Of 1994,074 - Ahmad - Back In The Day,,,Billboard Top 100 Hits Of 1994 - 074 - Ahmad - Back In The Day.mp3,❓ Poor matches - potentially rare
Billboard Top 100 Hits Of 1994,089 - R.E.M - What's The Frequency Kenneth,,,Billboard Top 100 Hits Of 1994 - 089 - R.E.M - What's The Frequency Kenneth.mp3,❓ Poor matches - potentially rare
Billboard Top 100 Hits Of 1994,062 - Jimmy Cliff - I Can See Clearly Now,,,Billboard Top 100 Hits Of 1994 - 062 - Jimmy Cliff - I Can See Clearly Now.mp3,❓ Poor matches - potentially rare
Billboard Top 100 Hits Of 1994,048 - Domino - Ghetto Jam,,,Billboard Top 100 Hits Of 1994 - 048 - Domino - Ghetto Jam.mp3,❓ Poor matches - potentially rare
Billboard Top 100 Hits Of 1994,095 - Pretenders - I'll Stand By You,,,Billboard Top 100 Hits Of 1994 - 095 - Pretenders - I'll Stand By You.mp3,❓ Poor matches - potentially rare
Billboard Top 100 Hits Of 1994,100 - MC Hammer - Rumps And Bump,,,Billboard Top 100 Hits Of 1994 - 100 - MC Hammer - Rumps And Bump.mp3,❓ Poor matches - potentially rare
Billboard Top 100 Hits Of 1994,046 - Xscape - Understanding,,,Billboard Top 100 Hits Of 1994 - 046 - Xscape - Understanding.mp3,❓ Poor matches - potentially rare
Billboard Top 100 Hits Of 1994,096 - Steve Perry - You Better Wait,,,Billboard Top 100 Hits Of 1994 - 096 - Steve Perry - You Better Wait.mp3,❓ Poor matches - potentially rare
Billboard Top 100 Hits Of 1994,094 - Masta Ace Incorporated - Born To Roll,,,Billboard Top 100 Hits Of 1994 - 094 - Masta Ace Incorporated - Born To Roll.mp3,❓ Poor matches - potentially rare
Billboard Top 100 Hits Of 1994,076 - Amy Grant - Lucky One,,,Billboard Top 100 Hits Of 1994 - 076 - Amy Grant - Lucky One.mp3,❓ Poor matches - potentially rare
Billboard Top 100 Hits Of 1994,066 - Tom Petty - Last Dance With Mary Jane,,,Billboard Top 100 Hits Of 1994 - 066 - Tom Petty - Last Dance With Mary Jane.mp3,❓ Poor matches - potentially rare
Billboard Top 100 Hits Of 1994,037 - US3 - Cantaloop,,,Billboard Top 100 Hits Of 1994 - 037 - US3 - Cantaloop.mp3,❓ Poor matches - potentially rare
Billboard Top 100 Hits Of 1994,"020 - 10,000 Maniacs - Because The Night [Live]",,,"Billboard Top 100 Hits Of 1994 - 020 - 10,000 Maniacs - Because The Night [Live].mp3",❓ Poor matches - potentially rare
Billboard Top 100 Hits Of 1994,098 - Jodeci - Feenin',,,Billboard Top 100 Hits Of 1994 - 098 - Jodeci - Feenin'.mp3,❓ Poor matches - potentially rare
Billboard Top 100 Hits Of 1994,079 - General Public - I'll Take You There,,,Billboard Top 100 Hits Of 1994 - 079 - General Public - I'll Take You There.mp3,❓ Poor matches - potentially rare
Billboard Top 100 Hits Of 1994,050 - Babyface - Never Keeping Secrets,,,Billboard Top 100 Hits Of 1994 - 050 - Babyface - Never Keeping Secrets.mp3,❓ Poor matches - potentially rare
Billboard Top 100 Hits Of 1994,092 - Madonna - Secret,,,Billboard Top 100 Hits Of 1994 - 092 - Madonna - Secret.mp3,❓ Poor matches - potentially rare
Billboard Top 100 Hits Of 1994,078 - Richard Marx - The Way She Loves Me,,,Billboard Top 100 Hits Of 1994 - 078 - Richard Marx - The Way She Loves Me.mp3,❓ Poor matches - potentially rare
Billboard Top 100 Hits Of 1994,059 - Meat Loaf - Rock And Roll Dreams Come True,,,Billboard Top 100 Hits Of 1994 - 059 - Meat Loaf - Rock And Roll Dreams Come True.mp3,❓ Poor matches - potentially rare
Billboard Top 100 Hits Of 1994,085 - Ice Cube - Bop Gun,,,Billboard Top 100 Hits Of 1994 - 085 - Ice Cube - Bop Gun.mp3,❌ Not found - likely rare
Billboard Top 100 Hits Of 1994,099 - Domino - Sweet Potato Pie,,,Billboard Top 100 Hits Of 1994 - 099 - Domino - Sweet Potato Pie.mp3,❌ Not found - likely rare
Billboard Top 100 Hits Of 1994,068 - Aaliyah - At Your Best,,,Billboard Top 100 Hits Of 1994 - 068 - Aaliyah - At Your Best.mp3,❓ Poor matches - potentially rare
Billboard Top 100 Hits Of 1994,058 - Seal - Prayer For The Dying,,,Billboard Top 100 Hits Of 1994 - 058 - Seal - Prayer For The Dying.mp3,❓ Poor matches - potentially rare
Billboard Top 100 Hits Of 1994,070 - Eternal - Stay,,,Billboard Top 100 Hits Of 1994 - 070 - Eternal - Stay.mp3,❓ Poor matches - potentially rare
Billboard Top 100 Hits Of 1995,088 - After 7 - 'Till U Do Me Right,,,Billboard Top 100 Hits Of 1995 - 088 - After 7 - 'Till U Do Me Right.mp3,❓ Poor matches - potentially rare
Billboard Top 100 Hits Of 1995,058 - Skee Lo - I Wish,,,Billboard Top 100 Hits Of 1995 - 058 - Skee Lo - I Wish.mp3,❓ Poor matches - potentially rare
Billboard Top 100 Hits Of 1995,"081 - U2 - Hold Me, Thrill Me, Kiss Me, Kill Me [Batman Forever]",,,"Billboard Top 100 Hits Of 1995 - 081 - U2 - Hold Me, Thrill Me, Kiss Me, Kill Me [Batman Forever].mp3",❌ Not found - likely rare
Billboard Top 100 Hits Of 1995,071 - Madonna - Secret,,,Billboard Top 100 Hits Of 1995 - 071 - Madonna - Secret.mp3,❓ Poor matches - potentially rare
Billboard Top 100 Hits Of 1995,089 - Bone Thugs N Harmony - 1st Of Tha Month,,,Billboard Top 100 Hits Of 1995 - 089 - Bone Thugs N Harmony - 1st Of Tha Month.mp3,❓ Poor matches - potentially rare
Billboard Top 100 Hits Of 1995,087 - Gloria Estefan - Turn The Beat Around [The Specialist],,,Billboard Top 100 Hits Of 1995 - 087 - Gloria Estefan - Turn The Beat Around [The Specialist].mp3,❓ Poor matches - potentially rare
Billboard Top 100 Hits Of 1995,060 - Natalie Merchant - Carnival,,,Billboard Top 100 Hits Of 1995 - 060 - Natalie Merchant - Carnival.mp3,❓ Poor matches - potentially rare
Billboard Top 100 Hits Of 1995,091 - Firehouse - I Live My Life For You,,,Billboard Top 100 Hits Of 1995 - 091 - Firehouse - I Live My Life For You.mp3,❓ Poor matches - potentially rare
Billboard Top 100 Hits Of 1995,024 - Ini Kamoze - Here Comes The Hot Stepper,,,Billboard Top 100 Hits Of 1995 - 024 - Ini Kamoze - Here Comes The Hot Stepper.mp3,❓ Poor matches - potentially rare
Billboard Top 100 Hits Of 1995,065 - Groove Theory - Tell Me,,,Billboard Top 100 Hits Of 1995 - 065 - Groove Theory - Tell Me.mp3,❓ Poor matches - potentially rare
Billboard Top 100 Hits Of 1995,078 - Annie Lennox - No More I Love You's,,,Billboard Top 100 Hits Of 1995 - 078 - Annie Lennox - No More I Love You's.mp3,❓ Poor matches - potentially rare
Billboard Top 100 Hits Of 1995,040 - Mokenstef - He's Mine,,,Billboard Top 100 Hits Of 1995 - 040 - Mokenstef - He's Mine.mp3,❓ Poor matches - potentially rare
Billboard Top 100 Hits Of 1995,028 - TLC - Red Light Special,,,Billboard Top 100 Hits Of 1995 - 028 - TLC - Red Light Special.mp3,❓ Poor matches - potentially rare
Billboard Top 100 Hits Of 1995,097 - Da Brat - Give It 2 You,,,Billboard Top 100 Hits Of 1995 - 097 - Da Brat - Give It 2 You.mp3,❓ Poor matches - potentially rare
Billboard Top 100 Hits Of 1995,038 - Real McCoy - Runaway,,,Billboard Top 100 Hits Of 1995 - 038 - Real McCoy - Runaway.mp3,❓ Poor matches - potentially rare
Billboard Top 100 Hits Of 1995,021 - Michael Jackson - You Are Not Alone,,,Billboard Top 100 Hits Of 1995 - 021 - Michael Jackson - You Are Not Alone.mp3,❓ Poor matches - potentially rare
Billboard Top 100 Hits Of 1995,085 - Better Than Ezra - Good,,,Billboard Top 100 Hits Of 1995 - 085 - Better Than Ezra - Good.mp3,❓ Poor matches - potentially rare
Billboard Top 100 Hits Of 1995,032 - Jon B & Babyface - Somebody To Love,,,Billboard Top 100 Hits Of 1995 - 032 - Jon B & Babyface - Somebody To Love.mp3,❓ Poor matches - potentially rare
Billboard Top 100 Hits Of 1995,066 - Total Ft The Notorious Big - Can't You See [New Jersey Drive],,,Billboard Top 100 Hits Of 1995 - 066 - Total Ft The Notorious Big - Can't You See [New Jersey Drive].mp3,❌ Not found - likely rare
Billboard Top 100 Hits Of 1995,084 - Sugar Hill Gang - Az The Visualiza,,,Billboard Top 100 Hits Of 1995 - 084 - Sugar Hill Gang - Az The Visualiza.mp3,❌ Not found - likely rare
Billboard Top 100 Hits Of 1995,057 - Jodeci - Freakin' You,,,Billboard Top 100 Hits Of 1995 - 057 - Jodeci - Freakin' You.mp3,❓ Poor matches - potentially rare
Billboard Top 100 Hits Of 1995,046 - Blackstreet - Before I Let You Go,,,Billboard Top 100 Hits Of 1995 - 046 - Blackstreet - Before I Let You Go.mp3,❓ Poor matches - potentially rare
Billboard Top 100 Hits Of 1995,068 - Subway Ft 702 - This Little Game We Play,,,Billboard Top 100 Hits Of 1995 - 068 - Subway Ft 702 - This Little Game We Play.mp3,❓ Poor matches - potentially rare
Billboard Top 100 Hits Of 1995,036 - Luniz - I Got 5 On It,,,Billboard Top 100 Hits Of 1995 - 036 - Luniz - I Got 5 On It.mp3,❓ Poor matches - potentially rare
Billboard Top 100 Hits Of 1995,098 - Brandy - Best Friend,,,Billboard Top 100 Hits Of 1995 - 098 - Brandy - Best Friend.mp3,❓ Poor matches - potentially rare
Billboard Top 100 Hits Of 1995,082 - Crystal Waters - 100% Pure Love,,,Billboard Top 100 Hits Of 1995 - 082 - Crystal Waters - 100% Pure Love.mp3,❓ Poor matches - potentially rare
Billboard Top 100 Hits Of 1995,080 - Immature - Constantly,,,Billboard Top 100 Hits Of 1995 - 080 - Immature - Constantly.mp3,❓ Poor matches - potentially rare
Billboard Top 100 Hits Of 1995,099 - Soul Asylum - Misery,,,Billboard Top 100 Hits Of 1995 - 099 - Soul Asylum - Misery.mp3,❌ Not found - likely rare
Billboard Top 100 Hits Of 1995,054 - Corona - Rhythm Of The Night,,,Billboard Top 100 Hits Of 1995 - 054 - Corona - Rhythm Of The Night.mp3,❓ Poor matches - potentially rare
Billboard Top 100 Hits Of 1995,096 - N II U - I Miss You,,,Billboard Top 100 Hits Of 1995 - 096 - N II U - I Miss You.mp3,❓ Poor matches - potentially rare
Billboard Top 100 Hits Of 1995,083 - Raphael Saadiq - All I Ask Of You [Higher Learning],,,Billboard Top 100 Hits Of 1995 - 083 - Raphael Saadiq - All I Ask Of You [Higher Learning].mp3,❓ Poor matches - potentially rare
Billboard Top 100 Hits Of 1995,075 - Vanessa Williams - The Sweetest Days,,,Billboard Top 100 Hits Of 1995 - 075 - Vanessa Williams - The Sweetest Days.mp3,❓ Poor matches - potentially rare
Billboard Top 100 Hits Of 1995,012 - Boyz II Men - Water Runs Dry,,,Billboard Top 100 Hits Of 1995 - 012 - Boyz II Men - Water Runs Dry.mp3,❓ Poor matches - potentially rare
Billboard Top 100 Hits Of 1995,072 - Junior - Mafia Player's Anthem,,,Billboard Top 100 Hits Of 1995 - 072 - Junior - Mafia Player's Anthem.mp3,❓ Poor matches - potentially rare
Billboard Top 100 Hits Of 1995,092 - Stevie B - When I Dream About You,,,Billboard Top 100 Hits Of 1995 - 092 - Stevie B - When I Dream About You.mp3,❓ Poor matches - potentially rare
Billboard Top 100 Hits Of 1995,020 - Des'ree - You Gotta Be,,,Billboard Top 100 Hits Of 1995 - 020 - Des'ree - You Gotta Be.mp3,❓ Poor matches - potentially rare
Billboard Top 100 Hits Of 1995,064 - Janet Jackson - You Want This,,,Billboard Top 100 Hits Of 1995 - 064 - Janet Jackson - You Want This.mp3,❓ Poor matches - potentially rare
Billboard Top 100 Hits Of 1995,042 - Method Man & Mary J. Blige - I'll Be There For You,,,Billboard Top 100 Hits Of 1995 - 042 - Method Man & Mary J. Blige - I'll Be There For You.mp3,❓ Poor matches - potentially rare
Billboard Top 100 Hits Of 1995,073 - Naughty By Nature - Feel Me Flow,,,Billboard Top 100 Hits Of 1995 - 073 - Naughty By Nature - Feel Me Flow.mp3,❓ Poor matches - potentially rare
Billboard Top 100 Hits Of 1995,049 - Brandy - I Wanna Be Down,,,Billboard Top 100 Hits Of 1995 - 049 - Brandy - I Wanna Be Down.mp3,❓ Poor matches - potentially rare
Billboard Top 100 Hits Of 1995,093 - Rednex - Cotton Eyed Joe,,,Billboard Top 100 Hits Of 1995 - 093 - Rednex - Cotton Eyed Joe.mp3,❓ Poor matches - potentially rare
Billboard Top 100 Hits Of 1995,077 - Brandy - Broken Hearted,,,Billboard Top 100 Hits Of 1995 - 077 - Brandy - Broken Hearted.mp3,❓ Poor matches - potentially rare
Billboard Top 100 Hits Of 1995,018 - Shaggy - In The Summertime,,,Billboard Top 100 Hits Of 1995 - 018 - Shaggy - In The Summertime.mp3,❓ Poor matches - potentially rare
Billboard Top 100 Hits Of 1995,033 - Bonnie Raitt - You Got It,,,Billboard Top 100 Hits Of 1995 - 033 - Bonnie Raitt - You Got It.mp3,❓ Poor matches - potentially rare
Billboard Top 100 Hits Of 1995,095 - The Pretenders - I'll Stand By You,,,Billboard Top 100 Hits Of 1995 - 095 - The Pretenders - I'll Stand By You.mp3,❓ Poor matches - potentially rare
Billboard Top 100 Hits Of 1996,060 - Madonna - You'll See,,,Billboard Top 100 Hits Of 1996 - 060 - Madonna - You'll See.mp3,❓ Poor matches - potentially rare
Billboard Top 100 Hits Of 1996,050 - Mariah Carey - Forever,,,Billboard Top 100 Hits Of 1996 - 050 - Mariah Carey - Forever.mp3,❓ Poor matches - potentially rare
Billboard Top 100 Hits Of 1996,007 - Alanis Morissette - You Learn,,,Billboard Top 100 Hits Of 1996 - 007 - Alanis Morissette - You Learn.mp3,❓ Poor matches - potentially rare
Billboard Top 100 Hits Of 1996,045 - Melissa Etheridge - I Want To Come Over,,,Billboard Top 100 Hits Of 1996 - 045 - Melissa Etheridge - I Want To Come Over.mp3,❓ Poor matches - potentially rare
Billboard Top 100 Hits Of 1996,076 - Billie Ray Martin - Your Loving Arms,,,Billboard Top 100 Hits Of 1996 - 076 - Billie Ray Martin - Your Loving Arms.mp3,❓ Poor matches - potentially rare
Billboard Top 100 Hits Of 1996,024 - Bodeans - Closer To Free,,,Billboard Top 100 Hits Of 1996 - 024 - Bodeans - Closer To Free.mp3,❓ Poor matches - potentially rare
Billboard Top 100 Hits Of 1996,094 - Adam Clayton & Larry Mullen - Mission Impossible,,,Billboard Top 100 Hits Of 1996 - 094 - Adam Clayton & Larry Mullen - Mission Impossible.mp3,❓ Poor matches - potentially rare
Billboard Top 100 Hits Of 1996,042 - Whitney Houston - Exhale [Shoop Shoop],,,Billboard Top 100 Hits Of 1996 - 042 - Whitney Houston - Exhale [Shoop Shoop].mp3,❓ Poor matches - potentially rare
Billboard Top 100 Hits Of 1996,066 - Bone Thugs N Harmony - Tha Crossroads,,,Billboard Top 100 Hits Of 1996 - 066 - Bone Thugs N Harmony - Tha Crossroads.mp3,❓ Poor matches - potentially rare
Billboard Top 100 Hits Of 1996,017 - Gin Blossoms - Follow You Down,,,Billboard Top 100 Hits Of 1996 - 017 - Gin Blossoms - Follow You Down.mp3,❓ Poor matches - potentially rare
Billboard Top 100 Hits Of 1996,061 - R. Kelly - I Can't Sleep,,,Billboard Top 100 Hits Of 1996 - 061 - R. Kelly - I Can't Sleep.mp3,❓ Poor matches - potentially rare
Billboard Top 100 Hits Of 1996,059 - Del Amitri - Roll To Me,,,Billboard Top 100 Hits Of 1996 - 059 - Del Amitri - Roll To Me.mp3,❓ Poor matches - potentially rare
Billboard Top 100 Hits Of 1996,051 - Groove Theory - Tell Me,,,Billboard Top 100 Hits Of 1996 - 051 - Groove Theory - Tell Me.mp3,❓ Poor matches - potentially rare
Billboard Top 100 Hits Of 1996,044 - Oasis - Champagne Supernova,,,Billboard Top 100 Hits Of 1996 - 044 - Oasis - Champagne Supernova.mp3,❓ Poor matches - potentially rare
Billboard Top 100 Hits Of 1996,052 - 3T - Anything,,,Billboard Top 100 Hits Of 1996 - 052 - 3T - Anything.mp3,❓ Poor matches - potentially rare
Billboard Top 100 Hits Of 1996,083 - Tina Arena - Chains,,,Billboard Top 100 Hits Of 1996 - 083 - Tina Arena - Chains.mp3,❓ Poor matches - potentially rare
Billboard Top 100 Hits Of 1996,023 - No Mercy - Where Do You Go,,,Billboard Top 100 Hits Of 1996 - 023 - No Mercy - Where Do You Go.mp3,❓ Poor matches - potentially rare
Billboard Top 100 Hits Of 1996,064 - Maxi Priest Ft Shaggy - That Girl,,,Billboard Top 100 Hits Of 1996 - 064 - Maxi Priest Ft Shaggy - That Girl.mp3,❌ Not found - likely rare
Billboard Top 100 Hits Of 1996,020 - Dishwalla - Counting Blue Cars,,,Billboard Top 100 Hits Of 1996 - 020 - Dishwalla - Counting Blue Cars.mp3,❓ Poor matches - potentially rare
Billboard Top 100 Hits Of 1996,043 - John Mellencamp - Key West Intermezzo [I Saw You First],,,Billboard Top 100 Hits Of 1996 - 043 - John Mellencamp - Key West Intermezzo [I Saw You First].mp3,❌ Not found - likely rare
Billboard Top 100 Hits Of 1996,085 - Deborah Cox - Who Do U Love,,,Billboard Top 100 Hits Of 1996 - 085 - Deborah Cox - Who Do U Love.mp3,❓ Poor matches - potentially rare
Billboard Top 100 Hits Of 1996,057 - Hootie & The Blowfish - Tuckers Town,,,Billboard Top 100 Hits Of 1996 - 057 - Hootie & The Blowfish - Tuckers Town.mp3,❌ Not found - likely rare
Billboard Top 100 Hits Of 1996,080 - Blues Traveler - But Anyway,,,Billboard Top 100 Hits Of 1996 - 080 - Blues Traveler - But Anyway.mp3,❌ Not found - likely rare
Billboard Top 100 Hits Of 1996,056 - Robert Miles - Children,,,Billboard Top 100 Hits Of 1996 - 056 - Robert Miles - Children.mp3,❓ Poor matches - potentially rare
Billboard Top 100 Hits Of 1996,"021 - Color Me Badd - The Earth, The Sun, The Rain",,,"Billboard Top 100 Hits Of 1996 - 021 - Color Me Badd - The Earth, The Sun, The Rain.mp3",❓ Poor matches - potentially rare
Billboard Top 100 Hits Of 1996,079 - Hootie & The Blowfish - I Go Blind,,,Billboard Top 100 Hits Of 1996 - 079 - Hootie & The Blowfish - I Go Blind.mp3,❌ Not found - likely rare
Billboard Top 100 Hits Of 1996,062 - Sophie B Hawkins - As I Lay Me Down,,,Billboard Top 100 Hits Of 1996 - 062 - Sophie B Hawkins - As I Lay Me Down.mp3,❓ Poor matches - potentially rare
Billboard Top 100 Hits Of 1996,089 - Seal - Kiss From A Rose,,,Billboard Top 100 Hits Of 1996 - 089 - Seal - Kiss From A Rose.mp3,❓ Poor matches - potentially rare
Billboard Top 100 Hits Of 1996,081 - Melissa Etheridge - Nowhere To Go,,,Billboard Top 100 Hits Of 1996 - 081 - Melissa Etheridge - Nowhere To Go.mp3,❌ Not found - likely rare
Billboard Top 100 Hits Of 1996,063 - George Michael - Fastlove,,,Billboard Top 100 Hits Of 1996 - 063 - George Michael - Fastlove.mp3,❓ Poor matches - potentially rare
Billboard Top 100 Hits Of 1996,071 - Toad The Wet Sprocket - Good Intentions,,,Billboard Top 100 Hits Of 1996 - 071 - Toad The Wet Sprocket - Good Intentions.mp3,❓ Poor matches - potentially rare
Billboard Top 100 Hits Of 1996,041 - Primitive Radio Gods - Standing Outside A Broken Phone,,,Billboard Top 100 Hits Of 1996 - 041 - Primitive Radio Gods - Standing Outside A Broken Phone.mp3,❌ Not found - likely rare
Billboard Top 100 Hits Of 1996,046 - Seal - Don't Cry,,,Billboard Top 100 Hits Of 1996 - 046 - Seal - Don't Cry.mp3,❓ Poor matches - potentially rare
Billboard Top 100 Hits Of 1996,014 - Eric Clapton - Change The World,,,Billboard Top 100 Hits Of 1996 - 014 - Eric Clapton - Change The World.mp3,❓ Poor matches - potentially rare
Billboard Top 100 Hits Of 1996,058 - Cranberries - Free To Decide,,,Billboard Top 100 Hits Of 1996 - 058 - Cranberries - Free To Decide.mp3,❓ Poor matches - potentially rare
Billboard Top 100 Hits Of 1996,084 - Badlees - Angeline Is Coming Home,,,Billboard Top 100 Hits Of 1996 - 084 - Badlees - Angeline Is Coming Home.mp3,❌ Not found - likely rare
Billboard Top 100 Hits Of 1996,087 - Bryan Adams - Lets Make A Night To Remember,,,Billboard Top 100 Hits Of 1996 - 087 - Bryan Adams - Lets Make A Night To Remember.mp3,❓ Poor matches - potentially rare
Billboard Top 100 Hits Of 1996,095 - Wallflowers - 6th Avenue Heartache,,,Billboard Top 100 Hits Of 1996 - 095 - Wallflowers - 6th Avenue Heartache.mp3,❌ Not found - likely rare
Billboard Top 100 Hits Of 1996,040 - Oasis - Wonderwall,,,Billboard Top 100 Hits Of 1996 - 040 - Oasis - Wonderwall.mp3,❓ Poor matches - potentially rare
Billboard Top 100 Hits Of 1996,077 - Gin Blossoms - 'Til I Hear If From You,,,Billboard Top 100 Hits Of 1996 - 077 - Gin Blossoms - 'Til I Hear If From You.mp3,❓ Poor matches - potentially rare
Billboard Top 100 Hits Of 1996,098 - Blessid Union Of Souls - Oh Virginia,,,Billboard Top 100 Hits Of 1996 - 098 - Blessid Union Of Souls - Oh Virginia.mp3,❌ Not found - likely rare
Billboard Top 100 Hits Of 1996,027 - Dog's Eye View - Everything Falls Apart,,,Billboard Top 100 Hits Of 1996 - 027 - Dog's Eye View - Everything Falls Apart.mp3,❓ Poor matches - potentially rare
Billboard Top 100 Hits Of 1996,054 - Foo Fighters - Big Me,,,Billboard Top 100 Hits Of 1996 - 054 - Foo Fighters - Big Me.mp3,❓ Poor matches - potentially rare
Billboard Top 100 Hits Of 1996,091 - Fun Factory - I Wanna B With U,,,Billboard Top 100 Hits Of 1996 - 091 - Fun Factory - I Wanna B With U.mp3,❓ Poor matches - potentially rare
Billboard Top 100 Hits Of 1996,067 - Blues Traveler - Run-Around,,,Billboard Top 100 Hits Of 1996 - 067 - Blues Traveler - Run-Around.mp3,❓ Poor matches - potentially rare
Billboard Top 100 Hits Of 1996,078 - Blessid Union Of Souls - All Along,,,Billboard Top 100 Hits Of 1996 - 078 - Blessid Union Of Souls - All Along.mp3,❌ Not found - likely rare
Billboard Top 100 Hits Of 1996,034 - Natilie Merchant - Jealousy,,,Billboard Top 100 Hits Of 1996 - 034 - Natilie Merchant - Jealousy.mp3,❓ Poor matches - potentially rare
Billboard Top 100 Hits Of 1996,048 - No Doubt - Spiderwebs,,,Billboard Top 100 Hits Of 1996 - 048 - No Doubt - Spiderwebs.mp3,❓ Poor matches - potentially rare
Billboard Top 100 Hits Of 1996,093 - Everclear - Santa Monica [Watching The World Die],,,Billboard Top 100 Hits Of 1996 - 093 - Everclear - Santa Monica [Watching The World Die].mp3,❌ Not found - likely rare
Billboard Top 100 Hits Of 1996,035 - Quad City DJs - C'mon N Ride It,,,Billboard Top 100 Hits Of 1996 - 035 - Quad City DJs - C'mon N Ride It.mp3,❌ Not found - likely rare
Billboard Top 100 Hits Of 1996,049 - TLC - Diggin On You,,,Billboard Top 100 Hits Of 1996 - 049 - TLC - Diggin On You.mp3,❓ Poor matches - potentially rare
Billboard Top 100 Hits Of 1996,070 - Natalie Merchant - Carnival,,,Billboard Top 100 Hits Of 1996 - 070 - Natalie Merchant - Carnival.mp3,❓ Poor matches - potentially rare
Billboard Top 100 Hits Of 1996,073 - Jars Of Clay - Flood,,,Billboard Top 100 Hits Of 1996 - 073 - Jars Of Clay - Flood.mp3,❌ Not found - likely rare
Billboard Top 100 Hits Of 1996,072 - Ace Of Base - Lucky Love,,,Billboard Top 100 Hits Of 1996 - 072 - Ace Of Base - Lucky Love.mp3,❌ Not found - likely rare
Billboard Top 100 Hits Of 1997,043 - Allure Ft 112 - All Cried Out,,,Billboard Top 100 Hits Of 1997 - 043 - Allure Ft 112 - All Cried Out.mp3,❓ Poor matches - potentially rare
Billboard Top 100 Hits Of 1997,020 - Notorious Big - Mo Money Mo Problems,,,Billboard Top 100 Hits Of 1997 - 020 - Notorious Big - Mo Money Mo Problems.mp3,❓ Poor matches - potentially rare
Billboard Top 100 Hits Of 1997,081 - Luscious Jackson - Naked Eye,,,Billboard Top 100 Hits Of 1997 - 081 - Luscious Jackson - Naked Eye.mp3,❓ Poor matches - potentially rare
Billboard Top 100 Hits Of 1997,068 - B Rock & Da Biz - My Baby Daddy,,,Billboard Top 100 Hits Of 1997 - 068 - B Rock & Da Biz - My Baby Daddy.mp3,❓ Poor matches - potentially rare
Billboard Top 100 Hits Of 1997,080 - Lil' Kim Ft Puff Daddy - No Time,,,Billboard Top 100 Hits Of 1997 - 080 - Lil' Kim Ft Puff Daddy - No Time.mp3,❓ Poor matches - potentially rare
Billboard Top 100 Hits Of 1997,023 - Blackstreet Ft Dr Dre - No Diggity,,,Billboard Top 100 Hits Of 1997 - 023 - Blackstreet Ft Dr Dre - No Diggity.mp3,❓ Poor matches - potentially rare
Billboard Top 100 Hits Of 1997,014 - Usher - You Make Me Wanna,,,Billboard Top 100 Hits Of 1997 - 014 - Usher - You Make Me Wanna.mp3,❓ Poor matches - potentially rare
Billboard Top 100 Hits Of 1997,026 - Babyface - Everytime I Close My Eyes,,,Billboard Top 100 Hits Of 1997 - 026 - Babyface - Everytime I Close My Eyes.mp3,❓ Poor matches - potentially rare
Billboard Top 100 Hits Of 1997,060 - Sheryl Crow - Everyday Is A Winding Road,,,Billboard Top 100 Hits Of 1997 - 060 - Sheryl Crow - Everyday Is A Winding Road.mp3,❓ Poor matches - potentially rare
Billboard Top 100 Hits Of 1997,097 - Blackout Allstars - I Like It Like That,,,Billboard Top 100 Hits Of 1997 - 097 - Blackout Allstars - I Like It Like That.mp3,❓ Poor matches - potentially rare
Billboard Top 100 Hits Of 1997,069 - Chumbawumba - Tubthumping,,,Billboard Top 100 Hits Of 1997 - 069 - Chumbawumba - Tubthumping.mp3,❓ Poor matches - potentially rare
Billboard Top 100 Hits Of 1997,036 - Sister Hazel - All For You,,,Billboard Top 100 Hits Of 1997 - 036 - Sister Hazel - All For You.mp3,❓ Poor matches - potentially rare
Billboard Top 100 Hits Of 1997,075 - 2PAC & Scarface - Smile,,,Billboard Top 100 Hits Of 1997 - 075 - 2PAC & Scarface - Smile.mp3,❓ Poor matches - potentially rare
Billboard Top 100 Hits Of 1997,098 - Toni Braxton - You're Makin' Me High,,,Billboard Top 100 Hits Of 1997 - 098 - Toni Braxton - You're Makin' Me High.mp3,❓ Poor matches - potentially rare
Billboard Top 100 Hits Of 1997,024 - Rome - I Belong To You,,,Billboard Top 100 Hits Of 1997 - 024 - Rome - I Belong To You.mp3,❓ Poor matches - potentially rare
Billboard Top 100 Hits Of 1997,066 - Coolio - C U When You Get There,,,Billboard Top 100 Hits Of 1997 - 066 - Coolio - C U When You Get There.mp3,❓ Poor matches - potentially rare
Billboard Top 100 Hits Of 1997,071 - Az Yet - Last Night,,,Billboard Top 100 Hits Of 1997 - 071 - Az Yet - Last Night.mp3,❓ Poor matches - potentially rare
Billboard Top 100 Hits Of 1997,021 - Verve Pipe - The Freshmen,,,Billboard Top 100 Hits Of 1997 - 021 - Verve Pipe - The Freshmen.mp3,❓ Poor matches - potentially rare
Billboard Top 100 Hits Of 1997,067 - Eric Clapton - Change The World,,,Billboard Top 100 Hits Of 1997 - 067 - Eric Clapton - Change The World.mp3,❓ Poor matches - potentially rare
Billboard Top 100 Hits Of 1997,016 - Keith Sweat - Nobody,,,Billboard Top 100 Hits Of 1997 - 016 - Keith Sweat - Nobody.mp3,❓ Poor matches - potentially rare
Billboard Top 100 Hits Of 1997,095 - Cranberries - When You're Gone,,,Billboard Top 100 Hits Of 1997 - 095 - Cranberries - When You're Gone.mp3,❓ Poor matches - potentially rare
Billboard Top 100 Hits Of 1997,042 - Merril Bainbridge - Mouth,,,Billboard Top 100 Hits Of 1997 - 042 - Merril Bainbridge - Mouth.mp3,❓ Poor matches - potentially rare
Billboard Top 100 Hits Of 1997,093 - Keith Sweat - Twisted,,,Billboard Top 100 Hits Of 1997 - 093 - Keith Sweat - Twisted.mp3,❓ Poor matches - potentially rare
Billboard Top 100 Hits Of 1997,079 - Seal - Fly Like An Eagle,,,Billboard Top 100 Hits Of 1997 - 079 - Seal - Fly Like An Eagle.mp3,❓ Poor matches - potentially rare
Billboard Top 100 Hits Of 1997,070 - R. Kelly - Gotham City,,,Billboard Top 100 Hits Of 1997 - 070 - R. Kelly - Gotham City.mp3,❓ Poor matches - potentially rare
Billboard Top 100 Hits Of 1997,058 - Magoo & Timberland - Up Jumps Da Boogie,,,Billboard Top 100 Hits Of 1997 - 058 - Magoo & Timberland - Up Jumps Da Boogie.mp3,❓ Poor matches - potentially rare
Billboard Top 100 Hits Of 1997,063 - Sarah McLachlan - Building A Mystery,,,Billboard Top 100 Hits Of 1997 - 063 - Sarah McLachlan - Building A Mystery.mp3,❓ Poor matches - potentially rare
Billboard Top 100 Hits Of 1997,073 - Heavy D - Big Daddy Remix,,,Billboard Top 100 Hits Of 1997 - 073 - Heavy D - Big Daddy Remix.mp3,❓ Poor matches - potentially rare
Billboard Top 100 Hits Of 1997,077 - Bruce Springsteen - Secret Garden,,,Billboard Top 100 Hits Of 1997 - 077 - Bruce Springsteen - Secret Garden.mp3,❓ Poor matches - potentially rare
Billboard Top 100 Hits Of 1997,006 - R. Kelly - I Believe I Can Fly,,,Billboard Top 100 Hits Of 1997 - 006 - R. Kelly - I Believe I Can Fly.mp3,❓ Poor matches - potentially rare
Billboard Top 100 Hits Of 1997,072 - Espn Jock Jam - Megamix,,,Billboard Top 100 Hits Of 1997 - 072 - Espn Jock Jam - Megamix.mp3,❓ Poor matches - potentially rare
Billboard Top 100 Hits Of 1997,094 - Aqua - Barbie Girl,,,Billboard Top 100 Hits Of 1997 - 094 - Aqua - Barbie Girl.mp3,❓ Poor matches - potentially rare
Billboard Top 100 Hits Of 1997,034 - Freak Nasty - Da' Dip,,,Billboard Top 100 Hits Of 1997 - 034 - Freak Nasty - Da' Dip.mp3,❓ Poor matches - potentially rare
Billboard Top 100 Hits Of 1997,082 - Los Del Rio - Macarena [Bayside Boys Mix],,,Billboard Top 100 Hits Of 1997 - 082 - Los Del Rio - Macarena [Bayside Boys Mix].mp3,❓ Poor matches - potentially rare
Billboard Top 100 Hits Of 1997,062 - Ginuwine - Pony,,,Billboard Top 100 Hits Of 1997 - 062 - Ginuwine - Pony.mp3,❓ Poor matches - potentially rare
Billboard Top 100 Hits Of 1997,100 - Ray J - Let It Go,,,Billboard Top 100 Hits Of 1997 - 100 - Ray J - Let It Go.mp3,❓ Poor matches - potentially rare
Billboard Top 100 Hits Of 1997,086 - Brian McKnight - You Should Be Mine,,,Billboard Top 100 Hits Of 1997 - 086 - Brian McKnight - You Should Be Mine.mp3,❓ Poor matches - potentially rare
Billboard Top 100 Hits Of 1997,084 - Joe - Don't Wanna Be A Player,,,Billboard Top 100 Hits Of 1997 - 084 - Joe - Don't Wanna Be A Player.mp3,❓ Poor matches - potentially rare
Billboard Top 100 Hits Of 1997,088 - SWV & Puff Daddy - Someone,,,Billboard Top 100 Hits Of 1997 - 088 - SWV & Puff Daddy - Someone.mp3,❓ Poor matches - potentially rare
Billboard Top 100 Hits Of 1997,037 - 112 - Cupid,,,Billboard Top 100 Hits Of 1997 - 037 - 112 - Cupid.mp3,❓ Poor matches - potentially rare
Billboard Top 100 Hits Of 1997,052 - No Mercy - Where Do You Go,,,Billboard Top 100 Hits Of 1997 - 052 - No Mercy - Where Do You Go.mp3,❓ Poor matches - potentially rare
Billboard Top 100 Hits Of 1997,076 - Montell Jordan - Get It On Tonight,,,Billboard Top 100 Hits Of 1997 - 076 - Montell Jordan - Get It On Tonight.mp3,❓ Poor matches - potentially rare
Billboard Top 100 Hits Of 1997,085 - Warren G - I Shot The Sheriff,,,Billboard Top 100 Hits Of 1997 - 085 - Warren G - I Shot The Sheriff.mp3,❓ Poor matches - potentially rare
Billboard Top 100 Hits Of 1997,012 - Hanson - Mmmbopp,,,Billboard Top 100 Hits Of 1997 - 012 - Hanson - Mmmbopp.mp3,❓ Poor matches - potentially rare
Billboard Top 100 Hits Of 1998,007 - K-CI & Jo Jo - All My Life,,,Billboard Top 100 Hits Of 1998 - 007 - K-CI & Jo Jo - All My Life.mp3,❓ Poor matches - potentially rare
Billboard Top 100 Hits Of 1998,097 - LL Cool J - Father,,,Billboard Top 100 Hits Of 1998 - 097 - LL Cool J - Father.mp3,❓ Poor matches - potentially rare
Billboard Top 100 Hits Of 1998,070 - Pras Ft Odb And Mya - Ghetto Superstar,,,Billboard Top 100 Hits Of 1998 - 070 - Pras Ft Odb And Mya - Ghetto Superstar.mp3,❓ Poor matches - potentially rare
Billboard Top 100 Hits Of 1998,065 - Jimmy Ray - Are You Jimmy Ray,,,Billboard Top 100 Hits Of 1998 - 065 - Jimmy Ray - Are You Jimmy Ray.mp3,❓ Poor matches - potentially rare
Billboard Top 100 Hits Of 1998,041 - Nicole - Make It Hot,,,Billboard Top 100 Hits Of 1998 - 041 - Nicole - Make It Hot.mp3,❓ Poor matches - potentially rare
Billboard Top 100 Hits Of 1998,008 - Elton John - Goodbye England's Rose,,,Billboard Top 100 Hits Of 1998 - 008 - Elton John - Goodbye England's Rose.mp3,❓ Poor matches - potentially rare
Billboard Top 100 Hits Of 1998,093 - Missy Elliott & Da Brat - Sock It To Me,,,Billboard Top 100 Hits Of 1998 - 093 - Missy Elliott & Da Brat - Sock It To Me.mp3,❌ Not found - likely rare
Billboard Top 100 Hits Of 1998,073 - Busta Rhymes - Turn It Up [Fire It Up Remix],,,Billboard Top 100 Hits Of 1998 - 073 - Busta Rhymes - Turn It Up [Fire It Up Remix].mp3,❓ Poor matches - potentially rare
Billboard Top 100 Hits Of 1998,044 - Mase - Feel So Good,,,Billboard Top 100 Hits Of 1998 - 044 - Mase - Feel So Good.mp3,❓ Poor matches - potentially rare
Billboard Top 100 Hits Of 1998,059 - Mase - Lookin At Me,,,Billboard Top 100 Hits Of 1998 - 059 - Mase - Lookin At Me.mp3,❓ Poor matches - potentially rare
Billboard Top 100 Hits Of 1998,083 - Loreena McKennitt - The Mummer's Dance,,,Billboard Top 100 Hits Of 1998 - 083 - Loreena McKennitt - The Mummer's Dance.mp3,❓ Poor matches - potentially rare
Billboard Top 100 Hits Of 1998,056 - Dru Hill - We're Not Making Love No More,,,Billboard Top 100 Hits Of 1998 - 056 - Dru Hill - We're Not Making Love No More.mp3,❓ Poor matches - potentially rare
Billboard Top 100 Hits Of 1998,039 - Jon B - They Don't Know,,,Billboard Top 100 Hits Of 1998 - 039 - Jon B - They Don't Know.mp3,❓ Poor matches - potentially rare
Billboard Top 100 Hits Of 1998,085 - Big Punisher Ft Joe - Still Not A Player,,,Billboard Top 100 Hits Of 1998 - 085 - Big Punisher Ft Joe - Still Not A Player.mp3,❌ Not found - likely rare
Billboard Top 100 Hits Of 1998,072 - Kelly Price - Friend Of Mine,,,Billboard Top 100 Hits Of 1998 - 072 - Kelly Price - Friend Of Mine.mp3,❓ Poor matches - potentially rare
Billboard Top 100 Hits Of 1998,076 - Sister Hazel - All For You,,,Billboard Top 100 Hits Of 1998 - 076 - Sister Hazel - All For You.mp3,❓ Poor matches - potentially rare
Billboard Top 100 Hits Of 1998,021 - Jennifer Paige - Crush,,,Billboard Top 100 Hits Of 1998 - 021 - Jennifer Paige - Crush.mp3,❓ Poor matches - potentially rare
Billboard Top 100 Hits Of 1998,090 - Luke - Raise The Roof,,,Billboard Top 100 Hits Of 1998 - 090 - Luke - Raise The Roof.mp3,❓ Poor matches - potentially rare
Billboard Top 100 Hits Of 1998,049 - Mya & Sisqo - It's All About Me,,,Billboard Top 100 Hits Of 1998 - 049 - Mya & Sisqo - It's All About Me.mp3,❓ Poor matches - potentially rare
Billboard Top 100 Hits Of 1998,034 - LSG - My Body,,,Billboard Top 100 Hits Of 1998 - 034 - LSG - My Body.mp3,❓ Poor matches - potentially rare
Billboard Top 100 Hits Of 1998,066 - Ace Of Base - Cruel Summer,,,Billboard Top 100 Hits Of 1998 - 066 - Ace Of Base - Cruel Summer.mp3,❓ Poor matches - potentially rare
Billboard Top 100 Hits Of 1998,091 - Nu Flavor - Heaven,,,Billboard Top 100 Hits Of 1998 - 091 - Nu Flavor - Heaven.mp3,❓ Poor matches - potentially rare
Billboard Top 100 Hits Of 1998,079 - The Verve - Bitter Sweet Symphony,,,Billboard Top 100 Hits Of 1998 - 079 - The Verve - Bitter Sweet Symphony.mp3,❓ Poor matches - potentially rare
Billboard Top 100 Hits Of 1998,024 - Public Announcement - Body Bumpin' [Yippie Yi Yo],,,Billboard Top 100 Hits Of 1998 - 024 - Public Announcement - Body Bumpin' [Yippie Yi Yo].mp3,❓ Poor matches - potentially rare
Billboard Top 100 Hits Of 1998,096 - Boyz II Men - Four Seasons Of Loneliness,,,Billboard Top 100 Hits Of 1998 - 096 - Boyz II Men - Four Seasons Of Loneliness.mp3,❓ Poor matches - potentially rare
Billboard Top 100 Hits Of 1998,098 - Gerald Levert - Thinkin' Bout It,,,Billboard Top 100 Hits Of 1998 - 098 - Gerald Levert - Thinkin' Bout It.mp3,❓ Poor matches - potentially rare
Billboard Top 100 Hits Of 1998,069 - Spice Girls - Too Much,,,Billboard Top 100 Hits Of 1998 - 069 - Spice Girls - Too Much.mp3,❓ Poor matches - potentially rare
Billboard Top 100 Hits Of 1998,088 - INOJ - Love You Down,,,Billboard Top 100 Hits Of 1998 - 088 - INOJ - Love You Down.mp3,❓ Poor matches - potentially rare
Billboard Top 100 Hits Of 1998,063 - Next - I Still Love You,,,Billboard Top 100 Hits Of 1998 - 063 - Next - I Still Love You.mp3,❓ Poor matches - potentially rare
Billboard Top 100 Hits Of 1998,051 - Barenaked Ladies - One Week,,,Billboard Top 100 Hits Of 1998 - 051 - Barenaked Ladies - One Week.mp3,❓ Poor matches - potentially rare
Billboard Top 100 Hits Of 1998,060 - Leann Rimes - Looking Through Your Eyes,,,Billboard Top 100 Hits Of 1998 - 060 - Leann Rimes - Looking Through Your Eyes.mp3,❓ Poor matches - potentially rare
Billboard Top 100 Hits Of 1998,"068 - Puff Daddy, Notorious Big & Busta Rhymes - Victory",,,"Billboard Top 100 Hits Of 1998 - 068 - Puff Daddy, Notorious Big & Busta Rhymes - Victory.mp3",❌ Not found - likely rare
Billboard Top 100 Hits Of 1998,018 - Monica - The First Night,,,Billboard Top 100 Hits Of 1998 - 018 - Monica - The First Night.mp3,❓ Poor matches - potentially rare
Billboard Top 100 Hits Of 1998,033 - Wyclef Jean - Gone 'Til November,,,Billboard Top 100 Hits Of 1998 - 033 - Wyclef Jean - Gone 'Til November.mp3,❓ Poor matches - potentially rare
Billboard Top 100 Hits Of 1998,040 - Master P - Make 'em Say Ugh,,,Billboard Top 100 Hits Of 1998 - 040 - Master P - Make 'em Say Ugh.mp3,❓ Poor matches - potentially rare
Billboard Top 100 Hits Of 1998,016 - Usher - My Way,,,Billboard Top 100 Hits Of 1998 - 016 - Usher - My Way.mp3,❓ Poor matches - potentially rare
Billboard Top 100 Hits Of 1998,020 - Sarah McLachlan - Adia,,,Billboard Top 100 Hits Of 1998 - 020 - Sarah McLachlan - Adia.mp3,❓ Poor matches - potentially rare
Billboard Top 100 Hits Of 1998,062 - Backstreet Boys - Quit Playing Games,,,Billboard Top 100 Hits Of 1998 - 062 - Backstreet Boys - Quit Playing Games.mp3,❓ Poor matches - potentially rare
Billboard Top 100 Hits Of 1998,050 - Hanson - I Will Come To You,,,Billboard Top 100 Hits Of 1998 - 050 - Hanson - I Will Come To You.mp3,❓ Poor matches - potentially rare
Billboard Top 100 Hits Of 1998,048 - Sylk E Fyne - Romeo And Juliet,,,Billboard Top 100 Hits Of 1998 - 048 - Sylk E Fyne - Romeo And Juliet.mp3,❓ Poor matches - potentially rare
Billboard Top 100 Hits Of 1998,058 - Lisa Loeb - I Do,,,Billboard Top 100 Hits Of 1998 - 058 - Lisa Loeb - I Do.mp3,❓ Poor matches - potentially rare
Billboard Top 100 Hits Of 1998,009 - Usher - Nice And Slow,,,Billboard Top 100 Hits Of 1998 - 009 - Usher - Nice And Slow.mp3,❓ Poor matches - potentially rare
Billboard Top 100 Hits Of 1998,067 - Master P - I Got The Hook Up!,,,Billboard Top 100 Hits Of 1998 - 067 - Master P - I Got The Hook Up!.mp3,❓ Poor matches - potentially rare
Billboard Top 100 Hits Of 1998,035 - Chumbawamba - Tubthumping,,,Billboard Top 100 Hits Of 1998 - 035 - Chumbawamba - Tubthumping.mp3,❓ Poor matches - potentially rare
Billboard Top 100 Hits Of 1998,080 - Busta Rhymes - Dangerous,,,Billboard Top 100 Hits Of 1998 - 080 - Busta Rhymes - Dangerous.mp3,❓ Poor matches - potentially rare
Billboard Top 100 Hits Of 1998,064 - INOJ - Time After Time,,,Billboard Top 100 Hits Of 1998 - 064 - INOJ - Time After Time.mp3,❓ Poor matches - potentially rare
Billboard Top 100 Hits Of 1998,032 - Madonna - Frozen,,,Billboard Top 100 Hits Of 1998 - 032 - Madonna - Frozen.mp3,❓ Poor matches - potentially rare
Billboard Top 100 Hits Of 1998,027 - Montell Jordan Ft Master - Let's Ride,,,Billboard Top 100 Hits Of 1998 - 027 - Montell Jordan Ft Master - Let's Ride.mp3,❓ Poor matches - potentially rare
Billboard Top 100 Hits Of 1998,055 - Tatyana Ali - Day Dreaming,,,Billboard Top 100 Hits Of 1998 - 055 - Tatyana Ali - Day Dreaming.mp3,❓ Poor matches - potentially rare
Billboard Top 100 Hits Of 1998,037 - 'N Sync - I Want You Back,,,Billboard Top 100 Hits Of 1998 - 037 - 'N Sync - I Want You Back.mp3,❓ Poor matches - potentially rare
Billboard Top 100 Hits Of 1998,031 - Mase Ft Total - What You Want,,,Billboard Top 100 Hits Of 1998 - 031 - Mase Ft Total - What You Want.mp3,❓ Poor matches - potentially rare
Billboard Top 100 Hits Of 1998,047 - Puff Daddy & Jimmy Page - Come With Me,,,Billboard Top 100 Hits Of 1998 - 047 - Puff Daddy & Jimmy Page - Come With Me.mp3,❓ Poor matches - potentially rare
Billboard Top 100 Hits Of 1998,084 - Allure Ft 112 - All Cried Out,,,Billboard Top 100 Hits Of 1998 - 084 - Allure Ft 112 - All Cried Out.mp3,❓ Poor matches - potentially rare
Billboard Top 100 Hits Of 1999,058 - Faith Evens - Love Like This Before,,,Billboard Top 100 Hits Of 1999 - 058 - Faith Evens - Love Like This Before.mp3,❓ Poor matches - potentially rare
Billboard Top 100 Hits Of 1999,072 - Case - Happily Ever After,,,Billboard Top 100 Hits Of 1999 - 072 - Case - Happily Ever After.mp3,❓ Poor matches - potentially rare
Billboard Top 100 Hits Of 1999,022 - Eagle Eye Cherry - Save Tonight,,,Billboard Top 100 Hits Of 1999 - 022 - Eagle Eye Cherry - Save Tonight.mp3,❓ Poor matches - potentially rare
Billboard Top 100 Hits Of 1999,045 - 'N Sync - [God Must Have Spent] A Little More Time On You,,,Billboard Top 100 Hits Of 1999 - 045 - 'N Sync - [God Must Have Spent] A Little More Time On You.mp3,❓ Poor matches - potentially rare
Billboard Top 100 Hits Of 1999,"021 - Destiny's Child - Bills, Bills, Bills",,,"Billboard Top 100 Hits Of 1999 - 021 - Destiny's Child - Bills, Bills, Bills.mp3",❓ Poor matches - potentially rare
Billboard Top 100 Hits Of 1999,009 - Deborah Cox - Nobody's Supposed To Be Here,,,Billboard Top 100 Hits Of 1999 - 009 - Deborah Cox - Nobody's Supposed To Be Here.mp3,❓ Poor matches - potentially rare
Billboard Top 100 Hits Of 1999,093 - Jo Dee Messina - Lesson In Leavin',,,Billboard Top 100 Hits Of 1999 - 093 - Jo Dee Messina - Lesson In Leavin'.mp3,❓ Poor matches - potentially rare
Billboard Top 100 Hits Of 1999,092 - Joey McIntyre - Stay The Same,,,Billboard Top 100 Hits Of 1999 - 092 - Joey McIntyre - Stay The Same.mp3,❓ Poor matches - potentially rare
Billboard Top 100 Hits Of 1999,076 - Brandy - Almost Doesn't Count,,,Billboard Top 100 Hits Of 1999 - 076 - Brandy - Almost Doesn't Count.mp3,❓ Poor matches - potentially rare
Billboard Top 100 Hits Of 1999,080 - Ginuwine - So Anxious,,,Billboard Top 100 Hits Of 1999 - 080 - Ginuwine - So Anxious.mp3,❓ Poor matches - potentially rare
Billboard Top 100 Hits Of 1999,070 - Sarah McLachlan - I Will Remember You,,,Billboard Top 100 Hits Of 1999 - 070 - Sarah McLachlan - I Will Remember You.mp3,❓ Poor matches - potentially rare
Billboard Top 100 Hits Of 1999,081 - Case & Joe - Faded Pictures,,,Billboard Top 100 Hits Of 1999 - 081 - Case & Joe - Faded Pictures.mp3,❓ Poor matches - potentially rare
Billboard Top 100 Hits Of 1999,028 - Everlast - What Its Like,,,Billboard Top 100 Hits Of 1999 - 028 - Everlast - What Its Like.mp3,❓ Poor matches - potentially rare
Billboard Top 100 Hits Of 1999,024 - Maxwell - Fortunate,,,Billboard Top 100 Hits Of 1999 - 024 - Maxwell - Fortunate.mp3,❓ Poor matches - potentially rare
Billboard Top 100 Hits Of 1999,069 - 98 Degrees - Because Of You,,,Billboard Top 100 Hits Of 1999 - 069 - 98 Degrees - Because Of You.mp3,❓ Poor matches - potentially rare
Billboard Top 100 Hits Of 1999,098 - George Strait - Write This Down,,,Billboard Top 100 Hits Of 1999 - 098 - George Strait - Write This Down.mp3,❓ Poor matches - potentially rare
Billboard Top 100 Hits Of 1999,033 - Will Smith - Wild Wild West,,,Billboard Top 100 Hits Of 1999 - 033 - Will Smith - Wild Wild West.mp3,❓ Poor matches - potentially rare
Billboard Top 100 Hits Of 1999,061 - Silk - If You [Lovin' Me],,,Billboard Top 100 Hits Of 1999 - 061 - Silk - If You [Lovin' Me].mp3,❓ Poor matches - potentially rare
Billboard Top 100 Hits Of 1999,044 - Whitney Houston - It's Not Right But It's Ok,,,Billboard Top 100 Hits Of 1999 - 044 - Whitney Houston - It's Not Right But It's Ok.mp3,❓ Poor matches - potentially rare
Billboard Top 100 Hits Of 1999,054 - Jewel - Hands,,,Billboard Top 100 Hits Of 1999 - 054 - Jewel - Hands.mp3,❓ Poor matches - potentially rare
Billboard Top 100 Hits Of 1999,030 - Sugar Ray - Someday,,,Billboard Top 100 Hits Of 1999 - 030 - Sugar Ray - Someday.mp3,❓ Poor matches - potentially rare
Billboard Top 100 Hits Of 1999,084 - Kenny Chesney - How Forever Feels,,,Billboard Top 100 Hits Of 1999 - 084 - Kenny Chesney - How Forever Feels.mp3,❓ Poor matches - potentially rare
Billboard Top 100 Hits Of 1999,083 - R. Kelly - When A Woman's Fed Up,,,Billboard Top 100 Hits Of 1999 - 083 - R. Kelly - When A Woman's Fed Up.mp3,❓ Poor matches - potentially rare
Billboard Top 100 Hits Of 1999,071 - Chante Moore - Chante's Got A Man,,,Billboard Top 100 Hits Of 1999 - 071 - Chante Moore - Chante's Got A Man.mp3,❓ Poor matches - potentially rare
Billboard Top 100 Hits Of 1999,012 - Jennifer Lopez - If You Had My Love,,,Billboard Top 100 Hits Of 1999 - 012 - Jennifer Lopez - If You Had My Love.mp3,❓ Poor matches - potentially rare
Billboard Top 100 Hits Of 1999,023 - Pearl Jam - Last Kiss,,,Billboard Top 100 Hits Of 1999 - 023 - Pearl Jam - Last Kiss.mp3,❓ Poor matches - potentially rare
Billboard Top 100 Hits Of 1999,077 - Shania Twain - Man! I Feel Like A Woman,,,Billboard Top 100 Hits Of 1999 - 077 - Shania Twain - Man! I Feel Like A Woman.mp3,❓ Poor matches - potentially rare
Billboard Top 100 Hits Of 1999,082 - Brian McKnight - Back At One,,,Billboard Top 100 Hits Of 1999 - 082 - Brian McKnight - Back At One.mp3,❓ Poor matches - potentially rare
Billboard Top 100 Hits Of 1999,050 - 808 Blaque - Track Masters [Like I Do] [808 Remix],,,Billboard Top 100 Hits Of 1999 - 050 - 808 Blaque - Track Masters [Like I Do] [808 Remix].mp3,❌ Not found - likely rare
Billboard Top 100 Hits Of 1999,095 - Puff Daddy Ft R. Kelly - Satisfy You,,,Billboard Top 100 Hits Of 1999 - 095 - Puff Daddy Ft R. Kelly - Satisfy You.mp3,❓ Poor matches - potentially rare
Billboard Top 100 Hits Of 1999,038 - LFO - Summergirls,,,Billboard Top 100 Hits Of 1999 - 038 - LFO - Summergirls.mp3,❓ Poor matches - potentially rare
Billboard Top 100 Hits Of 1999,046 - Shawn Mullins - Lullaby,,,Billboard Top 100 Hits Of 1999 - 046 - Shawn Mullins - Lullaby.mp3,❓ Poor matches - potentially rare
Billboard Top 100 Hits Of 1999,097 - 'N Sync & Gloria Estefan - Music Of My Heart,,,Billboard Top 100 Hits Of 1999 - 097 - 'N Sync & Gloria Estefan - Music Of My Heart.mp3,❓ Poor matches - potentially rare
Billboard Top 100 Hits Of 1999,052 - Ricky Martin - She's All I Ever Had,,,Billboard Top 100 Hits Of 1999 - 052 - Ricky Martin - She's All I Ever Had.mp3,❓ Poor matches - potentially rare
Billboard Top 100 Hits Of 1999,063 - Jordan Knight - Give It To You,,,Billboard Top 100 Hits Of 1999 - 063 - Jordan Knight - Give It To You.mp3,❓ Poor matches - potentially rare
Billboard Top 100 Hits Of 1999,068 - 98 Degrees - I Do [Cherish You],,,Billboard Top 100 Hits Of 1999 - 068 - 98 Degrees - I Do [Cherish You].mp3,❓ Poor matches - potentially rare
Billboard Top 100 Hits Of 1999,064 - Goo Goo Dolls - Black Baloon,,,Billboard Top 100 Hits Of 1999 - 064 - Goo Goo Dolls - Black Baloon.mp3,❓ Poor matches - potentially rare
Billboard Top 100 Hits Of 1999,089 - Britney Spears - Sometimes,,,Billboard Top 100 Hits Of 1999 - 089 - Britney Spears - Sometimes.mp3,❓ Poor matches - potentially rare
Billboard Top 100 Hits Of 1999,034 - Red Hot Chili Peppers - Scar Tissue,,,Billboard Top 100 Hits Of 1999 - 034 - Red Hot Chili Peppers - Scar Tissue.mp3,❓ Poor matches - potentially rare
Billboard Top 100 Hits Of 1999,062 - Lauryn Hill - Ex-Factor,,,Billboard Top 100 Hits Of 1999 - 062 - Lauryn Hill - Ex-Factor.mp3,❓ Poor matches - potentially rare
Billboard Top 100 Hits Of 1999,066 - Dru Hill - These Are The Times,,,Billboard Top 100 Hits Of 1999 - 066 - Dru Hill - These Are The Times.mp3,❓ Poor matches - potentially rare
Billboard Top 100 Hits Of 1999,049 - Matchbox Twenty - Back 2 Good,,,Billboard Top 100 Hits Of 1999 - 049 - Matchbox Twenty - Back 2 Good.mp3,❓ Poor matches - potentially rare
Billboard Top 100 Hits Of 1999,039 - Jay-Z - Can I Get A Fuck You,,,Billboard Top 100 Hits Of 1999 - 039 - Jay-Z - Can I Get A Fuck You.mp3,❓ Poor matches - potentially rare
Billboard Top 100 Hits Of 1999,065 - Eric Benet & Tamia - Spend My Life With You,,,Billboard Top 100 Hits Of 1999 - 065 - Eric Benet & Tamia - Spend My Life With You.mp3,❓ Poor matches - potentially rare
Billboard Top 100 Hits Of 1999,073 - Whitney Houston - My Love Is Your Love,,,Billboard Top 100 Hits Of 1999 - 073 - Whitney Houston - My Love Is Your Love.mp3,❓ Poor matches - potentially rare
Billboard Top 100 Hits Of 1999,016 - Celine Dion & R. Kelly - I'm Your Angel,,,Billboard Top 100 Hits Of 1999 - 016 - Celine Dion & R. Kelly - I'm Your Angel.mp3,❓ Poor matches - potentially rare
Billboard Top 100 Hits Of 1999,053 - Will Smith - Miami,,,Billboard Top 100 Hits Of 1999 - 053 - Will Smith - Miami.mp3,❓ Poor matches - potentially rare
Billboard Top 100 Hits Of 1999,"055 - JT Money Ft Sole Tony Mercedes, Freeworld, & Priority - Who Dat",,,"Billboard Top 100 Hits Of 1999 - 055 - JT Money Ft Sole Tony Mercedes, Freeworld, & Priority - Who Dat.mp3",❌ Not found - likely rare
Billboard Top 100 Hits Of 1999,079 - Len - Steal My Sunshine,,,Billboard Top 100 Hits Of 1999 - 079 - Len - Steal My Sunshine.mp3,❓ Poor matches - potentially rare
Billboard Top 100 Hits Of 1999,051 - Blur - She's So High,,,Billboard Top 100 Hits Of 1999 - 051 - Blur - She's So High.mp3,❓ Poor matches - potentially rare
Billboard Top 100 Hits Of 1999,"091 - Mya, Blackstreet, Mase BB - Take Me There [Remix]",,,"Billboard Top 100 Hits Of 1999 - 091 - Mya, Blackstreet, Mase BB - Take Me There [Remix].mp3",❌ Not found - likely rare
Billboard Top 100 Hits Of 1999,100 - Kirk Whalum - God Must Have Spent A Little More Time On You,,,Billboard Top 100 Hits Of 1999 - 100 - Kirk Whalum - God Must Have Spent A Little More Time On You.mp3,❌ Not found - likely rare
Billboard Top 100 Hits Of 1999,060 - Total Ft Missy Eliot - Trippin',,,Billboard Top 100 Hits Of 1999 - 060 - Total Ft Missy Eliot - Trippin'.mp3,❓ Poor matches - potentially rare
Billboard Top 100 Hits Of 1999,056 - Tim McGraw - Please Remember Me,,,Billboard Top 100 Hits Of 1999 - 056 - Tim McGraw - Please Remember Me.mp3,❓ Poor matches - potentially rare
Billboard Top 100 Hits Of 1999,099 - 'N Sync & Gloria Estefan - Music Of My Heart,,,Billboard Top 100 Hits Of 1999 - 099 - 'N Sync & Gloria Estefan - Music Of My Heart.mp3,❌ Not found - likely rare
Billboard Top 100 Hits Of 1999,025 - Backstreet Boys - All I Have To Give,,,Billboard Top 100 Hits Of 1999 - 025 - Backstreet Boys - All I Have To Give.mp3,❓ Poor matches - potentially rare
Billboard Top 100 Hits Of 1999,037 - 98 Degrees - The Hardest Thing,,,Billboard Top 100 Hits Of 1999 - 037 - 98 Degrees - The Hardest Thing.mp3,❓ Poor matches - potentially rare
Billboard Top 100 Hits Of 1999,059 - Jessie Powell - You,,,Billboard Top 100 Hits Of 1999 - 059 - Jessie Powell - You.mp3,❓ Poor matches - potentially rare
Billboard Top 100 Hits Of 1999,043 - Tyrese - Sweet Lady,,,Billboard Top 100 Hits Of 1999 - 043 - Tyrese - Sweet Lady.mp3,❓ Poor matches - potentially rare
Billboard Top 100 Hits Of 1999,035 - Mariah Carey Ft Jay-Z - Heartbreaker,,,Billboard Top 100 Hits Of 1999 - 035 - Mariah Carey Ft Jay-Z - Heartbreaker.mp3,❓ Poor matches - potentially rare
Billboard Top 100 Hits Of 1999,031 - Divine - Lately,,,Billboard Top 100 Hits Of 1999 - 031 - Divine - Lately.mp3,❓ Poor matches - potentially rare
Billboard Top 100 Hits Of 1999,087 - Mo Thugs Ft Bone - Ghetto Cowboy,,,Billboard Top 100 Hits Of 1999 - 087 - Mo Thugs Ft Bone - Ghetto Cowboy.mp3,❓ Poor matches - potentially rare
Billboard Top 100 Hits Of 1999,047 - 112 - Anywhere,,,Billboard Top 100 Hits Of 1999 - 047 - 112 - Anywhere.mp3,❓ Poor matches - potentially rare
Billboard Top 100 Hits Of 2000,034 - Sonique - It Feels So Good,,,Billboard Top 100 Hits Of 2000 - 034 - Sonique - It Feels So Good.mp3,❓ Poor matches - potentially rare
Billboard Top 100 Hits Of 2000,065 - Donnell Jones - You Know Whats Up,,,Billboard Top 100 Hits Of 2000 - 065 - Donnell Jones - You Know Whats Up.mp3,❓ Poor matches - potentially rare
Billboard Top 100 Hits Of 2000,046 - Jagged Edge - Lets Get Married,,,Billboard Top 100 Hits Of 2000 - 046 - Jagged Edge - Lets Get Married.mp3,❓ Poor matches - potentially rare
Billboard Top 100 Hits Of 2000,039 - Ruff Endz - No More,,,Billboard Top 100 Hits Of 2000 - 039 - Ruff Endz - No More.mp3,❓ Poor matches - potentially rare
Billboard Top 100 Hits Of 2000,013 - Destiny's Child - Jumpin' Jumpin',,,Billboard Top 100 Hits Of 2000 - 013 - Destiny's Child - Jumpin' Jumpin'.mp3,❓ Poor matches - potentially rare
Billboard Top 100 Hits Of 2000,076 - Dr Dre Ft Snoop Dogg - The Next Episode,,,Billboard Top 100 Hits Of 2000 - 076 - Dr Dre Ft Snoop Dogg - The Next Episode.mp3,❓ Poor matches - potentially rare
Billboard Top 100 Hits Of 2000,056 - Jessica Simpson - I Wanna Love You Forever,,,Billboard Top 100 Hits Of 2000 - 056 - Jessica Simpson - I Wanna Love You Forever.mp3,❓ Poor matches - potentially rare
Billboard Top 100 Hits Of 2000,081 - Donell Jones - Where I Wanna Be,,,Billboard Top 100 Hits Of 2000 - 081 - Donell Jones - Where I Wanna Be.mp3,❓ Poor matches - potentially rare
Billboard Top 100 Hits Of 2000,099 - Jennifer Lopez - Waiting For Tonight,,,Billboard Top 100 Hits Of 2000 - 099 - Jennifer Lopez - Waiting For Tonight.mp3,❓ Poor matches - potentially rare
Billboard Top 100 Hits Of 2000,082 - Toby Keith - How Do You Like Me Now,,,Billboard Top 100 Hits Of 2000 - 082 - Toby Keith - How Do You Like Me Now.mp3,❓ Poor matches - potentially rare
Billboard Top 100 Hits Of 2000,096 - Aaliyah - I Don't Wanna,,,Billboard Top 100 Hits Of 2000 - 096 - Aaliyah - I Don't Wanna.mp3,❓ Poor matches - potentially rare
Billboard Top 100 Hits Of 2000,054 - Everclear - Wonderful,,,Billboard Top 100 Hits Of 2000 - 054 - Everclear - Wonderful.mp3,❓ Poor matches - potentially rare
Billboard Top 100 Hits Of 2000,"032 - Missy Elliott Ft Nas, Eve & Q-Tip - Hot Boyz",,,"Billboard Top 100 Hits Of 2000 - 032 - Missy Elliott Ft Nas, Eve & Q-Tip - Hot Boyz.mp3",❓ Poor matches - potentially rare
Billboard Top 100 Hits Of 2000,061 - Son By Four - Purest Of Pain [A Puro Dolor],,,Billboard Top 100 Hits Of 2000 - 061 - Son By Four - Purest Of Pain [A Puro Dolor].mp3,❌ Not found - likely rare
Billboard Top 100 Hits Of 2000,041 - Faith Hill - The Way You Love Me,,,Billboard Top 100 Hits Of 2000 - 041 - Faith Hill - The Way You Love Me.mp3,❓ Poor matches - potentially rare
Billboard Top 100 Hits Of 2000,069 - Erykah Badu - Bag Lady,,,Billboard Top 100 Hits Of 2000 - 069 - Erykah Badu - Bag Lady.mp3,❓ Poor matches - potentially rare
Billboard Top 100 Hits Of 2000,050 - Sting Ft Cheb Marni - Desert Rose,,,Billboard Top 100 Hits Of 2000 - 050 - Sting Ft Cheb Marni - Desert Rose.mp3,❌ Not found - likely rare
Billboard Top 100 Hits Of 2000,094 - Lil' Bow Wow Ft Xscape - Bounce With Me,,,Billboard Top 100 Hits Of 2000 - 094 - Lil' Bow Wow Ft Xscape - Bounce With Me.mp3,❌ Not found - likely rare
Billboard Top 100 Hits Of 2000,020 - Brian McKnight - Back At One,,,Billboard Top 100 Hits Of 2000 - 020 - Brian McKnight - Back At One.mp3,❓ Poor matches - potentially rare
Billboard Top 100 Hits Of 2000,049 - Eiffel 65 - Blue [Da Ba Dee],,,Billboard Top 100 Hits Of 2000 - 049 - Eiffel 65 - Blue [Da Ba Dee].mp3,❓ Poor matches - potentially rare
Billboard Top 100 Hits Of 2000,095 - Dixie Chicks - Cowboy Take Me Away,,,Billboard Top 100 Hits Of 2000 - 095 - Dixie Chicks - Cowboy Take Me Away.mp3,❓ Poor matches - potentially rare
Billboard Top 100 Hits Of 2000,012 - Aaliyah - Try Again,,,Billboard Top 100 Hits Of 2000 - 012 - Aaliyah - Try Again.mp3,❓ Poor matches - potentially rare
Billboard Top 100 Hits Of 2000,091 - Sammy - I Like It,,,Billboard Top 100 Hits Of 2000 - 091 - Sammy - I Like It.mp3,❓ Poor matches - potentially rare
Billboard Top 100 Hits Of 2000,043 - Third Eye Blind - Never Let You Go,,,Billboard Top 100 Hits Of 2000 - 043 - Third Eye Blind - Never Let You Go.mp3,❓ Poor matches - potentially rare
Billboard Top 100 Hits Of 2000,088 - Alice Deejay - Better Off Alone,,,Billboard Top 100 Hits Of 2000 - 088 - Alice Deejay - Better Off Alone.mp3,❓ Poor matches - potentially rare
Billboard Top 100 Hits Of 2000,028 - Celine Dion - That's The Way It Is,,,Billboard Top 100 Hits Of 2000 - 028 - Celine Dion - That's The Way It Is.mp3,❓ Poor matches - potentially rare
Billboard Top 100 Hits Of 2000,057 - 98 Degrees - Give Me Just One Night [Una Noche],,,Billboard Top 100 Hits Of 2000 - 057 - 98 Degrees - Give Me Just One Night [Una Noche].mp3,❓ Poor matches - potentially rare
Billboard Top 100 Hits Of 2000,078 - Savage Garden - Crash And Burn,,,Billboard Top 100 Hits Of 2000 - 078 - Savage Garden - Crash And Burn.mp3,❓ Poor matches - potentially rare
Billboard Top 100 Hits Of 2000,047 - Whitney Houston - My Love Is Your Love,,,Billboard Top 100 Hits Of 2000 - 047 - Whitney Houston - My Love Is Your Love.mp3,❓ Poor matches - potentially rare
Billboard Top 100 Hits Of 2000,072 - Mya - Case Of The Ex [Whatcha Gonna Do],,,Billboard Top 100 Hits Of 2000 - 072 - Mya - Case Of The Ex [Whatcha Gonna Do].mp3,❌ Not found - likely rare
Billboard Top 100 Hits Of 2000,042 - Christina Aguilera - I Turn To You,,,Billboard Top 100 Hits Of 2000 - 042 - Christina Aguilera - I Turn To You.mp3,❓ Poor matches - potentially rare
Billboard Top 100 Hits Of 2000,059 - Red Hot Chili Peppers - Otherside,,,Billboard Top 100 Hits Of 2000 - 059 - Red Hot Chili Peppers - Otherside.mp3,❓ Poor matches - potentially rare
Billboard Top 100 Hits Of 2000,073 - Dr Dre Ft Eminem - Forget About Dre,,,Billboard Top 100 Hits Of 2000 - 073 - Dr Dre Ft Eminem - Forget About Dre.mp3,❌ Not found - likely rare
Billboard Top 100 Hits Of 2000,087 - Lee Ann Womack - I Hope You Dance,,,Billboard Top 100 Hits Of 2000 - 087 - Lee Ann Womack - I Hope You Dance.mp3,❓ Poor matches - potentially rare
Billboard Top 100 Hits Of 2000,062 - Jagged Edge - He Can't Love U,,,Billboard Top 100 Hits Of 2000 - 062 - Jagged Edge - He Can't Love U.mp3,❓ Poor matches - potentially rare
Billboard Top 100 Hits Of 2000,068 - Mystikal - Shake Ya Ass,,,Billboard Top 100 Hits Of 2000 - 068 - Mystikal - Shake Ya Ass.mp3,❓ Poor matches - potentially rare
Billboard Top 100 Hits Of 2000,074 - Jo Dee Messina - That's The Way It Is,,,Billboard Top 100 Hits Of 2000 - 074 - Jo Dee Messina - That's The Way It Is.mp3,❓ Poor matches - potentially rare
Billboard Top 100 Hits Of 2000,066 - Soul Decision Ft Thrust - Faded,,,Billboard Top 100 Hits Of 2000 - 066 - Soul Decision Ft Thrust - Faded.mp3,❌ Not found - likely rare
Billboard Top 100 Hits Of 2000,085 - Da Brat Ft Tyrese - What'chu Like,,,Billboard Top 100 Hits Of 2000 - 085 - Da Brat Ft Tyrese - What'chu Like.mp3,❓ Poor matches - potentially rare
Billboard Top 100 Hits Of 2000,044 - Leanne Rimes - I Need You,,,Billboard Top 100 Hits Of 2000 - 044 - Leanne Rimes - I Need You.mp3,❓ Poor matches - potentially rare
Billboard Top 100 Hits Of 2000,031 - Backstreet Boys - Show Me The Meaning Of Being Lonely,,,Billboard Top 100 Hits Of 2000 - 031 - Backstreet Boys - Show Me The Meaning Of Being Lonely.mp3,❓ Poor matches - potentially rare
Billboard Top 100 Hits Of 2000,060 - Jay-Z - Big Pimpin,,,Billboard Top 100 Hits Of 2000 - 060 - Jay-Z - Big Pimpin.mp3,❓ Poor matches - potentially rare
Billboard Top 100 Hits Of 2000,037 - Enrique Iglesias - Be With You,,,Billboard Top 100 Hits Of 2000 - 037 - Enrique Iglesias - Be With You.mp3,❓ Poor matches - potentially rare
Billboard Top 100 Hits Of 2000,093 - LFO - Girl On TV,,,Billboard Top 100 Hits Of 2000 - 093 - LFO - Girl On TV.mp3,❓ Poor matches - potentially rare
Billboard Top 100 Hits Of 2000,007 - Savage Garden - I Knew I Loved You,,,Billboard Top 100 Hits Of 2000 - 007 - Savage Garden - I Knew I Loved You.mp3,❓ Poor matches - potentially rare
Billboard Top 100 Hits Of 2000,070 - Train - Meet Virginia,,,Billboard Top 100 Hits Of 2000 - 070 - Train - Meet Virginia.mp3,❓ Poor matches - potentially rare
Billboard Top 100 Hits Of 2000,098 - Samantha Mumba - Gotta Tell You,,,Billboard Top 100 Hits Of 2000 - 098 - Samantha Mumba - Gotta Tell You.mp3,❓ Poor matches - potentially rare
Billboard Top 100 Hits Of 2000,058 - Filter - Take A Picture,,,Billboard Top 100 Hits Of 2000 - 058 - Filter - Take A Picture.mp3,❓ Poor matches - potentially rare
Billboard Top 100 Hits Of 2000,092 - Kevon Edmonds - 24-7,,,Billboard Top 100 Hits Of 2000 - 092 - Kevon Edmonds - 24-7.mp3,❓ Poor matches - potentially rare
Billboard Top 100 Hits Of 2000,048 - Smash Mouth - Then The Morning Comes,,,Billboard Top 100 Hits Of 2000 - 048 - Smash Mouth - Then The Morning Comes.mp3,❓ Poor matches - potentially rare
Billboard Top 100 Hits Of 2000,022 - Marc Anthony - You Sang To Me,,,Billboard Top 100 Hits Of 2000 - 022 - Marc Anthony - You Sang To Me.mp3,❓ Poor matches - potentially rare
Billboard Top 100 Hits Of 2001,070 - Nelly Furtado - Turn Of The Light,,,Billboard Top 100 Hits Of 2001 - 070 - Nelly Furtado - Turn Of The Light.mp3,❓ Poor matches - potentially rare
Billboard Top 100 Hits Of 2001,089 - Trick Daddy - I'm A Thug,,,Billboard Top 100 Hits Of 2001 - 089 - Trick Daddy - I'm A Thug.mp3,❓ Poor matches - potentially rare
Billboard Top 100 Hits Of 2001,082 - Jessica Andrews - That's Who I Am,,,Billboard Top 100 Hits Of 2001 - 082 - Jessica Andrews - That's Who I Am.mp3,❓ Poor matches - potentially rare
Billboard Top 100 Hits Of 2001,030 - Ja Rule & Lil' Mo & Vita - Put It On Me,,,Billboard Top 100 Hits Of 2001 - 030 - Ja Rule & Lil' Mo & Vita - Put It On Me.mp3,❓ Poor matches - potentially rare
Billboard Top 100 Hits Of 2001,052 - Jay-Z - H To The Izzo,,,Billboard Top 100 Hits Of 2001 - 052 - Jay-Z - H To The Izzo.mp3,❌ Not found - likely rare
Billboard Top 100 Hits Of 2001,032 - Lee Ann Womack - I Hope You Dance,,,Billboard Top 100 Hits Of 2001 - 032 - Lee Ann Womack - I Hope You Dance.mp3,❓ Poor matches - potentially rare
Billboard Top 100 Hits Of 2001,093 - Debelah Morgan - Dance With Me,,,Billboard Top 100 Hits Of 2001 - 093 - Debelah Morgan - Dance With Me.mp3,❓ Poor matches - potentially rare
Billboard Top 100 Hits Of 2001,090 - Eve 6 - Here's To The Night,,,Billboard Top 100 Hits Of 2001 - 090 - Eve 6 - Here's To The Night.mp3,❓ Poor matches - potentially rare
Billboard Top 100 Hits Of 2001,055 - Ricky Martin & Christina Aguilera - Nobody Wants To Be,,,Billboard Top 100 Hits Of 2001 - 055 - Ricky Martin & Christina Aguilera - Nobody Wants To Be.mp3,❓ Poor matches - potentially rare
Billboard Top 100 Hits Of 2001,007 - Eve Ft Gwen Stefani - Let Me Blow Ya Mind,,,Billboard Top 100 Hits Of 2001 - 007 - Eve Ft Gwen Stefani - Let Me Blow Ya Mind.mp3,❓ Poor matches - potentially rare
Billboard Top 100 Hits Of 2001,013 - Joe & Mystika - Stutter,,,Billboard Top 100 Hits Of 2001 - 013 - Joe & Mystika - Stutter.mp3,❓ Poor matches - potentially rare
Billboard Top 100 Hits Of 2001,012 - Shaggy Ft Rikrok - It Wasn't Me,,,Billboard Top 100 Hits Of 2001 - 012 - Shaggy Ft Rikrok - It Wasn't Me.mp3,❌ Not found - likely rare
Billboard Top 100 Hits Of 2001,046 - Sugar Ray - When It's Over,,,Billboard Top 100 Hits Of 2001 - 046 - Sugar Ray - When It's Over.mp3,❓ Poor matches - potentially rare
Billboard Top 100 Hits Of 2001,058 - Mystikal Ft Nivea - Danger [Been So Long],,,Billboard Top 100 Hits Of 2001 - 058 - Mystikal Ft Nivea - Danger [Been So Long].mp3,❌ Not found - likely rare
Billboard Top 100 Hits Of 2001,033 - Moby Ft Gwen Stefani - Southside,,,Billboard Top 100 Hits Of 2001 - 033 - Moby Ft Gwen Stefani - Southside.mp3,❓ Poor matches - potentially rare
Billboard Top 100 Hits Of 2001,067 - Musiq Soulchild - Love,,,Billboard Top 100 Hits Of 2001 - 067 - Musiq Soulchild - Love.mp3,❓ Poor matches - potentially rare
Billboard Top 100 Hits Of 2001,020 - One Twelve - Peaches 'N Cream,,,Billboard Top 100 Hits Of 2001 - 020 - One Twelve - Peaches 'N Cream.mp3,❓ Poor matches - potentially rare
Billboard Top 100 Hits Of 2001,059 - Enya - Only Time,,,Billboard Top 100 Hits Of 2001 - 059 - Enya - Only Time.mp3,❓ Poor matches - potentially rare
Billboard Top 100 Hits Of 2001,080 - Mariah Carey - Loverboy,,,Billboard Top 100 Hits Of 2001 - 080 - Mariah Carey - Loverboy.mp3,❓ Poor matches - potentially rare
Billboard Top 100 Hits Of 2001,095 - Nelly - E.I,,,Billboard Top 100 Hits Of 2001 - 095 - Nelly - E.I.mp3,❓ Poor matches - potentially rare
Billboard Top 100 Hits Of 2001,092 - Eden's Crush - Get Over Yourself [Remix],,,Billboard Top 100 Hits Of 2001 - 092 - Eden's Crush - Get Over Yourself [Remix].mp3,❓ Poor matches - potentially rare
Billboard Top 100 Hits Of 2001,098 - QB's Finest - Oochie Wally [Ft] Bravehearts,,,Billboard Top 100 Hits Of 2001 - 098 - QB's Finest - Oochie Wally [Ft] Bravehearts.mp3,❌ Not found - likely rare
Billboard Top 100 Hits Of 2001,022 - City High - What Would U Do,,,Billboard Top 100 Hits Of 2001 - 022 - City High - What Would U Do.mp3,❓ Poor matches - potentially rare
Billboard Top 100 Hits Of 2001,056 - Jay-Z - I Just Wanna Love U [Give It 2 Me],,,Billboard Top 100 Hits Of 2001 - 056 - Jay-Z - I Just Wanna Love U [Give It 2 Me].mp3,❓ Poor matches - potentially rare
Billboard Top 100 Hits Of 2001,017 - Shaggy & Rayvon - Angel,,,Billboard Top 100 Hits Of 2001 - 017 - Shaggy & Rayvon - Angel.mp3,❓ Poor matches - potentially rare
Billboard Top 100 Hits Of 2001,091 - Toby Keith - You Shouldn't Kiss Me Like This,,,Billboard Top 100 Hits Of 2001 - 091 - Toby Keith - You Shouldn't Kiss Me Like This.mp3,❓ Poor matches - potentially rare
Billboard Top 100 Hits Of 2001,087 - R. Kelly - I Wish,,,Billboard Top 100 Hits Of 2001 - 087 - R. Kelly - I Wish.mp3,❓ Poor matches - potentially rare
Billboard Top 100 Hits Of 2001,057 - Missy Elliot & Ludacris - One Minute Man,,,Billboard Top 100 Hits Of 2001 - 057 - Missy Elliot & Ludacris - One Minute Man.mp3,❓ Poor matches - potentially rare
Billboard Top 100 Hits Of 2001,054 - Evan And Jaron - Crazy For This Girl,,,Billboard Top 100 Hits Of 2001 - 054 - Evan And Jaron - Crazy For This Girl.mp3,❓ Poor matches - potentially rare
Billboard Top 100 Hits Of 2001,019 - Uncle Kracker - Follow Me,,,Billboard Top 100 Hits Of 2001 - 019 - Uncle Kracker - Follow Me.mp3,❓ Poor matches - potentially rare
Billboard Top 100 Hits Of 2001,"024 - Christina Aguilera, Mya, Pink, Lil' Kim - Lady Marmalade",,,"Billboard Top 100 Hits Of 2001 - 024 - Christina Aguilera, Mya, Pink, Lil' Kim - Lady Marmalade.mp3",❓ Poor matches - potentially rare
Billboard Top 100 Hits Of 2001,065 - Dave Matthews Band - The Space Between,,,Billboard Top 100 Hits Of 2001 - 065 - Dave Matthews Band - The Space Between.mp3,❓ Poor matches - potentially rare
Billboard Top 100 Hits Of 2001,066 - Faith Hill - There You'll Be,,,Billboard Top 100 Hits Of 2001 - 066 - Faith Hill - There You'll Be.mp3,❓ Poor matches - potentially rare
Billboard Top 100 Hits Of 2001,099 - Enrique Iglesias - Hero,,,Billboard Top 100 Hits Of 2001 - 099 - Enrique Iglesias - Hero.mp3,❓ Poor matches - potentially rare
Billboard Top 100 Hits Of 2001,069 - 3LW - No More [Baby I'ma Do Right],,,Billboard Top 100 Hits Of 2001 - 069 - 3LW - No More [Baby I'ma Do Right].mp3,❓ Poor matches - potentially rare
Billboard Top 100 Hits Of 2001,075 - U2 - Beautiful Day,,,Billboard Top 100 Hits Of 2001 - 075 - U2 - Beautiful Day.mp3,❓ Poor matches - potentially rare
Billboard Top 100 Hits Of 2001,016 - Jagged Edge - Where The Party At [Nelly],,,Billboard Top 100 Hits Of 2001 - 016 - Jagged Edge - Where The Party At [Nelly].mp3,❓ Poor matches - potentially rare
Billboard Top 100 Hits Of 2001,078 - Tim McGraw - Grown Men Don't Cry,,,Billboard Top 100 Hits Of 2001 - 078 - Tim McGraw - Grown Men Don't Cry.mp3,❓ Poor matches - potentially rare
Billboard Top 100 Hits Of 2001,"094 - Outkast - So Fresh, So Clean",,,"Billboard Top 100 Hits Of 2001 - 094 - Outkast - So Fresh, So Clean.mp3",❓ Poor matches - potentially rare
Billboard Top 100 Hits Of 2001,037 - Craig David - Fill Me In,,,Billboard Top 100 Hits Of 2001 - 037 - Craig David - Fill Me In.mp3,❌ Not found - likely rare
Billboard Top 100 Hits Of 2001,039 - Creed - With Arms Wide Open,,,Billboard Top 100 Hits Of 2001 - 039 - Creed - With Arms Wide Open.mp3,❓ Poor matches - potentially rare
Billboard Top 100 Hits Of 2001,043 - Nelly Furtado - I'm Like A Bird,,,Billboard Top 100 Hits Of 2001 - 043 - Nelly Furtado - I'm Like A Bird.mp3,❓ Poor matches - potentially rare
Billboard Top 100 Hits Of 2001,015 - Usher - U Remind Me,,,Billboard Top 100 Hits Of 2001 - 015 - Usher - U Remind Me.mp3,❓ Poor matches - potentially rare
Billboard Top 100 Hits Of 2001,034 - Madonna - Don't Tell Me,,,Billboard Top 100 Hits Of 2001 - 034 - Madonna - Don't Tell Me.mp3,❓ Poor matches - potentially rare
Billboard Top 100 Hits Of 2001,083 - Erick Sermon & Marvin Gaye - Music,,,Billboard Top 100 Hits Of 2001 - 083 - Erick Sermon & Marvin Gaye - Music.mp3,❌ Not found - likely rare
Billboard Top 100 Hits Of 2001,068 - 112 - Its Over Now,,,Billboard Top 100 Hits Of 2001 - 068 - 112 - Its Over Now.mp3,❓ Poor matches - potentially rare
Billboard Top 100 Hits Of 2001,085 - Kenny Chesney - Don't Happen Twice,,,Billboard Top 100 Hits Of 2001 - 085 - Kenny Chesney - Don't Happen Twice.mp3,❓ Poor matches - potentially rare
Billboard Top 100 Hits Of 2001,051 - 'N Sync - This I Promise You,,,Billboard Top 100 Hits Of 2001 - 051 - 'N Sync - This I Promise You.mp3,❓ Poor matches - potentially rare
Billboard Top 100 Hits Of 2001,086 - Diamond Rio - One More Day,,,Billboard Top 100 Hits Of 2001 - 086 - Diamond Rio - One More Day.mp3,❓ Poor matches - potentially rare
Billboard Top 100 Hits Of 2001,088 - Travis Tritt - It's A Great Day To Be Alive,,,Billboard Top 100 Hits Of 2001 - 088 - Travis Tritt - It's A Great Day To Be Alive.mp3,❓ Poor matches - potentially rare
Billboard Top 100 Hits Of 2001,096 - 3 Doors Down - Be Like That,,,Billboard Top 100 Hits Of 2001 - 096 - 3 Doors Down - Be Like That.mp3,❓ Poor matches - potentially rare
Billboard Top 100 Hits Of 2001,081 - Isley Brothers & Ronald Isley [AKA Mr Biggs] - Contagious,,,Billboard Top 100 Hits Of 2001 - 081 - Isley Brothers & Ronald Isley [AKA Mr Biggs] - Contagious.mp3,❌ Not found - likely rare
Billboard Top 100 Hits Of 2001,045 - R. Kelly & Jay-Z - Fiesta,,,Billboard Top 100 Hits Of 2001 - 045 - R. Kelly & Jay-Z - Fiesta.mp3,❓ Poor matches - potentially rare
Billboard Top 100 Hits Of 2001,038 - Janet Jackson - Someone To Call My Lover,,,Billboard Top 100 Hits Of 2001 - 038 - Janet Jackson - Someone To Call My Lover.mp3,❓ Poor matches - potentially rare
Billboard Top 100 Hits Of 2001,077 - Ludacris - Southern Hospitality,,,Billboard Top 100 Hits Of 2001 - 077 - Ludacris - Southern Hospitality.mp3,❓ Poor matches - potentially rare
Billboard Top 100 Hits Of 2001,036 - K-CI & Jo Jo - Crazy,,,Billboard Top 100 Hits Of 2001 - 036 - K-CI & Jo Jo - Crazy.mp3,❓ Poor matches - potentially rare
Billboard Top 100 Hits Of 2001,079 - Ja Rule - Livin' It Up,,,Billboard Top 100 Hits Of 2001 - 079 - Ja Rule - Livin' It Up.mp3,❓ Poor matches - potentially rare
Billboard Top 100 Hits Of 2001,061 - S Club 7 - Never Had A Dream Come True,,,Billboard Top 100 Hits Of 2001 - 061 - S Club 7 - Never Had A Dream Come True.mp3,❓ Poor matches - potentially rare
Billboard Top 100 Hits Of 2001,074 - Lil' Romeo - My Baby,,,Billboard Top 100 Hits Of 2001 - 074 - Lil' Romeo - My Baby.mp3,❓ Poor matches - potentially rare
Billboard Top 100 Hits Of 2001,047 - Aerosmith - Jaded,,,Billboard Top 100 Hits Of 2001 - 047 - Aerosmith - Jaded.mp3,❓ Poor matches - potentially rare
Billboard Top 100 Hits Of 2001,062 - Tamia - Stranger In My House,,,Billboard Top 100 Hits Of 2001 - 062 - Tamia - Stranger In My House.mp3,❓ Poor matches - potentially rare
Billboard Top 100 Hits Of 2001,072 - Jennifer Lopez - Play,,,Billboard Top 100 Hits Of 2001 - 072 - Jennifer Lopez - Play.mp3,❓ Poor matches - potentially rare
Billboard Top 100 Hits Of 2001,064 - Sunshine Anderson - Heard It All Before,,,Billboard Top 100 Hits Of 2001 - 064 - Sunshine Anderson - Heard It All Before.mp3,❓ Poor matches - potentially rare
Billboard Top 100 Hits Of 2001,063 - Jessica Simson - Irresistable,,,Billboard Top 100 Hits Of 2001 - 063 - Jessica Simson - Irresistable.mp3,❌ Not found - likely rare
Billboard Top 100 Hits Of 2001,035 - Missy Elliott - Get Ur Freak On,,,Billboard Top 100 Hits Of 2001 - 035 - Missy Elliott - Get Ur Freak On.mp3,❓ Poor matches - potentially rare
Billboard Top 100 Hits Of 2001,076 - Blake Shelton - Austin,,,Billboard Top 100 Hits Of 2001 - 076 - Blake Shelton - Austin.mp3,❓ Poor matches - potentially rare
Billboard Top 100 Hits Of 2001,053 - Lil Mo - Superwoman [Pt 1],,,Billboard Top 100 Hits Of 2001 - 053 - Lil Mo - Superwoman [Pt 1].mp3,❓ Poor matches - potentially rare
Billboard Top 100 Hits Of 2002,032 - John Mayer - No Such Thing,,,Billboard Top 100 Hits Of 2002 - 032 - John Mayer - No Such Thing.mp3,❓ Poor matches - potentially rare
Billboard Top 100 Hits Of 2002,026 - Eve Ft Alicia Keys - Gangsta Lovin,,,Billboard Top 100 Hits Of 2002 - 026 - Eve Ft Alicia Keys - Gangsta Lovin.mp3,❓ Poor matches - potentially rare
Billboard Top 100 Hits Of 2002,073 - Camron - Thats Hey Ma,,,Billboard Top 100 Hits Of 2002 - 073 - Camron - Thats Hey Ma.mp3,❌ Not found - likely rare
Billboard Top 100 Hits Of 2002,012 - Kylie Minogue - Can't Get You Out Of My Head [Extended],,,Billboard Top 100 Hits Of 2002 - 012 - Kylie Minogue - Can't Get You Out Of My Head [Extended].mp3,❓ Poor matches - potentially rare
Billboard Top 100 Hits Of 2002,092 - Janet Jackson - Son Of A Gun,,,Billboard Top 100 Hits Of 2002 - 092 - Janet Jackson - Son Of A Gun.mp3,❌ Not found - likely rare
Billboard Top 100 Hits Of 2002,060 - Ashanti - Happy,,,Billboard Top 100 Hits Of 2002 - 060 - Ashanti - Happy.mp3,❓ Poor matches - potentially rare
Billboard Top 100 Hits Of 2002,069 - Cher - Song For The Lonely,,,Billboard Top 100 Hits Of 2002 - 069 - Cher - Song For The Lonely.mp3,❓ Poor matches - potentially rare
Billboard Top 100 Hits Of 2002,039 - Craig David - Seven Days,,,Billboard Top 100 Hits Of 2002 - 039 - Craig David - Seven Days.mp3,❓ Poor matches - potentially rare
Billboard Top 100 Hits Of 2002,037 - Pink - Family Portrait,,,Billboard Top 100 Hits Of 2002 - 037 - Pink - Family Portrait.mp3,❌ Not found - likely rare
Billboard Top 100 Hits Of 2002,022 - No Doubt - Underneath It All,,,Billboard Top 100 Hits Of 2002 - 022 - No Doubt - Underneath It All.mp3,❓ Poor matches - potentially rare
Billboard Top 100 Hits Of 2002,016 - Usher Ft Ludacris - You Don't Have To Call [Remix],,,Billboard Top 100 Hits Of 2002 - 016 - Usher Ft Ludacris - You Don't Have To Call [Remix].mp3,❓ Poor matches - potentially rare
Billboard Top 100 Hits Of 2002,097 - 3LW - I Do [Wanna Get Close To You],,,Billboard Top 100 Hits Of 2002 - 097 - 3LW - I Do [Wanna Get Close To You].mp3,❓ Poor matches - potentially rare
Billboard Top 100 Hits Of 2002,047 - Brandy - Full Moon,,,Billboard Top 100 Hits Of 2002 - 047 - Brandy - Full Moon.mp3,❓ Poor matches - potentially rare
Billboard Top 100 Hits Of 2002,090 - Darren Hayes - Insatiable,,,Billboard Top 100 Hits Of 2002 - 090 - Darren Hayes - Insatiable.mp3,❓ Poor matches - potentially rare
Billboard Top 100 Hits Of 2002,085 - Soluna - For All Time,,,Billboard Top 100 Hits Of 2002 - 085 - Soluna - For All Time.mp3,❌ Not found - likely rare
Billboard Top 100 Hits Of 2002,068 - Puff Diddy And Bad Boy - I Need A Girl [Part II],,,Billboard Top 100 Hits Of 2002 - 068 - Puff Diddy And Bad Boy - I Need A Girl [Part II].mp3,❓ Poor matches - potentially rare
Billboard Top 100 Hits Of 2002,077 - Goo Goo Dolls - Here Is Gone,,,Billboard Top 100 Hits Of 2002 - 077 - Goo Goo Dolls - Here Is Gone.mp3,❓ Poor matches - potentially rare
Billboard Top 100 Hits Of 2002,049 - Mr. Cheeks Of Lost Boyz - Lights Camera Action,,,Billboard Top 100 Hits Of 2002 - 049 - Mr. Cheeks Of Lost Boyz - Lights Camera Action.mp3,❓ Poor matches - potentially rare
Billboard Top 100 Hits Of 2002,095 - Paulina Rubio - Don't Say Goodbye,,,Billboard Top 100 Hits Of 2002 - 095 - Paulina Rubio - Don't Say Goodbye.mp3,❌ Not found - likely rare
Billboard Top 100 Hits Of 2002,064 - Michael Jackson - Butterflies,,,Billboard Top 100 Hits Of 2002 - 064 - Michael Jackson - Butterflies.mp3,❓ Poor matches - potentially rare
Billboard Top 100 Hits Of 2002,053 - Ja Rule Ft Case - Living It Up,,,Billboard Top 100 Hits Of 2002 - 053 - Ja Rule Ft Case - Living It Up.mp3,❓ Poor matches - potentially rare
Billboard Top 100 Hits Of 2002,006 - Vanessa Carlton - A Thousand Miles,,,Billboard Top 100 Hits Of 2002 - 006 - Vanessa Carlton - A Thousand Miles.mp3,❓ Poor matches - potentially rare
Billboard Top 100 Hits Of 2002,096 - Seven And The Sun - Walk With Me,,,Billboard Top 100 Hits Of 2002 - 096 - Seven And The Sun - Walk With Me.mp3,❓ Poor matches - potentially rare
Billboard Top 100 Hits Of 2002,059 - Jennifer Lopez - I'm Gonna Be Alright [Trackmasters Remix],,,Billboard Top 100 Hits Of 2002 - 059 - Jennifer Lopez - I'm Gonna Be Alright [Trackmasters Remix].mp3,❌ Not found - likely rare
Billboard Top 100 Hits Of 2002,015 - Santana Ft Michelle Branch - The Game Of Love,,,Billboard Top 100 Hits Of 2002 - 015 - Santana Ft Michelle Branch - The Game Of Love.mp3,❓ Poor matches - potentially rare
Billboard Top 100 Hits Of 2002,086 - Natalie Imbruglia - Wrong Impression,,,Billboard Top 100 Hits Of 2002 - 086 - Natalie Imbruglia - Wrong Impression.mp3,❌ Not found - likely rare
Billboard Top 100 Hits Of 2002,093 - George Strait - Living And Living Well,,,Billboard Top 100 Hits Of 2002 - 093 - George Strait - Living And Living Well.mp3,❓ Poor matches - potentially rare
Billboard Top 100 Hits Of 2002,"099 - Britney Spears - I'm Not A Girl, Not Yet A Woman",,,"Billboard Top 100 Hits Of 2002 - 099 - Britney Spears - I'm Not A Girl, Not Yet A Woman.mp3",❓ Poor matches - potentially rare
Billboard Top 100 Hits Of 2002,075 - Matchbox Twenty - Disease,,,Billboard Top 100 Hits Of 2002 - 075 - Matchbox Twenty - Disease.mp3,❓ Poor matches - potentially rare
Billboard Top 100 Hits Of 2002,051 - Ja Rule Ft Ashanti - Always On Time,,,Billboard Top 100 Hits Of 2002 - 051 - Ja Rule Ft Ashanti - Always On Time.mp3,❓ Poor matches - potentially rare
Billboard Top 100 Hits Of 2002,020 - Creed - My Sacrifice,,,Billboard Top 100 Hits Of 2002 - 020 - Creed - My Sacrifice.mp3,❓ Poor matches - potentially rare
Billboard Top 100 Hits Of 2002,087 - Jewel - Standing Still,,,Billboard Top 100 Hits Of 2002 - 087 - Jewel - Standing Still.mp3,❓ Poor matches - potentially rare
Billboard Top 100 Hits Of 2002,062 - Our Lady Peace - Somewhere Out There,,,Billboard Top 100 Hits Of 2002 - 062 - Our Lady Peace - Somewhere Out There.mp3,❓ Poor matches - potentially rare
Billboard Top 100 Hits Of 2002,066 - Ja Rule And Mary J. Blige - Rainy Dayz [Remix],,,Billboard Top 100 Hits Of 2002 - 066 - Ja Rule And Mary J. Blige - Rainy Dayz [Remix].mp3,❓ Poor matches - potentially rare
Billboard Top 100 Hits Of 2002,038 - Creed - Weathered [One Last Breath],,,Billboard Top 100 Hits Of 2002 - 038 - Creed - Weathered [One Last Breath].mp3,❌ Not found - likely rare
Billboard Top 100 Hits Of 2002,071 - No Doubt - Underneath It All,,,Billboard Top 100 Hits Of 2002 - 071 - No Doubt - Underneath It All.mp3,❓ Poor matches - potentially rare
Billboard Top 100 Hits Of 2002,083 - Nickelback - Too Bad,,,Billboard Top 100 Hits Of 2002 - 083 - Nickelback - Too Bad.mp3,❓ Poor matches - potentially rare
Billboard Top 100 Hits Of 2002,055 - Angie Martinez Ft Lil Mo & Sacario - If I Could Go,,,Billboard Top 100 Hits Of 2002 - 055 - Angie Martinez Ft Lil Mo & Sacario - If I Could Go.mp3,❌ Not found - likely rare
Billboard Top 100 Hits Of 2002,045 - Shakira - Underneath Your Clothes,,,Billboard Top 100 Hits Of 2002 - 045 - Shakira - Underneath Your Clothes.mp3,❓ Poor matches - potentially rare
Billboard Top 100 Hits Of 2002,063 - India Arie - Video,,,Billboard Top 100 Hits Of 2002 - 063 - India Arie - Video.mp3,❌ Not found - likely rare
Billboard Top 100 Hits Of 2002,041 - Ashanti - Happy,,,Billboard Top 100 Hits Of 2002 - 041 - Ashanti - Happy.mp3,❓ Poor matches - potentially rare
Billboard Top 100 Hits Of 2002,091 - Celine Dion - A New Day Has Come,,,Billboard Top 100 Hits Of 2002 - 091 - Celine Dion - A New Day Has Come.mp3,❓ Poor matches - potentially rare
Billboard Top 100 Hits Of 2002,024 - Pink - Just Like A Pill,,,Billboard Top 100 Hits Of 2002 - 024 - Pink - Just Like A Pill.mp3,❓ Poor matches - potentially rare
Billboard Top 100 Hits Of 2002,088 - Paul Oakenfold - Starry Eyed Surprise,,,Billboard Top 100 Hits Of 2002 - 088 - Paul Oakenfold - Starry Eyed Surprise.mp3,❌ Not found - likely rare
Billboard Top 100 Hits Of 2002,007 - Linkin Park - In The End,,,Billboard Top 100 Hits Of 2002 - 007 - Linkin Park - In The End.mp3,❓ Poor matches - potentially rare
Billboard Top 100 Hits Of 2002,094 - Train - Something More,,,Billboard Top 100 Hits Of 2002 - 094 - Train - Something More.mp3,❓ Poor matches - potentially rare
Billboard Top 100 Hits Of 2002,061 - Mary J. Blige - No More Drama,,,Billboard Top 100 Hits Of 2002 - 061 - Mary J. Blige - No More Drama.mp3,❓ Poor matches - potentially rare
Billboard Top 100 Hits Of 2002,072 - Outkast Ft Killer Mike - The Whole World,,,Billboard Top 100 Hits Of 2002 - 072 - Outkast Ft Killer Mike - The Whole World.mp3,❌ Not found - likely rare
Billboard Top 100 Hits Of 2002,079 - Shakira - Objection [Tango] [Afro-Punk Version],,,Billboard Top 100 Hits Of 2002 - 079 - Shakira - Objection [Tango] [Afro-Punk Version].mp3,❌ Not found - likely rare
Billboard Top 100 Hits Of 2002,089 - Dave Matthews Band - Where Are You Going,,,Billboard Top 100 Hits Of 2002 - 089 - Dave Matthews Band - Where Are You Going.mp3,❓ Poor matches - potentially rare
Billboard Top 100 Hits Of 2002,052 - Nelly - #1,,,Billboard Top 100 Hits Of 2002 - 052 - Nelly - #1.mp3,❓ Poor matches - potentially rare
Billboard Top 100 Hits Of 2002,098 - Sheryl Crow - Steve McQueen,,,Billboard Top 100 Hits Of 2002 - 098 - Sheryl Crow - Steve McQueen.mp3,❌ Not found - likely rare
Billboard Top 100 Hits Of 2002,035 - DJ Sammy - Heaven [DJ Santana Remix],,,Billboard Top 100 Hits Of 2002 - 035 - DJ Sammy - Heaven [DJ Santana Remix].mp3,❓ Poor matches - potentially rare
Billboard Top 100 Hits Of 2002,046 - Puff Diddy & Bad Boy - I Need A Girl [Part I],,,Billboard Top 100 Hits Of 2002 - 046 - Puff Diddy & Bad Boy - I Need A Girl [Part I].mp3,❓ Poor matches - potentially rare
Billboard Top 100 Hits Of 2002,076 - Tweet Ft Missy Elliott - Oops [Oh My],,,Billboard Top 100 Hits Of 2002 - 076 - Tweet Ft Missy Elliott - Oops [Oh My].mp3,❌ Not found - likely rare
Billboard Top 100 Hits Of 2002,054 - Michelle Branch - Goodbye To You,,,Billboard Top 100 Hits Of 2002 - 054 - Michelle Branch - Goodbye To You.mp3,❓ Poor matches - potentially rare
Billboard Top 100 Hits Of 2002,080 - BB Mak - Out Of My Heart,,,Billboard Top 100 Hits Of 2002 - 080 - BB Mak - Out Of My Heart.mp3,❌ Not found - likely rare
Billboard Top 100 Hits Of 2002,084 - Uncle Kracker - In A Little While,,,Billboard Top 100 Hits Of 2002 - 084 - Uncle Kracker - In A Little While.mp3,❌ Not found - likely rare
Billboard Top 100 Hits Of 2002,078 - Goo Goo Dolls - Here Is Gone,,,Billboard Top 100 Hits Of 2002 - 078 - Goo Goo Dolls - Here Is Gone.mp3,❓ Poor matches - potentially rare
Billboard Top 100 Hits Of 2003,022 - B2K Ft Puff Diddy - Bump Bump Bump,,,Billboard Top 100 Hits Of 2003 - 022 - B2K Ft Puff Diddy - Bump Bump Bump.mp3,❓ Poor matches - potentially rare
Billboard Top 100 Hits Of 2003,024 - Fabolous - Can't Let You Go,,,Billboard Top 100 Hits Of 2003 - 024 - Fabolous - Can't Let You Go.mp3,❓ Poor matches - potentially rare
Billboard Top 100 Hits Of 2003,099 - Simple Plan - I'd Do Anything,,,Billboard Top 100 Hits Of 2003 - 099 - Simple Plan - I'd Do Anything.mp3,❌ Not found - likely rare
Billboard Top 100 Hits Of 2003,033 - Wayne Wonder - No Letting Go,,,Billboard Top 100 Hits Of 2003 - 033 - Wayne Wonder - No Letting Go.mp3,❓ Poor matches - potentially rare
Billboard Top 100 Hits Of 2003,098 - Bon Jovi - Misunderstood,,,Billboard Top 100 Hits Of 2003 - 098 - Bon Jovi - Misunderstood.mp3,❌ Not found - likely rare
Billboard Top 100 Hits Of 2003,073 - Jewel - Intuition,,,Billboard Top 100 Hits Of 2003 - 073 - Jewel - Intuition.mp3,❓ Poor matches - potentially rare
Billboard Top 100 Hits Of 2003,072 - Lil' Kim - The Jump Off,,,Billboard Top 100 Hits Of 2003 - 072 - Lil' Kim - The Jump Off.mp3,❓ Poor matches - potentially rare
Billboard Top 100 Hits Of 2003,008 - Aaliyah - Miss You,,,Billboard Top 100 Hits Of 2003 - 008 - Aaliyah - Miss You.mp3,❓ Poor matches - potentially rare
Billboard Top 100 Hits Of 2003,095 - Thalia Ft Fat Joe - I Want You,,,Billboard Top 100 Hits Of 2003 - 095 - Thalia Ft Fat Joe - I Want You.mp3,❓ Poor matches - potentially rare
Billboard Top 100 Hits Of 2003,070 - Puddle Of Mudd - She Hates Me,,,Billboard Top 100 Hits Of 2003 - 070 - Puddle Of Mudd - She Hates Me.mp3,❓ Poor matches - potentially rare
Billboard Top 100 Hits Of 2003,029 - No Doubt - It's My Life,,,Billboard Top 100 Hits Of 2003 - 029 - No Doubt - It's My Life.mp3,❓ Poor matches - potentially rare
Billboard Top 100 Hits Of 2003,069 - Amanda Perez - Angel,,,Billboard Top 100 Hits Of 2003 - 069 - Amanda Perez - Angel.mp3,❓ Poor matches - potentially rare
Billboard Top 100 Hits Of 2003,051 - Ludacris - Stand Up,,,Billboard Top 100 Hits Of 2003 - 051 - Ludacris - Stand Up.mp3,❓ Poor matches - potentially rare
Billboard Top 100 Hits Of 2003,053 - Santana Ft Alex Band - Why Don't You And I,,,Billboard Top 100 Hits Of 2003 - 053 - Santana Ft Alex Band - Why Don't You And I.mp3,❓ Poor matches - potentially rare
Billboard Top 100 Hits Of 2003,067 - Christina Aguilera Ft Lil' Kim - Can't Hold Us Down,,,Billboard Top 100 Hits Of 2003 - 067 - Christina Aguilera Ft Lil' Kim - Can't Hold Us Down.mp3,❓ Poor matches - potentially rare
Billboard Top 100 Hits Of 2003,052 - Jason Mraz - The Remedy [I Won't Worry],,,Billboard Top 100 Hits Of 2003 - 052 - Jason Mraz - The Remedy [I Won't Worry].mp3,❓ Poor matches - potentially rare
Billboard Top 100 Hits Of 2003,057 - Thalia [Ft Fat Joe] - I Want You,,,Billboard Top 100 Hits Of 2003 - 057 - Thalia [Ft Fat Joe] - I Want You.mp3,❓ Poor matches - potentially rare
Billboard Top 100 Hits Of 2003,036 - Missy Misdemeanor Elliott - Work It,,,Billboard Top 100 Hits Of 2003 - 036 - Missy Misdemeanor Elliott - Work It.mp3,❓ Poor matches - potentially rare
Billboard Top 100 Hits Of 2003,049 - Trapt - Headstrong,,,Billboard Top 100 Hits Of 2003 - 049 - Trapt - Headstrong.mp3,❓ Poor matches - potentially rare
Billboard Top 100 Hits Of 2003,076 - Celine Dion - I Drove All Night,,,Billboard Top 100 Hits Of 2003 - 076 - Celine Dion - I Drove All Night.mp3,❓ Poor matches - potentially rare
Billboard Top 100 Hits Of 2003,096 - Audioslave - Like A Stone,,,Billboard Top 100 Hits Of 2003 - 096 - Audioslave - Like A Stone.mp3,❓ Poor matches - potentially rare
Billboard Top 100 Hits Of 2003,061 - R. Kelly - Thoia Thoing,,,Billboard Top 100 Hits Of 2003 - 061 - R. Kelly - Thoia Thoing.mp3,❓ Poor matches - potentially rare
Billboard Top 100 Hits Of 2003,066 - Sean Paul - Like Glue,,,Billboard Top 100 Hits Of 2003 - 066 - Sean Paul - Like Glue.mp3,❓ Poor matches - potentially rare
Billboard Top 100 Hits Of 2003,046 - Young Bloodz Ft Lil' Jon - Damn,,,Billboard Top 100 Hits Of 2003 - 046 - Young Bloodz Ft Lil' Jon - Damn.mp3,❓ Poor matches - potentially rare
Billboard Top 100 Hits Of 2003,031 - Tyrese - How You Gonna Act Like That,,,Billboard Top 100 Hits Of 2003 - 031 - Tyrese - How You Gonna Act Like That.mp3,❓ Poor matches - potentially rare
Billboard Top 100 Hits Of 2003,034 - Pharrell Ft Jay-Z - Frontin,,,Billboard Top 100 Hits Of 2003 - 034 - Pharrell Ft Jay-Z - Frontin.mp3,❓ Poor matches - potentially rare
Billboard Top 100 Hits Of 2003,082 - Jaheim - Put That Woman First,,,Billboard Top 100 Hits Of 2003 - 082 - Jaheim - Put That Woman First.mp3,❓ Poor matches - potentially rare
Billboard Top 100 Hits Of 2003,071 - Frankie J - Don't Wanna Try,,,Billboard Top 100 Hits Of 2003 - 071 - Frankie J - Don't Wanna Try.mp3,❓ Poor matches - potentially rare
Billboard Top 100 Hits Of 2003,042 - Snoop Dogg Ft Pharrell Uncle - Beautiful,,,Billboard Top 100 Hits Of 2003 - 042 - Snoop Dogg Ft Pharrell Uncle - Beautiful.mp3,❓ Poor matches - potentially rare
Billboard Top 100 Hits Of 2003,060 - Daniel Bedingfield - If You're Not The One,,,Billboard Top 100 Hits Of 2003 - 060 - Daniel Bedingfield - If You're Not The One.mp3,❓ Poor matches - potentially rare
Billboard Top 100 Hits Of 2003,075 - Toby Keith Ft Willie Nelson - Beer For My Horses,,,Billboard Top 100 Hits Of 2003 - 075 - Toby Keith Ft Willie Nelson - Beer For My Horses.mp3,❌ Not found - likely rare
Billboard Top 100 Hits Of 2003,048 - John Mayer - Your Body Is A Wonderland,,,Billboard Top 100 Hits Of 2003 - 048 - John Mayer - Your Body Is A Wonderland.mp3,❓ Poor matches - potentially rare
Billboard Top 100 Hits Of 2003,041 - Jay-Z [Ft Beyonce] - Bonnie & Clyde,,,Billboard Top 100 Hits Of 2003 - 041 - Jay-Z [Ft Beyonce] - Bonnie & Clyde.mp3,❓ Poor matches - potentially rare
Billboard Top 100 Hits Of 2003,015 - Jennifer Lopez Ft LL Cool J - All I Have,,,Billboard Top 100 Hits Of 2003 - 015 - Jennifer Lopez Ft LL Cool J - All I Have.mp3,❓ Poor matches - potentially rare
Billboard Top 100 Hits Of 2003,025 - Ja Rule Ft Ashanti - Mesmerize,,,Billboard Top 100 Hits Of 2003 - 025 - Ja Rule Ft Ashanti - Mesmerize.mp3,❓ Poor matches - potentially rare
Billboard Top 100 Hits Of 2003,058 - JC Chasez - Blowin' Me Up [With Her Love],,,Billboard Top 100 Hits Of 2003 - 058 - JC Chasez - Blowin' Me Up [With Her Love].mp3,❌ Not found - likely rare
Billboard Top 100 Hits Of 2003,021 - 50 Cent Ft VA - P.I.M.P,,,Billboard Top 100 Hits Of 2003 - 021 - 50 Cent Ft VA - P.I.M.P.mp3,❓ Poor matches - potentially rare
Billboard Top 100 Hits Of 2003,023 - Fabolous Ft Tamia - Into You,,,Billboard Top 100 Hits Of 2003 - 023 - Fabolous Ft Tamia - Into You.mp3,❓ Poor matches - potentially rare
Billboard Top 100 Hits Of 2003,063 - 50 Cent - Wanksta,,,Billboard Top 100 Hits Of 2003 - 063 - 50 Cent - Wanksta.mp3,❓ Poor matches - potentially rare
Billboard Top 100 Hits Of 2003,044 - R. Kelly - Ignition,,,Billboard Top 100 Hits Of 2003 - 044 - R. Kelly - Ignition.mp3,❓ Poor matches - potentially rare
Billboard Top 100 Hits Of 2003,054 - Jay-Z - Excuse Me Miss,,,Billboard Top 100 Hits Of 2003 - 054 - Jay-Z - Excuse Me Miss.mp3,❓ Poor matches - potentially rare
Billboard Top 100 Hits Of 2003,080 - 2PAC - Thugz Mansion,,,Billboard Top 100 Hits Of 2003 - 080 - 2PAC - Thugz Mansion.mp3,❓ Poor matches - potentially rare
Billboard Top 100 Hits Of 2003,087 - Dierks Bentley - What Was I Thinkin',,,Billboard Top 100 Hits Of 2003 - 087 - Dierks Bentley - What Was I Thinkin'.mp3,❓ Poor matches - potentially rare
Billboard Top 100 Hits Of 2003,055 - Jennifer Lopez - Jenny From The Block,,,Billboard Top 100 Hits Of 2003 - 055 - Jennifer Lopez - Jenny From The Block.mp3,❓ Poor matches - potentially rare
Billboard Top 100 Hits Of 2003,091 - Lasgo - Something,,,Billboard Top 100 Hits Of 2003 - 091 - Lasgo - Something.mp3,❓ Poor matches - potentially rare
Billboard Top 100 Hits Of 2003,040 - Nelly Ft Kyjuan Ali Murphy Lee - Air Force Ones,,,Billboard Top 100 Hits Of 2003 - 040 - Nelly Ft Kyjuan Ali Murphy Lee - Air Force Ones.mp3,❓ Poor matches - potentially rare
Billboard Top 100 Hits Of 2003,"013 - Nelly, Puff Diddy, And Murphy Lee - Shake Ya Tailfeather",,,"Billboard Top 100 Hits Of 2003 - 013 - Nelly, Puff Diddy, And Murphy Lee - Shake Ya Tailfeather.mp3",❓ Poor matches - potentially rare
Billboard Top 100 Hits Of 2003,062 - 3 Doors Down - Here Without You,,,Billboard Top 100 Hits Of 2003 - 062 - 3 Doors Down - Here Without You.mp3,❓ Poor matches - potentially rare
Billboard Top 100 Hits Of 2003,037 - Jay-Z Ft Beyonce - Bonnie And Clyde,,,Billboard Top 100 Hits Of 2003 - 037 - Jay-Z Ft Beyonce - Bonnie And Clyde.mp3,❓ Poor matches - potentially rare
Billboard Top 100 Hits Of 2003,020 - 50 Cent & Lil' Kim - Magic Stick,,,Billboard Top 100 Hits Of 2003 - 020 - 50 Cent & Lil' Kim - Magic Stick.mp3,❓ Poor matches - potentially rare
Billboard Top 100 Hits Of 2003,039 - Monica - So Gone,,,Billboard Top 100 Hits Of 2003 - 039 - Monica - So Gone.mp3,❓ Poor matches - potentially rare
Billboard Top 100 Hits Of 2003,045 - Train - Calling All Angels,,,Billboard Top 100 Hits Of 2003 - 045 - Train - Calling All Angels.mp3,❓ Poor matches - potentially rare
Billboard Top 100 Hits Of 2003,079 - Christina Aguilera - Fighter,,,Billboard Top 100 Hits Of 2003 - 079 - Christina Aguilera - Fighter.mp3,❓ Poor matches - potentially rare
Billboard Top 100 Hits Of 2003,074 - Ginuwine - Hell Yeah,,,Billboard Top 100 Hits Of 2003 - 074 - Ginuwine - Hell Yeah.mp3,❓ Poor matches - potentially rare
Billboard Top 100 Hits Of 2003,084 - Mark Wills - 19 Somethin',,,Billboard Top 100 Hits Of 2003 - 084 - Mark Wills - 19 Somethin'.mp3,❓ Poor matches - potentially rare
Billboard Top 100 Hits Of 2003,027 - Santana Ft Michelle Branch - The Game Of Love,,,Billboard Top 100 Hits Of 2003 - 027 - Santana Ft Michelle Branch - The Game Of Love.mp3,❓ Poor matches - potentially rare
Billboard Top 100 Hits Of 2003,065 - Alan Jackson And Jimmy Buffett - It's Five O'Clock Somewhere,,,Billboard Top 100 Hits Of 2003 - 065 - Alan Jackson And Jimmy Buffett - It's Five O'Clock Somewhere.mp3,❓ Poor matches - potentially rare
Billboard Top 100 Hits Of 2003,077 - Baby Bash - Suga Suga,,,Billboard Top 100 Hits Of 2003 - 077 - Baby Bash - Suga Suga.mp3,❓ Poor matches - potentially rare
Billboard Top 100 Hits Of 2003,011 - Lil' Jon And The East Side Boyz F - Get Low,,,Billboard Top 100 Hits Of 2003 - 011 - Lil' Jon And The East Side Boyz F - Get Low.mp3,❓ Poor matches - potentially rare
Billboard Top 100 Hits Of 2003,090 - Darryl Worley - Have You Forgotten,,,Billboard Top 100 Hits Of 2003 - 090 - Darryl Worley - Have You Forgotten.mp3,❓ Poor matches - potentially rare
Billboard Top 100 Hits Of 2003,038 - Nivea Ft Brian And Brandon Casey - Don't Mess With My Man,,,Billboard Top 100 Hits Of 2003 - 038 - Nivea Ft Brian And Brandon Casey - Don't Mess With My Man.mp3,❓ Poor matches - potentially rare
Billboard Top 100 Hits Of 2003,043 - Missy Elliot Ft Ludacris - Gossip Folks,,,Billboard Top 100 Hits Of 2003 - 043 - Missy Elliot Ft Ludacris - Gossip Folks.mp3,❓ Poor matches - potentially rare
Billboard Top 100 Hits Of 2003,056 - Michelle Branch - Are You Happy Now,,,Billboard Top 100 Hits Of 2003 - 056 - Michelle Branch - Are You Happy Now.mp3,❓ Poor matches - potentially rare
Billboard Top 100 Hits Of 2003,012 - Beyonce Ft Sean Paul - Baby Boy,,,Billboard Top 100 Hits Of 2003 - 012 - Beyonce Ft Sean Paul - Baby Boy.mp3,❓ Poor matches - potentially rare
Billboard Top 100 Hits Of 2003,085 - Liz Phair - Why Can't I,,,Billboard Top 100 Hits Of 2003 - 085 - Liz Phair - Why Can't I.mp3,❌ Not found - likely rare
Billboard Top 100 Hits Of 2003,088 - Ruben Studdard - Flying Without Wings,,,Billboard Top 100 Hits Of 2003 - 088 - Ruben Studdard - Flying Without Wings.mp3,❓ Poor matches - potentially rare
Billboard Top 100 Hits Of 2004,081 - Tim McGraw - Live Like You Were Dying,,,Billboard Top 100 Hits Of 2004 - 081 - Tim McGraw - Live Like You Were Dying.mp3,❓ Poor matches - potentially rare
Billboard Top 100 Hits Of 2004,037 - Los Lonely Boys - Heaven,,,Billboard Top 100 Hits Of 2004 - 037 - Los Lonely Boys - Heaven.mp3,❓ Poor matches - potentially rare
Billboard Top 100 Hits Of 2004,"052 - Houston Ft Chingy, Nate Dogg & I-20 - I Like That",,,"Billboard Top 100 Hits Of 2004 - 052 - Houston Ft Chingy, Nate Dogg & I-20 - I Like That.mp3",❓ Poor matches - potentially rare
Billboard Top 100 Hits Of 2004,096 - Nelly Ft Tim McGraw - Over And Over,,,Billboard Top 100 Hits Of 2004 - 096 - Nelly Ft Tim McGraw - Over And Over.mp3,❓ Poor matches - potentially rare
Billboard Top 100 Hits Of 2004,098 - Eminem - Just Lose It,,,Billboard Top 100 Hits Of 2004 - 098 - Eminem - Just Lose It.mp3,❓ Poor matches - potentially rare
Billboard Top 100 Hits Of 2004,072 - Monica - U Should've Known Better,,,Billboard Top 100 Hits Of 2004 - 072 - Monica - U Should've Known Better.mp3,❓ Poor matches - potentially rare
Billboard Top 100 Hits Of 2004,091 - Jay-Z - Change Clothes,,,Billboard Top 100 Hits Of 2004 - 091 - Jay-Z - Change Clothes.mp3,❓ Poor matches - potentially rare
Billboard Top 100 Hits Of 2004,058 - Destiny's Child - Lose My Breath,,,Billboard Top 100 Hits Of 2004 - 058 - Destiny's Child - Lose My Breath.mp3,❓ Poor matches - potentially rare
Billboard Top 100 Hits Of 2004,087 - Chingy Ft Ludacris & Snoop Dogg - Holidae In,,,Billboard Top 100 Hits Of 2004 - 087 - Chingy Ft Ludacris & Snoop Dogg - Holidae In.mp3,❓ Poor matches - potentially rare
Billboard Top 100 Hits Of 2004,013 - Juvenile Ft Soulja Slim - Slow Motion,,,Billboard Top 100 Hits Of 2004 - 013 - Juvenile Ft Soulja Slim - Slow Motion.mp3,❓ Poor matches - potentially rare
Billboard Top 100 Hits Of 2004,075 - Santana Ft Chad Kroger - Why Don't You & I,,,Billboard Top 100 Hits Of 2004 - 075 - Santana Ft Chad Kroger - Why Don't You & I.mp3,❓ Poor matches - potentially rare
Billboard Top 100 Hits Of 2004,025 - Chingy - One Call Away,,,Billboard Top 100 Hits Of 2004 - 025 - Chingy - One Call Away.mp3,❓ Poor matches - potentially rare
Billboard Top 100 Hits Of 2004,070 - Lil' Jon & The East Side Boyz Ft Ying Yang Twins - Get Low,,,Billboard Top 100 Hits Of 2004 - 070 - Lil' Jon & The East Side Boyz Ft Ying Yang Twins - Get Low.mp3,❓ Poor matches - potentially rare
Billboard Top 100 Hits Of 2004,099 - John Michael Montgomery - Letters From Home,,,Billboard Top 100 Hits Of 2004 - 099 - John Michael Montgomery - Letters From Home.mp3,❓ Poor matches - potentially rare
Billboard Top 100 Hits Of 2004,021 - Jay-Z - Dirt Off Your Shoulder,,,Billboard Top 100 Hits Of 2004 - 021 - Jay-Z - Dirt Off Your Shoulder.mp3,❓ Poor matches - potentially rare
Billboard Top 100 Hits Of 2004,029 - Alicia Keys - You Don't Know My Name,,,Billboard Top 100 Hits Of 2004 - 029 - Alicia Keys - You Don't Know My Name.mp3,❓ Poor matches - potentially rare
Billboard Top 100 Hits Of 2004,074 - Kelly Clarkson - Breakaway,,,Billboard Top 100 Hits Of 2004 - 074 - Kelly Clarkson - Breakaway.mp3,❓ Poor matches - potentially rare
Billboard Top 100 Hits Of 2004,073 - Ryan Cabrera - On The Way Down,,,Billboard Top 100 Hits Of 2004 - 073 - Ryan Cabrera - On The Way Down.mp3,❓ Poor matches - potentially rare
Billboard Top 100 Hits Of 2004,033 - Linkin Park - Numb,,,Billboard Top 100 Hits Of 2004 - 033 - Linkin Park - Numb.mp3,❓ Poor matches - potentially rare
Billboard Top 100 Hits Of 2004,049 - Ying Yang Twins Ft Lil' Jon & The East Side Boyz - Salt Shaker,,,Billboard Top 100 Hits Of 2004 - 049 - Ying Yang Twins Ft Lil' Jon & The East Side Boyz - Salt Shaker.mp3,❓ Poor matches - potentially rare
Billboard Top 100 Hits Of 2004,059 - D12 - My Band,,,Billboard Top 100 Hits Of 2004 - 059 - D12 - My Band.mp3,❓ Poor matches - potentially rare
Billboard Top 100 Hits Of 2004,064 - Avant - Read Your Mind,,,Billboard Top 100 Hits Of 2004 - 064 - Avant - Read Your Mind.mp3,❓ Poor matches - potentially rare
Billboard Top 100 Hits Of 2004,082 - Alan Jackson - Remember When,,,Billboard Top 100 Hits Of 2004 - 082 - Alan Jackson - Remember When.mp3,❓ Poor matches - potentially rare
Billboard Top 100 Hits Of 2004,042 - Ludacris - Splash Waterfalls,,,Billboard Top 100 Hits Of 2004 - 042 - Ludacris - Splash Waterfalls.mp3,❓ Poor matches - potentially rare
Billboard Top 100 Hits Of 2004,090 - Toby Keith - American Soldier,,,Billboard Top 100 Hits Of 2004 - 090 - Toby Keith - American Soldier.mp3,❓ Poor matches - potentially rare
Billboard Top 100 Hits Of 2004,080 - Nick Cannon Ft R. Kelly - Gigolo,,,Billboard Top 100 Hits Of 2004 - 080 - Nick Cannon Ft R. Kelly - Gigolo.mp3,❓ Poor matches - potentially rare
Billboard Top 100 Hits Of 2004,066 - Finger Eleven - One Thing,,,Billboard Top 100 Hits Of 2004 - 066 - Finger Eleven - One Thing.mp3,❓ Poor matches - potentially rare
Billboard Top 100 Hits Of 2004,079 - Linkin Park - Breaking The Habit,,,Billboard Top 100 Hits Of 2004 - 079 - Linkin Park - Breaking The Habit.mp3,❓ Poor matches - potentially rare
Billboard Top 100 Hits Of 2004,060 - Sean Paul Ft Sasha - I'm Still In Love With You,,,Billboard Top 100 Hits Of 2004 - 060 - Sean Paul Ft Sasha - I'm Still In Love With You.mp3,❓ Poor matches - potentially rare
Billboard Top 100 Hits Of 2004,051 - Switchfoot - Meant To Live,,,Billboard Top 100 Hits Of 2004 - 051 - Switchfoot - Meant To Live.mp3,❓ Poor matches - potentially rare
Billboard Top 100 Hits Of 2004,047 - Kanye West Ft Syleena Johnson - All Falls Down,,,Billboard Top 100 Hits Of 2004 - 047 - Kanye West Ft Syleena Johnson - All Falls Down.mp3,❓ Poor matches - potentially rare
Billboard Top 100 Hits Of 2004,045 - Ludacris - Stand Up,,,Billboard Top 100 Hits Of 2004 - 045 - Ludacris - Stand Up.mp3,❓ Poor matches - potentially rare
Billboard Top 100 Hits Of 2004,007 - Mario Winans Ft Enya & Puff Diddy - I Don't Wanna Know,,,Billboard Top 100 Hits Of 2004 - 007 - Mario Winans Ft Enya & Puff Diddy - I Don't Wanna Know.mp3,❓ Poor matches - potentially rare
Billboard Top 100 Hits Of 2004,089 - Kenny Chesney & Uncle Kracker - When The Sun Goes Down,,,Billboard Top 100 Hits Of 2004 - 089 - Kenny Chesney & Uncle Kracker - When The Sun Goes Down.mp3,❓ Poor matches - potentially rare
Billboard Top 100 Hits Of 2004,086 - G-Unit Ft Joe - Wanna Get To Know You,,,Billboard Top 100 Hits Of 2004 - 086 - G-Unit Ft Joe - Wanna Get To Know You.mp3,❓ Poor matches - potentially rare
Billboard Top 100 Hits Of 2004,057 - Jagged Edge - Walked Outta Heaven,,,Billboard Top 100 Hits Of 2004 - 057 - Jagged Edge - Walked Outta Heaven.mp3,❓ Poor matches - potentially rare
Billboard Top 100 Hits Of 2004,068 - Young Bloodz F Lil' Jon - Damn!,,,Billboard Top 100 Hits Of 2004 - 068 - Young Bloodz F Lil' Jon - Damn!.mp3,❌ Not found - likely rare
Billboard Top 100 Hits Of 2004,097 - Gretchen Wilson - Redneck Woman,,,Billboard Top 100 Hits Of 2004 - 097 - Gretchen Wilson - Redneck Woman.mp3,❓ Poor matches - potentially rare
Billboard Top 100 Hits Of 2004,078 - R. Kelly - Step In The Name Of Love [Remix],,,Billboard Top 100 Hits Of 2004 - 078 - R. Kelly - Step In The Name Of Love [Remix].mp3,❓ Poor matches - potentially rare
Billboard Top 100 Hits Of 2004,065 - Lil' Flip - Game Over [Flip],,,Billboard Top 100 Hits Of 2004 - 065 - Lil' Flip - Game Over [Flip].mp3,❓ Poor matches - potentially rare
Billboard Top 100 Hits Of 2004,035 - Maroon 5 - She Will Be Loved,,,Billboard Top 100 Hits Of 2004 - 035 - Maroon 5 - She Will Be Loved.mp3,❓ Poor matches - potentially rare
Billboard Top 100 Hits Of 2004,094 - R. Kelly - Happy People,,,Billboard Top 100 Hits Of 2004 - 094 - R. Kelly - Happy People.mp3,❓ Poor matches - potentially rare
Billboard Top 100 Hits Of 2004,032 - Cassidy Ft R. Kelly - Hotel,,,Billboard Top 100 Hits Of 2004 - 032 - Cassidy Ft R. Kelly - Hotel.mp3,❓ Poor matches - potentially rare
Billboard Top 100 Hits Of 2004,018 - Beyonce - Naughty Girl,,,Billboard Top 100 Hits Of 2004 - 018 - Beyonce - Naughty Girl.mp3,❓ Poor matches - potentially rare
Billboard Top 100 Hits Of 2004,020 - Lil' Flip Ft Lea - Sunshine,,,Billboard Top 100 Hits Of 2004 - 020 - Lil' Flip Ft Lea - Sunshine.mp3,❓ Poor matches - potentially rare
Billboard Top 100 Hits Of 2004,088 - Black Eyed Peas - Let's Get It Started,,,Billboard Top 100 Hits Of 2004 - 088 - Black Eyed Peas - Let's Get It Started.mp3,❓ Poor matches - potentially rare
Billboard Top 100 Hits Of 2004,083 - Britney Spears - Everytime,,,Billboard Top 100 Hits Of 2004 - 083 - Britney Spears - Everytime.mp3,❓ Poor matches - potentially rare
Billboard Top 100 Hits Of 2004,046 - Baby Bash Ft Frankie J - Suga Suga,,,Billboard Top 100 Hits Of 2004 - 046 - Baby Bash Ft Frankie J - Suga Suga.mp3,❓ Poor matches - potentially rare
Billboard Top 100 Hits Of 2004,024 - Usher And Alicia Keys - My Boo,,,Billboard Top 100 Hits Of 2004 - 024 - Usher And Alicia Keys - My Boo.mp3,❓ Poor matches - potentially rare
Billboard Top 100 Hits Of 2004,043 - Kanye West - Jesus Walks,,,Billboard Top 100 Hits Of 2004 - 043 - Kanye West - Jesus Walks.mp3,❓ Poor matches - potentially rare
Billboard Top 100 Hits Of 2004,084 - Lloyd Ft Ashanti - Southside,,,Billboard Top 100 Hits Of 2004 - 084 - Lloyd Ft Ashanti - Southside.mp3,❌ Not found - likely rare
Billboard Top 100 Hits Of 2004,014 - Petey Pablo - Freek-A-Leek,,,Billboard Top 100 Hits Of 2004 - 014 - Petey Pablo - Freek-A-Leek.mp3,❓ Poor matches - potentially rare
Billboard Top 100 Hits Of 2004,093 - Keith Urban - You'll Think Of Me,,,Billboard Top 100 Hits Of 2004 - 093 - Keith Urban - You'll Think Of Me.mp3,❓ Poor matches - potentially rare
Billboard Top 100 Hits Of 2004,056 - Outkast - Roses,,,Billboard Top 100 Hits Of 2004 - 056 - Outkast - Roses.mp3,❓ Poor matches - potentially rare
Billboard Top 100 Hits Of 2004,076 - Jet - Are You Gonna Be My Girl,,,Billboard Top 100 Hits Of 2004 - 076 - Jet - Are You Gonna Be My Girl.mp3,❓ Poor matches - potentially rare
Billboard Top 100 Hits Of 2004,063 - Eamon - Fuck It [I Don't Want You Back],,,Billboard Top 100 Hits Of 2004 - 063 - Eamon - Fuck It [I Don't Want You Back].mp3,❌ Not found - likely rare
Billboard Top 100 Hits Of 2004,034 - Alicia Keys Ft Tony! Toni! Tone! - Diary,,,Billboard Top 100 Hits Of 2004 - 034 - Alicia Keys Ft Tony! Toni! Tone! - Diary.mp3,❓ Poor matches - potentially rare
Billboard Top 100 Hits Of 2004,061 - Kanye West - Through The Wire,,,Billboard Top 100 Hits Of 2004 - 061 - Kanye West - Through The Wire.mp3,❓ Poor matches - potentially rare
Billboard Top 100 Hits Of 2004,069 - Beyonce Ft Sean Paul - Baby Boy,,,Billboard Top 100 Hits Of 2004 - 069 - Beyonce Ft Sean Paul - Baby Boy.mp3,❓ Poor matches - potentially rare
Billboard Top 100 Hits Of 2004,085 - Beenie Man Ft Ms Thing - Dude,,,Billboard Top 100 Hits Of 2004 - 085 - Beenie Man Ft Ms Thing - Dude.mp3,❓ Poor matches - potentially rare
Billboard Top 100 Hits Of 2004,030 - Nelly - My Place,,,Billboard Top 100 Hits Of 2004 - 030 - Nelly - My Place.mp3,❓ Poor matches - potentially rare
Billboard Top 100 Hits Of 2004,062 - Jadakiss - Why,,,Billboard Top 100 Hits Of 2004 - 062 - Jadakiss - Why.mp3,❓ Poor matches - potentially rare
Billboard Top 100 Hits Of 2004,027 - Kevin Lyttle Ft Spragga Benz - Turn Me On,,,Billboard Top 100 Hits Of 2004 - 027 - Kevin Lyttle Ft Spragga Benz - Turn Me On.mp3,❓ Poor matches - potentially rare
Billboard Top 100 Hits Of 2004,067 - LL Cool J - Headsprung,,,Billboard Top 100 Hits Of 2004 - 067 - LL Cool J - Headsprung.mp3,❓ Poor matches - potentially rare
Billboard Top 100 Hits Of 2005,089 - The Click Five - Just The Girl,,,Billboard Top 100 Hits Of 2005 - 089 - The Click Five - Just The Girl.mp3,❓ Poor matches - potentially rare
Billboard Top 100 Hits Of 2005,091 - Omarion - O,,,Billboard Top 100 Hits Of 2005 - 091 - Omarion - O.mp3,❓ Poor matches - potentially rare
Billboard Top 100 Hits Of 2005,041 - Pretty Ricky - Grind With Me,,,Billboard Top 100 Hits Of 2005 - 041 - Pretty Ricky - Grind With Me.mp3,❓ Poor matches - potentially rare
Billboard Top 100 Hits Of 2005,042 - Chris Brown - Run It,,,Billboard Top 100 Hits Of 2005 - 042 - Chris Brown - Run It.mp3,❓ Poor matches - potentially rare
Billboard Top 100 Hits Of 2005,047 - Bobby Valentino - Slow Down,,,Billboard Top 100 Hits Of 2005 - 047 - Bobby Valentino - Slow Down.mp3,❓ Poor matches - potentially rare
Billboard Top 100 Hits Of 2005,017 - 50 Cent - Just A Lil Bit,,,Billboard Top 100 Hits Of 2005 - 017 - 50 Cent - Just A Lil Bit.mp3,❓ Poor matches - potentially rare
Billboard Top 100 Hits Of 2005,051 - David Banner - Play,,,Billboard Top 100 Hits Of 2005 - 051 - David Banner - Play.mp3,❓ Poor matches - potentially rare
Billboard Top 100 Hits Of 2005,073 - Fantasia Barrino - Truth Is,,,Billboard Top 100 Hits Of 2005 - 073 - Fantasia Barrino - Truth Is.mp3,❓ Poor matches - potentially rare
Billboard Top 100 Hits Of 2005,079 - T.I. - U Don't Know Me,,,Billboard Top 100 Hits Of 2005 - 079 - T.I. - U Don't Know Me.mp3,❓ Poor matches - potentially rare
Billboard Top 100 Hits Of 2005,054 - Usher & Alicia Keys - My Boo,,,Billboard Top 100 Hits Of 2005 - 054 - Usher & Alicia Keys - My Boo.mp3,❓ Poor matches - potentially rare
Billboard Top 100 Hits Of 2005,056 - Alicia Keys - Karma,,,Billboard Top 100 Hits Of 2005 - 056 - Alicia Keys - Karma.mp3,❓ Poor matches - potentially rare
Billboard Top 100 Hits Of 2005,070 - Natalie - Goin' Crazy,,,Billboard Top 100 Hits Of 2005 - 070 - Natalie - Goin' Crazy.mp3,❓ Poor matches - potentially rare
Billboard Top 100 Hits Of 2005,087 - John Legend - Ordinary People,,,Billboard Top 100 Hits Of 2005 - 087 - John Legend - Ordinary People.mp3,❓ Poor matches - potentially rare
Billboard Top 100 Hits Of 2005,090 - Ryan Cabrera - True,,,Billboard Top 100 Hits Of 2005 - 090 - Ryan Cabrera - True.mp3,❓ Poor matches - potentially rare
Billboard Top 100 Hits Of 2005,034 - Usher - Caught Up,,,Billboard Top 100 Hits Of 2005 - 034 - Usher - Caught Up.mp3,❓ Poor matches - potentially rare
Billboard Top 100 Hits Of 2005,025 - Lil' Jon Ft Ludacris & Usher - Lovers And Friends,,,Billboard Top 100 Hits Of 2005 - 025 - Lil' Jon Ft Ludacris & Usher - Lovers And Friends.mp3,❓ Poor matches - potentially rare
Billboard Top 100 Hits Of 2005,083 - John Mayer - Daughters,,,Billboard Top 100 Hits Of 2005 - 083 - John Mayer - Daughters.mp3,❓ Poor matches - potentially rare
Billboard Top 100 Hits Of 2005,086 - Destiny's Child - Lose My Breath,,,Billboard Top 100 Hits Of 2005 - 086 - Destiny's Child - Lose My Breath.mp3,❓ Poor matches - potentially rare
Billboard Top 100 Hits Of 2005,072 - Kelly Clarkson - Because Of You,,,Billboard Top 100 Hits Of 2005 - 072 - Kelly Clarkson - Because Of You.mp3,❓ Poor matches - potentially rare
Billboard Top 100 Hits Of 2005,067 - Amerie - One Thing,,,Billboard Top 100 Hits Of 2005 - 067 - Amerie - One Thing.mp3,❓ Poor matches - potentially rare
Billboard Top 100 Hits Of 2005,075 - Jesse McCartney - Beautiful Soul,,,Billboard Top 100 Hits Of 2005 - 075 - Jesse McCartney - Beautiful Soul.mp3,❓ Poor matches - potentially rare
Billboard Top 100 Hits Of 2005,019 - The Game Ft 50 Cent - How We Do,,,Billboard Top 100 Hits Of 2005 - 019 - The Game Ft 50 Cent - How We Do.mp3,❓ Poor matches - potentially rare
Billboard Top 100 Hits Of 2005,055 - Trick Daddy Ft Ludacris & Lil' Kim & Cee-Lo - Sugar Gimme Some,,,Billboard Top 100 Hits Of 2005 - 055 - Trick Daddy Ft Ludacris & Lil' Kim & Cee-Lo - Sugar Gimme Some.mp3,❓ Poor matches - potentially rare
Billboard Top 100 Hits Of 2005,046 - Green Day - Wake Me Up When September Ends,,,Billboard Top 100 Hits Of 2005 - 046 - Green Day - Wake Me Up When September Ends.mp3,❓ Poor matches - potentially rare
Billboard Top 100 Hits Of 2005,077 - Ludacris - Red Light District - Get Back [Dirty],,,Billboard Top 100 Hits Of 2005 - 077 - Ludacris - Red Light District - Get Back [Dirty].mp3,❌ Not found - likely rare
Billboard Top 100 Hits Of 2005,020 - Weezer - Beverly Hills,,,Billboard Top 100 Hits Of 2005 - 020 - Weezer - Beverly Hills.mp3,❓ Poor matches - potentially rare
Billboard Top 100 Hits Of 2005,014 - Missy Elliott Ft Ciara & Fatman Scoop - Lose Controle,,,Billboard Top 100 Hits Of 2005 - 014 - Missy Elliott Ft Ciara & Fatman Scoop - Lose Controle.mp3,❓ Poor matches - potentially rare
Billboard Top 100 Hits Of 2005,028 - Will Smith - Switch,,,Billboard Top 100 Hits Of 2005 - 028 - Will Smith - Switch.mp3,❓ Poor matches - potentially rare
Billboard Top 100 Hits Of 2005,021 - Ciara Ft Ludacris - Oh,,,Billboard Top 100 Hits Of 2005 - 021 - Ciara Ft Ludacris - Oh.mp3,❓ Poor matches - potentially rare
Billboard Top 100 Hits Of 2005,078 - 50 Cent Ft Mobb Deep - Outta Control Remix,,,Billboard Top 100 Hits Of 2005 - 078 - 50 Cent Ft Mobb Deep - Outta Control Remix.mp3,❓ Poor matches - potentially rare
Billboard Top 100 Hits Of 2005,"085 - Brooke Valentine, Big Boi & Lil' Jon - Girlfight",,,"Billboard Top 100 Hits Of 2005 - 085 - Brooke Valentine, Big Boi & Lil' Jon - Girlfight.mp3",❓ Poor matches - potentially rare
Billboard Top 100 Hits Of 2005,058 - Gavin Degraw - I Don't Want To Be,,,Billboard Top 100 Hits Of 2005 - 058 - Gavin Degraw - I Don't Want To Be.mp3,❓ Poor matches - potentially rare
Billboard Top 100 Hits Of 2005,053 - Ludacris Ft Bobby Valentino - Pimpin' All Over The World,,,Billboard Top 100 Hits Of 2005 - 053 - Ludacris Ft Bobby Valentino - Pimpin' All Over The World.mp3,❓ Poor matches - potentially rare
Billboard Top 100 Hits Of 2005,071 - Carrie Underwood - Inside Your Heaven,,,Billboard Top 100 Hits Of 2005 - 071 - Carrie Underwood - Inside Your Heaven.mp3,❓ Poor matches - potentially rare
Billboard Top 100 Hits Of 2005,007 - Green Day - Boulevard Of Broken Dreams,,,Billboard Top 100 Hits Of 2005 - 007 - Green Day - Boulevard Of Broken Dreams.mp3,❓ Poor matches - potentially rare
Billboard Top 100 Hits Of 2005,057 - Coldplay - Speed Of Sound,,,Billboard Top 100 Hits Of 2005 - 057 - Coldplay - Speed Of Sound.mp3,❓ Poor matches - potentially rare
Billboard Top 100 Hits Of 2005,088 - Sean Paul - We Will Be Burning,,,Billboard Top 100 Hits Of 2005 - 088 - Sean Paul - We Will Be Burning.mp3,❓ Poor matches - potentially rare
Billboard Top 100 Hits Of 2005,060 - Shakira Ft Alejandro Sanz - La Tortura,,,Billboard Top 100 Hits Of 2005 - 060 - Shakira Ft Alejandro Sanz - La Tortura.mp3,❓ Poor matches - potentially rare
Billboard Top 100 Hits Of 2005,024 - The Game Ft 50 Cent - Hate It Or Love It,,,Billboard Top 100 Hits Of 2005 - 024 - The Game Ft 50 Cent - Hate It Or Love It.mp3,❓ Poor matches - potentially rare
Billboard Top 100 Hits Of 2005,038 - 3 Doors Down - Let Me Go,,,Billboard Top 100 Hits Of 2005 - 038 - 3 Doors Down - Let Me Go.mp3,❓ Poor matches - potentially rare
Billboard Top 100 Hits Of 2005,098 - Faith Hill - Mississippi Girl,,,Billboard Top 100 Hits Of 2005 - 098 - Faith Hill - Mississippi Girl.mp3,❓ Poor matches - potentially rare
Billboard Top 100 Hits Of 2005,066 - Destiny's Child - Carter 2 U,,,Billboard Top 100 Hits Of 2005 - 066 - Destiny's Child - Carter 2 U.mp3,❌ Not found - likely rare
Billboard Top 100 Hits Of 2005,080 - Natasha Bedingfield - These Words Are My Own,,,Billboard Top 100 Hits Of 2005 - 080 - Natasha Bedingfield - These Words Are My Own.mp3,❓ Poor matches - potentially rare
Billboard Top 100 Hits Of 2005,096 - Gavin Degraw - Chariot,,,Billboard Top 100 Hits Of 2005 - 096 - Gavin Degraw - Chariot.mp3,❓ Poor matches - potentially rare
Billboard Top 100 Hits Of 2005,048 - Nelly Ft Tim McGraw - Over And Over,,,Billboard Top 100 Hits Of 2005 - 048 - Nelly Ft Tim McGraw - Over And Over.mp3,❓ Poor matches - potentially rare
Billboard Top 100 Hits Of 2005,049 - Trillville Ft Cutty - Some Cut,,,Billboard Top 100 Hits Of 2005 - 049 - Trillville Ft Cutty - Some Cut.mp3,❓ Poor matches - potentially rare
Billboard Top 100 Hits Of 2005,100 - Weebie Ft Bun B - Give Me That,,,Billboard Top 100 Hits Of 2005 - 100 - Weebie Ft Bun B - Give Me That.mp3,❓ Poor matches - potentially rare
Billboard Top 100 Hits Of 2005,064 - Backstreet Boys - Incomplete,,,Billboard Top 100 Hits Of 2005 - 064 - Backstreet Boys - Incomplete.mp3,❓ Poor matches - potentially rare
Billboard Top 100 Hits Of 2005,029 - Bow Wow Ft Omarion - Let Me Hold You,,,Billboard Top 100 Hits Of 2005 - 029 - Bow Wow Ft Omarion - Let Me Hold You.mp3,❓ Poor matches - potentially rare
Billboard Top 100 Hits Of 2005,062 - Baby Bash Ft Akon - I'm Back,,,Billboard Top 100 Hits Of 2005 - 062 - Baby Bash Ft Akon - I'm Back.mp3,❓ Poor matches - potentially rare
Billboard Top 100 Hits Of 2005,099 - Ludacris - Number One Spot,,,Billboard Top 100 Hits Of 2005 - 099 - Ludacris - Number One Spot.mp3,❓ Poor matches - potentially rare
Billboard Top 100 Hits Of 2005,050 - Fat Joe Ft Nelly - Get It Poppin',,,Billboard Top 100 Hits Of 2005 - 050 - Fat Joe Ft Nelly - Get It Poppin'.mp3,❓ Poor matches - potentially rare
Billboard Top 100 Hits Of 2005,035 - DHT - Listen To Your Heart,,,Billboard Top 100 Hits Of 2005 - 035 - DHT - Listen To Your Heart.mp3,❓ Poor matches - potentially rare
Billboard Top 100 Hits Of 2005,052 - Young Jeezy Ft Akon - Soul Survivor,,,Billboard Top 100 Hits Of 2005 - 052 - Young Jeezy Ft Akon - Soul Survivor.mp3,❓ Poor matches - potentially rare
Billboard Top 100 Hits Of 2005,063 - Ying Yang Twins - Wait [The Whisper Song],,,Billboard Top 100 Hits Of 2005 - 063 - Ying Yang Twins - Wait [The Whisper Song].mp3,❓ Poor matches - potentially rare
Billboard Top 100 Hits Of 2005,033 - Frankie J Ft Baby Bash - Obsession [No Es Amor],,,Billboard Top 100 Hits Of 2005 - 033 - Frankie J Ft Baby Bash - Obsession [No Es Amor].mp3,❓ Poor matches - potentially rare
Billboard Top 100 Hits Of 2005,084 - Toby Keith - As Good As I Once Was,,,Billboard Top 100 Hits Of 2005 - 084 - Toby Keith - As Good As I Once Was.mp3,❓ Poor matches - potentially rare
Billboard Top 100 Hits Of 2005,092 - Mike Jones - Back Then,,,Billboard Top 100 Hits Of 2005 - 092 - Mike Jones - Back Then.mp3,❓ Poor matches - potentially rare
Billboard Top 100 Hits Of 2005,093 - Jay-Z Ft Linkin Park - Numb Encore,,,Billboard Top 100 Hits Of 2005 - 093 - Jay-Z Ft Linkin Park - Numb Encore.mp3,❓ Poor matches - potentially rare
Billboard Top 100 Hits Of 2005,044 - Akon - Mrlonely,,,Billboard Top 100 Hits Of 2005 - 044 - Akon - Mrlonely.mp3,❓ Poor matches - potentially rare
Billboard Top 100 Hits Of 2005,097 - 112 Ft Foxy Brown - U Already Know,,,Billboard Top 100 Hits Of 2005 - 097 - 112 Ft Foxy Brown - U Already Know.mp3,❓ Poor matches - potentially rare
Billboard Top 100 Hits Of 2006,044 - Chris Brown - Yo [Excuse Me Miss],,,Billboard Top 100 Hits Of 2006 - 044 - Chris Brown - Yo [Excuse Me Miss].mp3,❓ Poor matches - potentially rare
Billboard Top 100 Hits Of 2006,021 - The All-American Rejects - Move Along,,,Billboard Top 100 Hits Of 2006 - 021 - The All-American Rejects - Move Along.mp3,❓ Poor matches - potentially rare
Billboard Top 100 Hits Of 2006,056 - Cherish Ft Sean Paul Of The Young Bloodz - Do It To It,,,Billboard Top 100 Hits Of 2006 - 056 - Cherish Ft Sean Paul Of The Young Bloodz - Do It To It.mp3,❓ Poor matches - potentially rare
Billboard Top 100 Hits Of 2006,020 - Panic! At The Disco - I Write Sins Not Tragedies,,,Billboard Top 100 Hits Of 2006 - 020 - Panic! At The Disco - I Write Sins Not Tragedies.mp3,❓ Poor matches - potentially rare
Billboard Top 100 Hits Of 2006,097 - Gorillaz - Feel Good Inc,,,Billboard Top 100 Hits Of 2006 - 097 - Gorillaz - Feel Good Inc.mp3,❓ Poor matches - potentially rare
Billboard Top 100 Hits Of 2006,100 - Teddy Geiger - For You I Will [Confidence],,,Billboard Top 100 Hits Of 2006 - 100 - Teddy Geiger - For You I Will [Confidence].mp3,❓ Poor matches - potentially rare
Billboard Top 100 Hits Of 2006,057 - KT Tunstall - Black Horse & The Cherry Tree,,,Billboard Top 100 Hits Of 2006 - 057 - KT Tunstall - Black Horse & The Cherry Tree.mp3,❓ Poor matches - potentially rare
Billboard Top 100 Hits Of 2006,007 - Gnarls Barkley - Crazy,,,Billboard Top 100 Hits Of 2006 - 007 - Gnarls Barkley - Crazy.mp3,❓ Poor matches - potentially rare
Billboard Top 100 Hits Of 2006,031 - Cascada - Everytime We Touch,,,Billboard Top 100 Hits Of 2006 - 031 - Cascada - Everytime We Touch.mp3,❓ Poor matches - potentially rare
Billboard Top 100 Hits Of 2006,037 - Sean Paul Ft Keyshia Cole - When You Gonna [Give It Up To Me],,,Billboard Top 100 Hits Of 2006 - 037 - Sean Paul Ft Keyshia Cole - When You Gonna [Give It Up To Me].mp3,❓ Poor matches - potentially rare
Billboard Top 100 Hits Of 2006,070 - Yung Joc Ft Brandy 'Ms. B.' Hambrick - I Know You See It,,,Billboard Top 100 Hits Of 2006 - 070 - Yung Joc Ft Brandy 'Ms. B.' Hambrick - I Know You See It.mp3,❌ Not found - likely rare
Billboard Top 100 Hits Of 2006,099 - Taylor Hicks - Do I Make You Proud,,,Billboard Top 100 Hits Of 2006 - 099 - Taylor Hicks - Do I Make You Proud.mp3,❌ Not found - likely rare
Billboard Top 100 Hits Of 2006,092 - Three Six Mafia - Stay Fly,,,Billboard Top 100 Hits Of 2006 - 092 - Three Six Mafia - Stay Fly.mp3,❓ Poor matches - potentially rare
Billboard Top 100 Hits Of 2006,045 - Kelly Clarkson - Walk Away,,,Billboard Top 100 Hits Of 2006 - 045 - Kelly Clarkson - Walk Away.mp3,❓ Poor matches - potentially rare
Billboard Top 100 Hits Of 2006,081 - Sean Paul - We Will Be Burning,,,Billboard Top 100 Hits Of 2006 - 081 - Sean Paul - We Will Be Burning.mp3,❓ Poor matches - potentially rare
Billboard Top 100 Hits Of 2006,024 - Lil' Jon Ft E-40 & Sean Paul Of The Young Bloodz - Snap Yo Fingers,,,Billboard Top 100 Hits Of 2006 - 024 - Lil' Jon Ft E-40 & Sean Paul Of The Young Bloodz - Snap Yo Fingers.mp3,❓ Poor matches - potentially rare
Billboard Top 100 Hits Of 2006,015 - The Pussycat Dolls - Buttons,,,Billboard Top 100 Hits Of 2006 - 015 - The Pussycat Dolls - Buttons.mp3,❓ Poor matches - potentially rare
Billboard Top 100 Hits Of 2006,041 - T-Pain Ft Mike Jones - I'm N Luv Wit A Stripper,,,Billboard Top 100 Hits Of 2006 - 041 - T-Pain Ft Mike Jones - I'm N Luv Wit A Stripper.mp3,❓ Poor matches - potentially rare
Billboard Top 100 Hits Of 2006,084 - Pussycat Dolls Ft Will.I.Am - Beep,,,Billboard Top 100 Hits Of 2006 - 084 - Pussycat Dolls Ft Will.I.Am - Beep.mp3,❓ Poor matches - potentially rare
Billboard Top 100 Hits Of 2006,079 - Danity Kane - Show Stopper,,,Billboard Top 100 Hits Of 2006 - 079 - Danity Kane - Show Stopper.mp3,❓ Poor matches - potentially rare
Billboard Top 100 Hits Of 2006,075 - Beyonce Ft Jay-Z - Deja Vu,,,Billboard Top 100 Hits Of 2006 - 075 - Beyonce Ft Jay-Z - Deja Vu.mp3,❓ Poor matches - potentially rare
Billboard Top 100 Hits Of 2006,098 - T-Pain - I'm Sprung,,,Billboard Top 100 Hits Of 2006 - 098 - T-Pain - I'm Sprung.mp3,❓ Poor matches - potentially rare
Billboard Top 100 Hits Of 2006,035 - Ludacris Ft Pharrell - Money Maker,,,Billboard Top 100 Hits Of 2006 - 035 - Ludacris Ft Pharrell - Money Maker.mp3,❓ Poor matches - potentially rare
Billboard Top 100 Hits Of 2006,078 - Carrie Underwood - Jesus Takes The Wheel,,,Billboard Top 100 Hits Of 2006 - 078 - Carrie Underwood - Jesus Takes The Wheel.mp3,❓ Poor matches - potentially rare
Billboard Top 100 Hits Of 2006,076 - Rascal Flatts - Life Is A Highway,,,Billboard Top 100 Hits Of 2006 - 076 - Rascal Flatts - Life Is A Highway.mp3,❓ Poor matches - potentially rare
Billboard Top 100 Hits Of 2006,053 - Nickelback - Far Away,,,Billboard Top 100 Hits Of 2006 - 053 - Nickelback - Far Away.mp3,❓ Poor matches - potentially rare
Billboard Top 100 Hits Of 2006,088 - Young Jeezy Ft Akon - Soul Survivor,,,Billboard Top 100 Hits Of 2006 - 088 - Young Jeezy Ft Akon - Soul Survivor.mp3,❓ Poor matches - potentially rare
Billboard Top 100 Hits Of 2006,050 - Mariah Carey - Don't Forget About Us,,,Billboard Top 100 Hits Of 2006 - 050 - Mariah Carey - Don't Forget About Us.mp3,❓ Poor matches - potentially rare
Billboard Top 100 Hits Of 2006,"085 - Dem Franchise Boyz Ft, Jermaine Dupri, Da Brat & Bow Wow - I Think They Like Me",,,"Billboard Top 100 Hits Of 2006 - 085 - Dem Franchise Boyz Ft, Jermaine Dupri, Da Brat & Bow Wow - I Think They Like Me.mp3",❌ Not found - likely rare
Billboard Top 100 Hits Of 2006,072 - Jojo - Too Little Too Late,,,Billboard Top 100 Hits Of 2006 - 072 - Jojo - Too Little Too Late.mp3,❌ Not found - likely rare
Billboard Top 100 Hits Of 2006,052 - E-40 Ft T-Pain & Kandi Girl - U And Dat,,,Billboard Top 100 Hits Of 2006 - 052 - E-40 Ft T-Pain & Kandi Girl - U And Dat.mp3,❓ Poor matches - potentially rare
Billboard Top 100 Hits Of 2006,096 - Pink - Stupid Girls,,,Billboard Top 100 Hits Of 2006 - 096 - Pink - Stupid Girls.mp3,❓ Poor matches - potentially rare
Billboard Top 100 Hits Of 2006,074 - Daddy Yankee - Rompe,,,Billboard Top 100 Hits Of 2006 - 074 - Daddy Yankee - Rompe.mp3,❓ Poor matches - potentially rare
Billboard Top 100 Hits Of 2006,063 - Chingy Ft Tyrese - Pullin' Me Back,,,Billboard Top 100 Hits Of 2006 - 063 - Chingy Ft Tyrese - Pullin' Me Back.mp3,❓ Poor matches - potentially rare
Billboard Top 100 Hits Of 2006,087 - John Mayer - Waiting On The World To Change,,,Billboard Top 100 Hits Of 2006 - 087 - John Mayer - Waiting On The World To Change.mp3,❓ Poor matches - potentially rare
Billboard Top 100 Hits Of 2006,055 - Field Mob Ft Ciara - So What,,,Billboard Top 100 Hits Of 2006 - 055 - Field Mob Ft Ciara - So What.mp3,❓ Poor matches - potentially rare
Billboard Top 100 Hits Of 2006,064 - Kelis Ft Too Short - Bossy,,,Billboard Top 100 Hits Of 2006 - 064 - Kelis Ft Too Short - Bossy.mp3,❓ Poor matches - potentially rare
Billboard Top 100 Hits Of 2006,062 - Eminem Ft Nate Dogg - Shake That,,,Billboard Top 100 Hits Of 2006 - 062 - Eminem Ft Nate Dogg - Shake That.mp3,❓ Poor matches - potentially rare
Billboard Top 100 Hits Of 2006,095 - T.I. - Why You Wanna,,,Billboard Top 100 Hits Of 2006 - 095 - T.I. - Why You Wanna.mp3,❓ Poor matches - potentially rare
Billboard Top 100 Hits Of 2006,060 - Jamie Foxx Ft Ludacris - Unpredictable,,,Billboard Top 100 Hits Of 2006 - 060 - Jamie Foxx Ft Ludacris - Unpredictable.mp3,❓ Poor matches - potentially rare
Billboard Top 100 Hits Of 2006,061 - Justin Timberlake Ft T.I. - My Love,,,Billboard Top 100 Hits Of 2006 - 061 - Justin Timberlake Ft T.I. - My Love.mp3,❓ Poor matches - potentially rare
Billboard Top 100 Hits Of 2006,077 - Evanescence - Call Me When You're Sober,,,Billboard Top 100 Hits Of 2006 - 077 - Evanescence - Call Me When You're Sober.mp3,❓ Poor matches - potentially rare
Billboard Top 100 Hits Of 2006,043 - Fort Minor Ft Holly Brook & Jonah Matranga - Where'd You Go,,,Billboard Top 100 Hits Of 2006 - 043 - Fort Minor Ft Holly Brook & Jonah Matranga - Where'd You Go.mp3,❓ Poor matches - potentially rare
Billboard Top 100 Hits Of 2006,059 - Young Dro Ft T.I. - Shoulder Lean,,,Billboard Top 100 Hits Of 2006 - 059 - Young Dro Ft T.I. - Shoulder Lean.mp3,❓ Poor matches - potentially rare
Billboard Top 100 Hits Of 2006,058 - Juelz Santana - There It Go [The Whistle Song],,,Billboard Top 100 Hits Of 2006 - 058 - Juelz Santana - There It Go [The Whistle Song].mp3,❓ Poor matches - potentially rare
Billboard Top 100 Hits Of 2006,054 - Nick Lachey - What's Left Of Me,,,Billboard Top 100 Hits Of 2006 - 054 - Nick Lachey - What's Left Of Me.mp3,❓ Poor matches - potentially rare
Billboard Top 100 Hits Of 2006,046 - D4L - Laffy Taffy,,,Billboard Top 100 Hits Of 2006 - 046 - D4L - Laffy Taffy.mp3,❓ Poor matches - potentially rare
Billboard Top 100 Hits Of 2006,090 - Eminem - When I'm Gone,,,Billboard Top 100 Hits Of 2006 - 090 - Eminem - When I'm Gone.mp3,❓ Poor matches - potentially rare
Billboard Top 100 Hits Of 2006,069 - Chris Brown Ft Lil' Wayne - Gimme That,,,Billboard Top 100 Hits Of 2006 - 069 - Chris Brown Ft Lil' Wayne - Gimme That.mp3,❓ Poor matches - potentially rare
Billboard Top 100 Hits Of 2006,067 - Ray J - One Wish,,,Billboard Top 100 Hits Of 2006 - 067 - Ray J - One Wish.mp3,❓ Poor matches - potentially rare
Billboard Top 100 Hits Of 2006,066 - Akon Ft Eminem - Smack That,,,Billboard Top 100 Hits Of 2006 - 066 - Akon Ft Eminem - Smack That.mp3,❓ Poor matches - potentially rare
Billboard Top 100 Hits Of 2006,036 - Bubba Sparks Ft Ying Yang Twins - Ms. New Booty,,,Billboard Top 100 Hits Of 2006 - 036 - Bubba Sparks Ft Ying Yang Twins - Ms. New Booty.mp3,❓ Poor matches - potentially rare
Billboard Top 100 Hits Of 2006,029 - Snow Patrol - Chasing Cars,,,Billboard Top 100 Hits Of 2006 - 029 - Snow Patrol - Chasing Cars.mp3,❓ Poor matches - potentially rare
Billboard Top 100 Hits Of 2007,073 - Cartel - Honestly [Basic @128],,,Billboard Top 100 Hits Of 2007 - 073 - Cartel - Honestly [Basic @128].mp3,❌ Not found - likely rare
Billboard Top 100 Hits Of 2007,077 - Kellie Pickler - Red High Heels,,,Billboard Top 100 Hits Of 2007 - 077 - Kellie Pickler - Red High Heels.mp3,❌ Not found - likely rare
Billboard Top 100 Hits Of 2007,045 - Ciara - Promise,,,Billboard Top 100 Hits Of 2007 - 045 - Ciara - Promise.mp3,❓ Poor matches - potentially rare
Billboard Top 100 Hits Of 2007,059 - Gwen Stefani Ft Akon - The Sweet Escape,,,Billboard Top 100 Hits Of 2007 - 059 - Gwen Stefani Ft Akon - The Sweet Escape.mp3,❓ Poor matches - potentially rare
Billboard Top 100 Hits Of 2007,072 - U2 & Green Day - The Saints Are Coming,,,Billboard Top 100 Hits Of 2007 - 072 - U2 & Green Day - The Saints Are Coming.mp3,❌ Not found - likely rare
Billboard Top 100 Hits Of 2007,011 - Jim Jones - We Fly High,,,Billboard Top 100 Hits Of 2007 - 011 - Jim Jones - We Fly High.mp3,❓ Poor matches - potentially rare
Billboard Top 100 Hits Of 2007,033 - Danity Kane - Show Stopper,,,Billboard Top 100 Hits Of 2007 - 033 - Danity Kane - Show Stopper.mp3,❓ Poor matches - potentially rare
Billboard Top 100 Hits Of 2007,093 - Webstar & Young B Ft The Voice Of Harlem - Chicken Noodle Soup,,,Billboard Top 100 Hits Of 2007 - 093 - Webstar & Young B Ft The Voice Of Harlem - Chicken Noodle Soup.mp3,❌ Not found - likely rare
Billboard Top 100 Hits Of 2007,012 - Bow Wow Ft Chris Brown & Johnta Austin - Shortie Like Mine,,,Billboard Top 100 Hits Of 2007 - 012 - Bow Wow Ft Chris Brown & Johnta Austin - Shortie Like Mine.mp3,❓ Poor matches - potentially rare
Billboard Top 100 Hits Of 2007,020 - Weird Al Yankovic - White & Nerdy,,,Billboard Top 100 Hits Of 2007 - 020 - Weird Al Yankovic - White & Nerdy.mp3,❌ Not found - likely rare
Billboard Top 100 Hits Of 2007,055 - Augustana - Boston,,,Billboard Top 100 Hits Of 2007 - 055 - Augustana - Boston.mp3,❌ Not found - likely rare
Billboard Top 100 Hits Of 2007,067 - Blue October - Into The Ocean,,,Billboard Top 100 Hits Of 2007 - 067 - Blue October - Into The Ocean.mp3,❓ Poor matches - potentially rare
Billboard Top 100 Hits Of 2007,054 - The Red Jumpsuit Apparatus - Face Down,,,Billboard Top 100 Hits Of 2007 - 054 - The Red Jumpsuit Apparatus - Face Down.mp3,❓ Poor matches - potentially rare
Billboard Top 100 Hits Of 2007,094 - Regina Spektor - Fidelity,,,Billboard Top 100 Hits Of 2007 - 094 - Regina Spektor - Fidelity.mp3,❌ Not found - likely rare
Billboard Top 100 Hits Of 2007,"078 - Lady Sovereign - Love Me Or Hate Me [Fk, You!!!!]",,,"Billboard Top 100 Hits Of 2007 - 078 - Lady Sovereign - Love Me Or Hate Me [Fk, You!!!!].mp3",❓ Poor matches - potentially rare
Billboard Top 100 Hits Of 2007,042 - Fat Joe Ft Lil Wayne - Make It Rain,,,Billboard Top 100 Hits Of 2007 - 042 - Fat Joe Ft Lil Wayne - Make It Rain.mp3,❓ Poor matches - potentially rare
Billboard Top 100 Hits Of 2007,063 - Jay-Z - Show Me What You Got,,,Billboard Top 100 Hits Of 2007 - 063 - Jay-Z - Show Me What You Got.mp3,❓ Poor matches - potentially rare
Billboard Top 100 Hits Of 2007,084 - Beyonce - Ring The Alarm,,,Billboard Top 100 Hits Of 2007 - 084 - Beyonce - Ring The Alarm.mp3,❓ Poor matches - potentially rare
Billboard Top 100 Hits Of 2007,032 - Jibbs - Chain Hang Low,,,Billboard Top 100 Hits Of 2007 - 032 - Jibbs - Chain Hang Low.mp3,❓ Poor matches - potentially rare
Billboard Top 100 Hits Of 2007,086 - E-40 Ft T-Pain & Kandi Girl - U And Dat,,,Billboard Top 100 Hits Of 2007 - 086 - E-40 Ft T-Pain & Kandi Girl - U And Dat.mp3,❓ Poor matches - potentially rare
Billboard Top 100 Hits Of 2007,038 - Lil Scrappy Ft Young Buck - Money In The Bank,,,Billboard Top 100 Hits Of 2007 - 038 - Lil Scrappy Ft Young Buck - Money In The Bank.mp3,❌ Not found - likely rare
Billboard Top 100 Hits Of 2007,007 - The All-American Rejects - It Ends Tonight,,,Billboard Top 100 Hits Of 2007 - 007 - The All-American Rejects - It Ends Tonight.mp3,❓ Poor matches - potentially rare
Billboard Top 100 Hits Of 2007,001 - Fergie - Fergalicious,,,Billboard Top 100 Hits Of 2007 - 001 - Fergie - Fergalicious.mp3,❓ Poor matches - potentially rare
Billboard Top 100 Hits Of 2007,083 - 30 Seconds To Mars - The Kill [Bury Me],,,Billboard Top 100 Hits Of 2007 - 083 - 30 Seconds To Mars - The Kill [Bury Me].mp3,❓ Poor matches - potentially rare
Billboard Top 100 Hits Of 2007,082 - Hannah Montana - Who Said,,,Billboard Top 100 Hits Of 2007 - 082 - Hannah Montana - Who Said.mp3,❓ Poor matches - potentially rare
Billboard Top 100 Hits Of 2007,026 - The Pussycat Dolls Ft Timbaland - Wait A Minute,,,Billboard Top 100 Hits Of 2007 - 026 - The Pussycat Dolls Ft Timbaland - Wait A Minute.mp3,❌ Not found - likely rare
Billboard Top 100 Hits Of 2007,080 - Brooke Hogan Ft Paul Wall - About Us,,,Billboard Top 100 Hits Of 2007 - 080 - Brooke Hogan Ft Paul Wall - About Us.mp3,❌ Not found - likely rare
Billboard Top 100 Hits Of 2007,031 - Daughtry - It's Not Over,,,Billboard Top 100 Hits Of 2007 - 031 - Daughtry - It's Not Over.mp3,❓ Poor matches - potentially rare
Billboard Top 100 Hits Of 2007,023 - Carrie Underwood - Before He Cheats,,,Billboard Top 100 Hits Of 2007 - 023 - Carrie Underwood - Before He Cheats.mp3,❓ Poor matches - potentially rare
Billboard Top 100 Hits Of 2007,041 - Hellogoodbye - Here [In Your Arms],,,Billboard Top 100 Hits Of 2007 - 041 - Hellogoodbye - Here [In Your Arms].mp3,❓ Poor matches - potentially rare
Billboard Top 100 Hits Of 2007,060 - Rodney Atkins - Watching You,,,Billboard Top 100 Hits Of 2007 - 060 - Rodney Atkins - Watching You.mp3,❌ Not found - likely rare
Billboard Top 100 Hits Of 2007,095 - Gym Class Heroes Ft Patrick Stump - Cupid's Chokehold,,,Billboard Top 100 Hits Of 2007 - 095 - Gym Class Heroes Ft Patrick Stump - Cupid's Chokehold.mp3,❌ Not found - likely rare
Billboard Top 100 Hits Of 2007,085 - Chingy Ft Jermaine Dupri - Dem Jeans,,,Billboard Top 100 Hits Of 2007 - 085 - Chingy Ft Jermaine Dupri - Dem Jeans.mp3,❓ Poor matches - potentially rare
Billboard Top 100 Hits Of 2007,028 - Unk - Walk It Out,,,Billboard Top 100 Hits Of 2007 - 028 - Unk - Walk It Out.mp3,❓ Poor matches - potentially rare
Billboard Top 100 Hits Of 2007,056 - Brad Paisley - She's Everything,,,Billboard Top 100 Hits Of 2007 - 056 - Brad Paisley - She's Everything.mp3,❓ Poor matches - potentially rare
Billboard Top 100 Hits Of 2007,089 - Pink - U + Ur Hand,,,Billboard Top 100 Hits Of 2007 - 089 - Pink - U + Ur Hand.mp3,❓ Poor matches - potentially rare
Billboard Top 100 Hits Of 2007,066 - Diddy Ft Nicole Scherzinger - Come To Me,,,Billboard Top 100 Hits Of 2007 - 066 - Diddy Ft Nicole Scherzinger - Come To Me.mp3,❌ Not found - likely rare
Billboard Top 100 Hits Of 2007,099 - Fort Minor Ft Styles Of Beyond - Remember The Name,,,Billboard Top 100 Hits Of 2007 - 099 - Fort Minor Ft Styles Of Beyond - Remember The Name.mp3,❌ Not found - likely rare
Billboard Top 100 Hits Of 2007,098 - Petey Pablo - Show Me The Money,,,Billboard Top 100 Hits Of 2007 - 098 - Petey Pablo - Show Me The Money.mp3,❓ Poor matches - potentially rare
Billboard Top 100 Hits Of 2007,037 - KT Tunstall - Suddenly I See,,,Billboard Top 100 Hits Of 2007 - 037 - KT Tunstall - Suddenly I See.mp3,❌ Not found - likely rare
Billboard Top 100 Hits Of 2007,074 - Cherish - Unappreciated,,,Billboard Top 100 Hits Of 2007 - 074 - Cherish - Unappreciated.mp3,❌ Not found - likely rare
Billboard Top 100 Hits Of 2007,046 - Diddy Ft Christina Aguilera - Tell Me,,,Billboard Top 100 Hits Of 2007 - 046 - Diddy Ft Christina Aguilera - Tell Me.mp3,❓ Poor matches - potentially rare
Billboard Top 100 Hits Of 2007,064 - Nas Ft Will.I.Am - Hip Hop Is Dead,,,Billboard Top 100 Hits Of 2007 - 064 - Nas Ft Will.I.Am - Hip Hop Is Dead.mp3,❌ Not found - likely rare
Billboard Top 100 Hits Of 2007,057 - The Killers - When You Were Young,,,Billboard Top 100 Hits Of 2007 - 057 - The Killers - When You Were Young.mp3,❓ Poor matches - potentially rare
Billboard Top 100 Hits Of 2007,079 - Lil' Boosie Ft Yung Joc - Zoom,,,Billboard Top 100 Hits Of 2007 - 079 - Lil' Boosie Ft Yung Joc - Zoom.mp3,❌ Not found - likely rare
Billboard Top 100 Hits Of 2007,044 - Young Jeezy - I Luv It,,,Billboard Top 100 Hits Of 2007 - 044 - Young Jeezy - I Luv It.mp3,❓ Poor matches - potentially rare
Billboard Top 100 Hits Of 2007,071 - AFI - Love Like Winter,,,Billboard Top 100 Hits Of 2007 - 071 - AFI - Love Like Winter.mp3,❌ Not found - likely rare
Billboard Top 100 Hits Of 2007,100 - Plain White T's - Hate [I Really Don't Like You],,,Billboard Top 100 Hits Of 2007 - 100 - Plain White T's - Hate [I Really Don't Like You].mp3,❓ Poor matches - potentially rare
Billboard Top 100 Hits Of 2007,058 - Tim McGraw - My Little Girl,,,Billboard Top 100 Hits Of 2007 - 058 - Tim McGraw - My Little Girl.mp3,❓ Poor matches - potentially rare
Billboard Top 100 Hits Of 2007,047 - Snoop Dogg Ft R. Kelly - That's That,,,Billboard Top 100 Hits Of 2007 - 047 - Snoop Dogg Ft R. Kelly - That's That.mp3,❓ Poor matches - potentially rare
Billboard Top 100 Hits Of 2007,096 - Jay-Z Ft Chrisette Michele - Lost One,,,Billboard Top 100 Hits Of 2007 - 096 - Jay-Z Ft Chrisette Michele - Lost One.mp3,❌ Not found - likely rare
Billboard Top 100 Hits Of 2007,019 - Snow Patrol - Chasing Cars,,,Billboard Top 100 Hits Of 2007 - 019 - Snow Patrol - Chasing Cars.mp3,❓ Poor matches - potentially rare
Billboard Top 100 Hits Of 2007,090 - Jason Aldean - Amarillo Sky,,,Billboard Top 100 Hits Of 2007 - 090 - Jason Aldean - Amarillo Sky.mp3,❓ Poor matches - potentially rare
Billboard Top 100 Hits Of 2007,053 - Birdman & Lil Wayne - Stuntin' Like My Daddy,,,Billboard Top 100 Hits Of 2007 - 053 - Birdman & Lil Wayne - Stuntin' Like My Daddy.mp3,❓ Poor matches - potentially rare
Billboard Top 100 Hits Of 2007,"048 - Eminem, 50 Cent, Lloyd Banks & Cashis - You Don't Know",,,"Billboard Top 100 Hits Of 2007 - 048 - Eminem, 50 Cent, Lloyd Banks & Cashis - You Don't Know.mp3",❓ Poor matches - potentially rare
Billboard Top 100 Hits Of 2007,065 - Hannah Montana - If We Were A Movie,,,Billboard Top 100 Hits Of 2007 - 065 - Hannah Montana - If We Were A Movie.mp3,❌ Not found - likely rare
Billboard Top 100 Hits Of 2007,081 - Lloyd Ft Lil' Wayne Or Tango Redd ! - You,,,Billboard Top 100 Hits Of 2007 - 081 - Lloyd Ft Lil' Wayne Or Tango Redd ! - You.mp3,❌ Not found - likely rare
Billboard Top 100 Hits Of 2007,091 - The Wreckers - Eave The Pieces,,,Billboard Top 100 Hits Of 2007 - 091 - The Wreckers - Eave The Pieces.mp3,❌ Not found - likely rare
Billboard Top 100 Hits Of 2007,024 - John Mayer - Waiting On The World To Change,,,Billboard Top 100 Hits Of 2007 - 024 - John Mayer - Waiting On The World To Change.mp3,❓ Poor matches - potentially rare
Billboard Top 100 Hits Of 2007,069 - Mario Vazquez - Gallery,,,Billboard Top 100 Hits Of 2007 - 069 - Mario Vazquez - Gallery.mp3,❌ Not found - likely rare
Billboard Top 100 Hits Of 2008,046 - T-Pain Ft Lil Wayne - Can't Believe It,,,Billboard Top 100 Hits Of 2008 - 046 - T-Pain Ft Lil Wayne - Can't Believe It.mp3,❓ Poor matches - potentially rare
Billboard Top 100 Hits Of 2008,065 - Kevin Rudolf Ft Lil Wayne - Let It Rock,,,Billboard Top 100 Hits Of 2008 - 065 - Kevin Rudolf Ft Lil Wayne - Let It Rock.mp3,❓ Poor matches - potentially rare
Billboard Top 100 Hits Of 2008,051 - Colby O'Donis Ft Akon - What You Got,,,Billboard Top 100 Hits Of 2008 - 051 - Colby O'Donis Ft Akon - What You Got.mp3,❓ Poor matches - potentially rare
Billboard Top 100 Hits Of 2008,057 - Ne-Yo - Miss Independent,,,Billboard Top 100 Hits Of 2008 - 057 - Ne-Yo - Miss Independent.mp3,❓ Poor matches - potentially rare
Billboard Top 100 Hits Of 2008,075 - The Dream - I Luv Your Girl [Squeaky Clean] [Promo Only Clean Edit],,,Billboard Top 100 Hits Of 2008 - 075 - The Dream - I Luv Your Girl [Squeaky Clean] [Promo Only Clean Edit].mp3,❌ Not found - likely rare
Billboard Top 100 Hits Of 2008,087 - Gavin Degraw - In Love With A Girl,,,Billboard Top 100 Hits Of 2008 - 087 - Gavin Degraw - In Love With A Girl.mp3,❓ Poor matches - potentially rare
Billboard Top 100 Hits Of 2008,093 - Trace Adkins - You're Gonna Miss This,,,Billboard Top 100 Hits Of 2008 - 093 - Trace Adkins - You're Gonna Miss This.mp3,❓ Poor matches - potentially rare
Billboard Top 100 Hits Of 2008,079 - Kanye West - Good Life,,,Billboard Top 100 Hits Of 2008 - 079 - Kanye West - Good Life.mp3,❓ Poor matches - potentially rare
Billboard Top 100 Hits Of 2008,086 - Trey Songz - Can't Help But Wait,,,Billboard Top 100 Hits Of 2008 - 086 - Trey Songz - Can't Help But Wait.mp3,❓ Poor matches - potentially rare
Billboard Top 100 Hits Of 2008,037 - T.I. Ft Rihanna - Live Your Life,,,Billboard Top 100 Hits Of 2008 - 037 - T.I. Ft Rihanna - Live Your Life.mp3,❓ Poor matches - potentially rare
Billboard Top 100 Hits Of 2008,070 - Three 6 Mafia Ft Project Pat Young D And Superpower - Lolli Lolli [Pop That Body],,,Billboard Top 100 Hits Of 2008 - 070 - Three 6 Mafia Ft Project Pat Young D And Superpower - Lolli Lolli [Pop That Body].mp3,❌ Not found - likely rare
Billboard Top 100 Hits Of 2008,071 - Baby Bash Ft T-Pain - Cyclone,,,Billboard Top 100 Hits Of 2008 - 071 - Baby Bash Ft T-Pain - Cyclone.mp3,❓ Poor matches - potentially rare
Billboard Top 100 Hits Of 2008,072 - Natasha Bedingfield Ft Sean Kingston - Love Like This,,,Billboard Top 100 Hits Of 2008 - 072 - Natasha Bedingfield Ft Sean Kingston - Love Like This.mp3,❓ Poor matches - potentially rare
Billboard Top 100 Hits Of 2008,063 - Lupe Fiasco Ft Matt Santos - Superstar,,,Billboard Top 100 Hits Of 2008 - 063 - Lupe Fiasco Ft Matt Santos - Superstar.mp3,❌ Not found - likely rare
Billboard Top 100 Hits Of 2008,098 - Santana Ft Chad Kroeger - Into The Night,,,Billboard Top 100 Hits Of 2008 - 098 - Santana Ft Chad Kroeger - Into The Night.mp3,❓ Poor matches - potentially rare
Billboard Top 100 Hits Of 2008,033 - One Republic - Stop And Stare,,,Billboard Top 100 Hits Of 2008 - 033 - One Republic - Stop And Stare.mp3,❓ Poor matches - potentially rare
Billboard Top 100 Hits Of 2008,010 - Chris Brown - Forever,,,Billboard Top 100 Hits Of 2008 - 010 - Chris Brown - Forever.mp3,❓ Poor matches - potentially rare
Billboard Top 100 Hits Of 2008,095 - Daughtry - Feels Like Tonight,,,Billboard Top 100 Hits Of 2008 - 095 - Daughtry - Feels Like Tonight.mp3,❓ Poor matches - potentially rare
Billboard Top 100 Hits Of 2008,100 - 2 Pistols Ft T-Pain & Tay Dizm - She Got It,,,Billboard Top 100 Hits Of 2008 - 100 - 2 Pistols Ft T-Pain & Tay Dizm - She Got It.mp3,❓ Poor matches - potentially rare
Billboard Top 100 Hits Of 2008,008 - Usher Ft Young Jeezy - Love In This Club,,,Billboard Top 100 Hits Of 2008 - 008 - Usher Ft Young Jeezy - Love In This Club.mp3,❓ Poor matches - potentially rare
Billboard Top 100 Hits Of 2008,058 - Secondhand Serenade - Fall For You,,,Billboard Top 100 Hits Of 2008 - 058 - Secondhand Serenade - Fall For You.mp3,❓ Poor matches - potentially rare
Billboard Top 100 Hits Of 2008,068 - Young Jeezy Ft Kanye West - Put On [Clean Edit],,,Billboard Top 100 Hits Of 2008 - 068 - Young Jeezy Ft Kanye West - Put On [Clean Edit].mp3,❌ Not found - likely rare
Billboard Top 100 Hits Of 2008,056 - Wyclef Jean Ft Akon Lil Wayne And Introducing Niia - Sweetest Girl [Dollar Bill],,,Billboard Top 100 Hits Of 2008 - 056 - Wyclef Jean Ft Akon Lil Wayne And Introducing Niia - Sweetest Girl [Dollar Bill].mp3,❌ Not found - likely rare
Billboard Top 100 Hits Of 2008,049 - The Pussycat Dolls - When I Grow Up,,,Billboard Top 100 Hits Of 2008 - 049 - The Pussycat Dolls - When I Grow Up.mp3,❓ Poor matches - potentially rare
Billboard Top 100 Hits Of 2008,084 - Rick Ross Ft T-Pain - The Boss,,,Billboard Top 100 Hits Of 2008 - 084 - Rick Ross Ft T-Pain - The Boss.mp3,❌ Not found - likely rare
Billboard Top 100 Hits Of 2008,085 - Kid Rock - All Summer Long,,,Billboard Top 100 Hits Of 2008 - 085 - Kid Rock - All Summer Long.mp3,❓ Poor matches - potentially rare
Billboard Top 100 Hits Of 2008,026 - Fergie - Clumsy,,,Billboard Top 100 Hits Of 2008 - 026 - Fergie - Clumsy.mp3,❓ Poor matches - potentially rare
Billboard Top 100 Hits Of 2008,077 - Plies Ft Akon - Hypnotized,,,Billboard Top 100 Hits Of 2008 - 077 - Plies Ft Akon - Hypnotized.mp3,❌ Not found - likely rare
Billboard Top 100 Hits Of 2008,099 - Keyshia Cole - Heaven Sent,,,Billboard Top 100 Hits Of 2008 - 099 - Keyshia Cole - Heaven Sent.mp3,❌ Not found - likely rare
Billboard Top 100 Hits Of 2008,045 - Webbie Ft Gorilla Zoe Phat And Lil Boosie - Independent,,,Billboard Top 100 Hits Of 2008 - 045 - Webbie Ft Gorilla Zoe Phat And Lil Boosie - Independent.mp3,❌ Not found - likely rare
Billboard Top 100 Hits Of 2008,034 - Sean Kingston - Take You There,,,Billboard Top 100 Hits Of 2008 - 034 - Sean Kingston - Take You There.mp3,❓ Poor matches - potentially rare
Billboard Top 100 Hits Of 2008,059 - Flo Rida Ft Will.I.Am - In The Ayer,,,Billboard Top 100 Hits Of 2008 - 059 - Flo Rida Ft Will.I.Am - In The Ayer.mp3,❌ Not found - likely rare
Billboard Top 100 Hits Of 2008,028 - Jesse McCartney - Leavin,,,Billboard Top 100 Hits Of 2008 - 028 - Jesse McCartney - Leavin.mp3,❓ Poor matches - potentially rare
Billboard Top 100 Hits Of 2008,091 - Lil Wayne Ft Bobby Valentino & Kidd Kidd - Mrs. Officer,,,Billboard Top 100 Hits Of 2008 - 091 - Lil Wayne Ft Bobby Valentino & Kidd Kidd - Mrs. Officer.mp3,❓ Poor matches - potentially rare
Billboard Top 100 Hits Of 2008,073 - Jonas Brothers - Burnin Up,,,Billboard Top 100 Hits Of 2008 - 073 - Jonas Brothers - Burnin Up.mp3,❓ Poor matches - potentially rare
Billboard Top 100 Hits Of 2008,069 - David Cook - The Time Of My Life [Main Version],,,Billboard Top 100 Hits Of 2008 - 069 - David Cook - The Time Of My Life [Main Version].mp3,❓ Poor matches - potentially rare
Billboard Top 100 Hits Of 2008,018 - Natasha Bedingfield - Pocketful Of Sunshine,,,Billboard Top 100 Hits Of 2008 - 018 - Natasha Bedingfield - Pocketful Of Sunshine.mp3,❓ Poor matches - potentially rare
Billboard Top 100 Hits Of 2008,047 - Alicia Keys - Like Youll Never See Me Again,,,Billboard Top 100 Hits Of 2008 - 047 - Alicia Keys - Like Youll Never See Me Again.mp3,❓ Poor matches - potentially rare
Billboard Top 100 Hits Of 2008,038 - Plies Ft Ne-Yo - Bust It Baby Part 2,,,Billboard Top 100 Hits Of 2008 - 038 - Plies Ft Ne-Yo - Bust It Baby Part 2.mp3,❓ Poor matches - potentially rare
Billboard Top 100 Hits Of 2008,032 - Metro Station - Shake It,,,Billboard Top 100 Hits Of 2008 - 032 - Metro Station - Shake It.mp3,❓ Poor matches - potentially rare
Billboard Top 100 Hits Of 2008,004 - Lil Wayne - Lollipop,,,Billboard Top 100 Hits Of 2008 - 004 - Lil Wayne - Lollipop.mp3,❓ Poor matches - potentially rare
Billboard Top 100 Hits Of 2008,055 - Linkin Park - Shadow Of The Day,,,Billboard Top 100 Hits Of 2008 - 055 - Linkin Park - Shadow Of The Day.mp3,❓ Poor matches - potentially rare
Billboard Top 100 Hits Of 2008,064 - J. Holiday - Suffocate,,,Billboard Top 100 Hits Of 2008 - 064 - J. Holiday - Suffocate.mp3,❓ Poor matches - potentially rare
Billboard Top 100 Hits Of 2008,050 - Snoop Dogg - Sensual Seduction,,,Billboard Top 100 Hits Of 2008 - 050 - Snoop Dogg - Sensual Seduction.mp3,❓ Poor matches - potentially rare
Billboard Top 100 Hits Of 2008,054 - Soulja Boy - Crank That,,,Billboard Top 100 Hits Of 2008 - 054 - Soulja Boy - Crank That.mp3,❓ Poor matches - potentially rare
Billboard Top 100 Hits Of 2008,094 - Gavin Rossdale - Love Remains The Same,,,Billboard Top 100 Hits Of 2008 - 094 - Gavin Rossdale - Love Remains The Same.mp3,❓ Poor matches - potentially rare
Billboard Top 100 Hits Of 2009,093 - Billy Currington - People Are Crazy,,,Billboard Top 100 Hits Of 2009 - 093 - Billy Currington - People Are Crazy.mp3,❓ Poor matches - potentially rare
Billboard Top 100 Hits Of 2009,"031 - Jay-Z, Rihanna & Kanye West - Run This Town",,,"Billboard Top 100 Hits Of 2009 - 031 - Jay-Z, Rihanna & Kanye West - Run This Town.mp3",❓ Poor matches - potentially rare
Billboard Top 100 Hits Of 2009,070 - Nickelback - If Today Was Your Last Day,,,Billboard Top 100 Hits Of 2009 - 070 - Nickelback - If Today Was Your Last Day.mp3,❓ Poor matches - potentially rare
Billboard Top 100 Hits Of 2009,017 - Pitbull - I Know You Want Me,,,Billboard Top 100 Hits Of 2009 - 017 - Pitbull - I Know You Want Me.mp3,❓ Poor matches - potentially rare
Billboard Top 100 Hits Of 2009,079 - Soulja Boy Tell'em - Turn My Swag On,,,Billboard Top 100 Hits Of 2009 - 079 - Soulja Boy Tell'em - Turn My Swag On.mp3,❓ Poor matches - potentially rare
Billboard Top 100 Hits Of 2009,086 - Jesse McCartney Ft Ludacris - How Do You Sleep,,,Billboard Top 100 Hits Of 2009 - 086 - Jesse McCartney Ft Ludacris - How Do You Sleep.mp3,❓ Poor matches - potentially rare
Billboard Top 100 Hits Of 2009,028 - Kid Cudi - Day 'N' Nite,,,Billboard Top 100 Hits Of 2009 - 028 - Kid Cudi - Day 'N' Nite.mp3,❓ Poor matches - potentially rare
Billboard Top 100 Hits Of 2009,045 - Pink - So What,,,Billboard Top 100 Hits Of 2009 - 045 - Pink - So What.mp3,❓ Poor matches - potentially rare
Billboard Top 100 Hits Of 2009,080 - The-Dream - Rockin' That Thang,,,Billboard Top 100 Hits Of 2009 - 080 - The-Dream - Rockin' That Thang.mp3,❓ Poor matches - potentially rare
Billboard Top 100 Hits Of 2009,056 - Akon - Right Now [Na Na Na],,,Billboard Top 100 Hits Of 2009 - 056 - Akon - Right Now [Na Na Na].mp3,❓ Poor matches - potentially rare
Billboard Top 100 Hits Of 2009,052 - Pink - Please Don't Leave Me,,,Billboard Top 100 Hits Of 2009 - 052 - Pink - Please Don't Leave Me.mp3,❓ Poor matches - potentially rare
Billboard Top 100 Hits Of 2009,032 - Kevin Rudolf Ft Lil Wayne - Let It Rock,,,Billboard Top 100 Hits Of 2009 - 032 - Kevin Rudolf Ft Lil Wayne - Let It Rock.mp3,❓ Poor matches - potentially rare
Billboard Top 100 Hits Of 2009,033 - Sean Kingston - Fire Burning,,,Billboard Top 100 Hits Of 2009 - 033 - Sean Kingston - Fire Burning.mp3,❓ Poor matches - potentially rare
Billboard Top 100 Hits Of 2009,050 - The Pussycat Dolls - I Hate This Part,,,Billboard Top 100 Hits Of 2009 - 050 - The Pussycat Dolls - I Hate This Part.mp3,❓ Poor matches - potentially rare
Billboard Top 100 Hits Of 2009,083 - Iyaz - Replay,,,Billboard Top 100 Hits Of 2009 - 083 - Iyaz - Replay.mp3,❓ Poor matches - potentially rare
Billboard Top 100 Hits Of 2009,090 - Lady Antebellum - I Run To You,,,Billboard Top 100 Hits Of 2009 - 090 - Lady Antebellum - I Run To You.mp3,❓ Poor matches - potentially rare
Billboard Top 100 Hits Of 2009,098 - Jim Jones & Ron Browz Ft Juelz Santana - Pop Champagne,,,Billboard Top 100 Hits Of 2009 - 098 - Jim Jones & Ron Browz Ft Juelz Santana - Pop Champagne.mp3,❓ Poor matches - potentially rare
Billboard Top 100 Hits Of 2009,018 - T.I. Ft Rihanna - Live Your Life,,,Billboard Top 100 Hits Of 2009 - 018 - T.I. Ft Rihanna - Live Your Life.mp3,❓ Poor matches - potentially rare
Billboard Top 100 Hits Of 2009,075 - Jason Aldean - Big Green Tractor,,,Billboard Top 100 Hits Of 2009 - 075 - Jason Aldean - Big Green Tractor.mp3,❓ Poor matches - potentially rare
Billboard Top 100 Hits Of 2009,099 - Maxwell - Pretty Wings,,,Billboard Top 100 Hits Of 2009 - 099 - Maxwell - Pretty Wings.mp3,❓ Poor matches - potentially rare
Billboard Top 100 Hits Of 2009,048 - Beyonce - If I Were A Boy,,,Billboard Top 100 Hits Of 2009 - 048 - Beyonce - If I Were A Boy.mp3,❓ Poor matches - potentially rare
Billboard Top 100 Hits Of 2009,095 - Kelly Clarkson - Already Gone,,,Billboard Top 100 Hits Of 2009 - 095 - Kelly Clarkson - Already Gone.mp3,❓ Poor matches - potentially rare
Billboard Top 100 Hits Of 2009,024 - Beyonce - Halo,,,Billboard Top 100 Hits Of 2009 - 024 - Beyonce - Halo.mp3,❓ Poor matches - potentially rare
Billboard Top 100 Hits Of 2009,069 - The Veronicas - Untouched,,,Billboard Top 100 Hits Of 2009 - 069 - The Veronicas - Untouched.mp3,❓ Poor matches - potentially rare
Billboard Top 100 Hits Of 2009,091 - Kelly Clarkson - I Do Not Hook Up,,,Billboard Top 100 Hits Of 2009 - 091 - Kelly Clarkson - I Do Not Hook Up.mp3,❓ Poor matches - potentially rare
Billboard Top 100 Hits Of 2009,034 - Jason Derulo - Whatcha Say,,,Billboard Top 100 Hits Of 2009 - 034 - Jason Derulo - Whatcha Say.mp3,❓ Poor matches - potentially rare
Billboard Top 100 Hits Of 2009,097 - Michael Franti & Spearhead Ft Cherine Anderson - Say Hey [I Love You],,,Billboard Top 100 Hits Of 2009 - 097 - Michael Franti & Spearhead Ft Cherine Anderson - Say Hey [I Love You].mp3,❓ Poor matches - potentially rare
Billboard Top 100 Hits Of 2009,096 - Kristinia Debarge - Goodbye,,,Billboard Top 100 Hits Of 2009 - 096 - Kristinia Debarge - Goodbye.mp3,❓ Poor matches - potentially rare
Billboard Top 100 Hits Of 2009,084 - Brad Paisley - Then,,,Billboard Top 100 Hits Of 2009 - 084 - Brad Paisley - Then.mp3,❓ Poor matches - potentially rare
Billboard Top 100 Hits Of 2009,085 - Rob Thomas - Her Diamonds,,,Billboard Top 100 Hits Of 2009 - 085 - Rob Thomas - Her Diamonds.mp3,❓ Poor matches - potentially rare
Billboard Top 100 Hits Of 2009,059 - Ne-Yo - Miss Independent,,,Billboard Top 100 Hits Of 2009 - 059 - Ne-Yo - Miss Independent.mp3,❓ Poor matches - potentially rare
Billboard Top 100 Hits Of 2009,042 - Ne-Yo - Mad,,,Billboard Top 100 Hits Of 2009 - 042 - Ne-Yo - Mad.mp3,❓ Poor matches - potentially rare
Billboard Top 100 Hits Of 2009,092 - John Legend Ft Andre 3000 - Green Light,,,Billboard Top 100 Hits Of 2009 - 092 - John Legend Ft Andre 3000 - Green Light.mp3,❓ Poor matches - potentially rare
Billboard Top 100 Hits Of 2009,020 - Jay Sean Ft Lil Wayne - Down,,,Billboard Top 100 Hits Of 2009 - 020 - Jay Sean Ft Lil Wayne - Down.mp3,❓ Poor matches - potentially rare
Billboard Top 100 Hits Of 2009,071 - Fabolous Ft The-Dream - Throw It In The Bag,,,Billboard Top 100 Hits Of 2009 - 071 - Fabolous Ft The-Dream - Throw It In The Bag.mp3,❓ Poor matches - potentially rare
Billboard Top 100 Hits Of 2009,014 - Kings Of Leon - Use Somebody,,,Billboard Top 100 Hits Of 2009 - 014 - Kings Of Leon - Use Somebody.mp3,❓ Poor matches - potentially rare
Billboard Top 100 Hits Of 2009,051 - Nickelback - Gotta Be Somebody,,,Billboard Top 100 Hits Of 2009 - 051 - Nickelback - Gotta Be Somebody.mp3,❓ Poor matches - potentially rare
Billboard Top 100 Hits Of 2009,087 - Britney Spears - 3,,,Billboard Top 100 Hits Of 2009 - 087 - Britney Spears - 3.mp3,❓ Poor matches - potentially rare
Billboard Top 100 Hits Of 2009,068 - Colbie Caillat - Fallin' For You,,,Billboard Top 100 Hits Of 2009 - 068 - Colbie Caillat - Fallin' For You.mp3,❓ Poor matches - potentially rare
Billboard Top 100 Hits Of 2009,082 - Beyonce - Diva,,,Billboard Top 100 Hits Of 2009 - 082 - Beyonce - Diva.mp3,❓ Poor matches - potentially rare
Billboard Top 100 Hits Of 2009,047 - Eminem Ft 50 Cent & Dr. Dre - Crack A Bottle,,,Billboard Top 100 Hits Of 2009 - 047 - Eminem Ft 50 Cent & Dr. Dre - Crack A Bottle.mp3,❓ Poor matches - potentially rare
Billboard Top 100 Hits Of 2009,081 - Zac Brown Band - Chicken Fried,,,Billboard Top 100 Hits Of 2009 - 081 - Zac Brown Band - Chicken Fried.mp3,❓ Poor matches - potentially rare
Billboard Top 100 Hits Of 2009,094 - Zac Brown Band - Whatever It Is,,,Billboard Top 100 Hits Of 2009 - 094 - Zac Brown Band - Whatever It Is.mp3,❓ Poor matches - potentially rare
Billboard Top 100 Hits Of 2009,062 - Jay-Z + Alicia Keys - Empire State Of Mind,,,Billboard Top 100 Hits Of 2009 - 062 - Jay-Z + Alicia Keys - Empire State Of Mind.mp3,❓ Poor matches - potentially rare
Billboard Top 100 Hits Of 2009,049 - Keri Hilson Ft Lil Wayne - Turnin Me On,,,Billboard Top 100 Hits Of 2009 - 049 - Keri Hilson Ft Lil Wayne - Turnin Me On.mp3,❓ Poor matches - potentially rare
Billboard Top 100 Hits Of 2009,067 - Young Money - Every Girl,,,Billboard Top 100 Hits Of 2009 - 067 - Young Money - Every Girl.mp3,❓ Poor matches - potentially rare
Billboard Top 100 Hits Of 2009,066 - Beyonce - Sweet Dreams,,,Billboard Top 100 Hits Of 2009 - 066 - Beyonce - Sweet Dreams.mp3,❓ Poor matches - potentially rare
Billboard Top 100 Hits Of 2009,064 - Shakira - She Wolf,,,Billboard Top 100 Hits Of 2009 - 064 - Shakira - She Wolf.mp3,❓ Poor matches - potentially rare
Billboard Top 100 Hits Of 2009,054 - Akon Ft Colby O'Donis & Kardinal Offishall - Beautiful,,,Billboard Top 100 Hits Of 2009 - 054 - Akon Ft Colby O'Donis & Kardinal Offishall - Beautiful.mp3,❓ Poor matches - potentially rare
Billboard Top 100 Hits Of 2009,061 - Linkin Park - New Divide,,,Billboard Top 100 Hits Of 2009 - 061 - Linkin Park - New Divide.mp3,❓ Poor matches - potentially rare
Billboard Top 100 Hits Of 2009,023 - Kelly Clarkson - My Life Would Suck Without You,,,Billboard Top 100 Hits Of 2009 - 023 - Kelly Clarkson - My Life Would Suck Without You.mp3,❓ Poor matches - potentially rare
Billboard Top 100 Hits Of 2009,078 - Green Day - 21 Guns,,,Billboard Top 100 Hits Of 2009 - 078 - Green Day - 21 Guns.mp3,❓ Poor matches - potentially rare
Billboard Top 100 Hits Of 2009,073 - Asher Roth - I Love College,,,Billboard Top 100 Hits Of 2009 - 073 - Asher Roth - I Love College.mp3,❓ Poor matches - potentially rare
Billboard Top 100 Hits Of 2009,021 - Miley Cyrus - The Climb,,,Billboard Top 100 Hits Of 2009 - 021 - Miley Cyrus - The Climb.mp3,❓ Poor matches - potentially rare
Billboard Top 100 Hits Of 2009,058 - Flo Rida Ft Wynter - Sugar,,,Billboard Top 100 Hits Of 2009 - 058 - Flo Rida Ft Wynter - Sugar.mp3,❓ Poor matches - potentially rare
Billboard Top 100 Hits Of 2009,046 - Pitbull - Hotel Room Service,,,Billboard Top 100 Hits Of 2009 - 046 - Pitbull - Hotel Room Service.mp3,❓ Poor matches - potentially rare
Billboard Top 100 Hits Of 2009,016 - Jamie Foxx Ft T-Pain - Blame It,,,Billboard Top 100 Hits Of 2009 - 016 - Jamie Foxx Ft T-Pain - Blame It.mp3,❓ Poor matches - potentially rare
Billboard Top 100 Hits Of 2009,043 - Cobra Starship Ft Leighton Meester - Good Girls Go Bad,,,Billboard Top 100 Hits Of 2009 - 043 - Cobra Starship Ft Leighton Meester - Good Girls Go Bad.mp3,❓ Poor matches - potentially rare
Billboard Top 100 Hits Of 2009,065 - Mario Ft Sean Garrett & Gucci Mane - Break Up,,,Billboard Top 100 Hits Of 2009 - 065 - Mario Ft Sean Garrett & Gucci Mane - Break Up.mp3,❓ Poor matches - potentially rare
Billboard Top 100 Hits Of 2010,021 - Jay-Z And Alicia Keys - Empire State Of Mine,,,Billboard Top 100 Hits Of 2010 - 021 - Jay-Z And Alicia Keys - Empire State Of Mine.mp3,❓ Poor matches - potentially rare
Billboard Top 100 Hits Of 2010,082 - Usher Ft Plies - Hey Daddy [Daddys Home],,,Billboard Top 100 Hits Of 2010 - 082 - Usher Ft Plies - Hey Daddy [Daddys Home].mp3,❌ Not found - likely rare
Billboard Top 100 Hits Of 2010,089 - Sean Kingston And Justin Bieber - Eenie Meenie,,,Billboard Top 100 Hits Of 2010 - 089 - Sean Kingston And Justin Bieber - Eenie Meenie.mp3,❓ Poor matches - potentially rare
Billboard Top 100 Hits Of 2010,043 - Jason Derulo - Whatcha Say,,,Billboard Top 100 Hits Of 2010 - 043 - Jason Derulo - Whatcha Say.mp3,❓ Poor matches - potentially rare
Billboard Top 100 Hits Of 2010,070 - Shontelle - Impossible,,,Billboard Top 100 Hits Of 2010 - 070 - Shontelle - Impossible.mp3,❓ Poor matches - potentially rare
Billboard Top 100 Hits Of 2010,014 - Jason Derulo - In My Head,,,Billboard Top 100 Hits Of 2010 - 014 - Jason Derulo - In My Head.mp3,❓ Poor matches - potentially rare
Billboard Top 100 Hits Of 2010,088 - Carrie Underwood - Undo It,,,Billboard Top 100 Hits Of 2010 - 088 - Carrie Underwood - Undo It.mp3,❓ Poor matches - potentially rare
Billboard Top 100 Hits Of 2010,052 - Trey Songz Ft Nicki Minaj - Bottoms Up,,,Billboard Top 100 Hits Of 2010 - 052 - Trey Songz Ft Nicki Minaj - Bottoms Up.mp3,❓ Poor matches - potentially rare
Billboard Top 100 Hits Of 2010,055 - Orianthi - According To You,,,Billboard Top 100 Hits Of 2010 - 055 - Orianthi - According To You.mp3,❓ Poor matches - potentially rare
Billboard Top 100 Hits Of 2010,037 - Far East Movement Ft Cataracs And Dev - Like A G6,,,Billboard Top 100 Hits Of 2010 - 037 - Far East Movement Ft Cataracs And Dev - Like A G6.mp3,❓ Poor matches - potentially rare
Billboard Top 100 Hits Of 2010,099 - Alicia Keys - Try Sleeping With A Broken Heart,,,Billboard Top 100 Hits Of 2010 - 099 - Alicia Keys - Try Sleeping With A Broken Heart.mp3,❓ Poor matches - potentially rare
Billboard Top 100 Hits Of 2010,073 - 3OH!3 Ft Kesha - My First Kiss,,,Billboard Top 100 Hits Of 2010 - 073 - 3OH!3 Ft Kesha - My First Kiss.mp3,❌ Not found - likely rare
Billboard Top 100 Hits Of 2010,006 - Bob Ft Hayley Williams - Airplanes,,,Billboard Top 100 Hits Of 2010 - 006 - Bob Ft Hayley Williams - Airplanes.mp3,❓ Poor matches - potentially rare
Billboard Top 100 Hits Of 2010,063 - Bob Ft Rivers Cuomo - Magic,,,Billboard Top 100 Hits Of 2010 - 063 - Bob Ft Rivers Cuomo - Magic.mp3,❓ Poor matches - potentially rare
Billboard Top 100 Hits Of 2010,049 - Rihanna Ft Young Jeezy - Hard,,,Billboard Top 100 Hits Of 2010 - 049 - Rihanna Ft Young Jeezy - Hard.mp3,❓ Poor matches - potentially rare
Billboard Top 100 Hits Of 2010,065 - New Boyz Ft Ray J - Tie Me Down,,,Billboard Top 100 Hits Of 2010 - 065 - New Boyz Ft Ray J - Tie Me Down.mp3,❓ Poor matches - potentially rare
Billboard Top 100 Hits Of 2010,048 - Kris Allen - Live Like Were Dying,,,Billboard Top 100 Hits Of 2010 - 048 - Kris Allen - Live Like Were Dying.mp3,❓ Poor matches - potentially rare
Billboard Top 100 Hits Of 2010,078 - Alicia Keys - Un-Thinkable [I'm Ready],,,Billboard Top 100 Hits Of 2010 - 078 - Alicia Keys - Un-Thinkable [I'm Ready].mp3,❓ Poor matches - potentially rare
Billboard Top 100 Hits Of 2010,042 - La Roux - Bulletproof,,,Billboard Top 100 Hits Of 2010 - 042 - La Roux - Bulletproof.mp3,❓ Poor matches - potentially rare
Billboard Top 100 Hits Of 2010,035 - Nelly - Just A Dream,,,Billboard Top 100 Hits Of 2010 - 035 - Nelly - Just A Dream.mp3,❓ Poor matches - potentially rare
Billboard Top 100 Hits Of 2010,038 - Timbaland Ft Justin Timberlake - Carry Out,,,Billboard Top 100 Hits Of 2010 - 038 - Timbaland Ft Justin Timberlake - Carry Out.mp3,❓ Poor matches - potentially rare
Billboard Top 100 Hits Of 2010,068 - Chris Brown Ft Tyga And Kevin McCall - Deuces,,,Billboard Top 100 Hits Of 2010 - 068 - Chris Brown Ft Tyga And Kevin McCall - Deuces.mp3,❓ Poor matches - potentially rare
Billboard Top 100 Hits Of 2010,050 - Jay-Z Ft Mr Hudson - Young Forever,,,Billboard Top 100 Hits Of 2010 - 050 - Jay-Z Ft Mr Hudson - Young Forever.mp3,❓ Poor matches - potentially rare
Billboard Top 100 Hits Of 2010,059 - Kesha - Take It Off,,,Billboard Top 100 Hits Of 2010 - 059 - Kesha - Take It Off.mp3,❓ Poor matches - potentially rare
Billboard Top 100 Hits Of 2010,026 - David Guetta Ft Akon - Sexy Chick,,,Billboard Top 100 Hits Of 2010 - 026 - David Guetta Ft Akon - Sexy Chick.mp3,❓ Poor matches - potentially rare
Billboard Top 100 Hits Of 2010,019 - Mike Posner - Cooler Than Me,,,Billboard Top 100 Hits Of 2010 - 019 - Mike Posner - Cooler Than Me.mp3,❓ Poor matches - potentially rare
Billboard Top 100 Hits Of 2010,083 - Usher - There Goes My Baby,,,Billboard Top 100 Hits Of 2010 - 083 - Usher - There Goes My Baby.mp3,❓ Poor matches - potentially rare
Billboard Top 100 Hits Of 2010,080 - Kevin Rudolf Ft Birdman Jay Sean And Lil Wayne - I Made It [Cash Money Heroes],,,Billboard Top 100 Hits Of 2010 - 080 - Kevin Rudolf Ft Birdman Jay Sean And Lil Wayne - I Made It [Cash Money Heroes].mp3,❌ Not found - likely rare
Billboard Top 100 Hits Of 2010,024 - Eminem - Not Afraid,,,Billboard Top 100 Hits Of 2010 - 024 - Eminem - Not Afraid.mp3,❓ Poor matches - potentially rare
Billboard Top 100 Hits Of 2010,053 - Jay Sean Ft Sean Paul And Lil Jon - Do You Remember,,,Billboard Top 100 Hits Of 2010 - 053 - Jay Sean Ft Sean Paul And Lil Jon - Do You Remember.mp3,❓ Poor matches - potentially rare
Billboard Top 100 Hits Of 2010,085 - Timbaland Ft Drake - Say Something,,,Billboard Top 100 Hits Of 2010 - 085 - Timbaland Ft Drake - Say Something.mp3,❓ Poor matches - potentially rare
Billboard Top 100 Hits Of 2010,081 - Sugarland - Stuck Like Glue,,,Billboard Top 100 Hits Of 2010 - 081 - Sugarland - Stuck Like Glue.mp3,❓ Poor matches - potentially rare
Billboard Top 100 Hits Of 2010,066 - Nicki Minaj - Your Love,,,Billboard Top 100 Hits Of 2010 - 066 - Nicki Minaj - Your Love.mp3,❓ Poor matches - potentially rare
Billboard Top 100 Hits Of 2010,092 - The Band Perry - If I Die Young,,,Billboard Top 100 Hits Of 2010 - 092 - The Band Perry - If I Die Young.mp3,❓ Poor matches - potentially rare
Billboard Top 100 Hits Of 2010,039 - Michael Buble - Haven't Met You Yet,,,Billboard Top 100 Hits Of 2010 - 039 - Michael Buble - Haven't Met You Yet.mp3,❓ Poor matches - potentially rare
Billboard Top 100 Hits Of 2010,097 - Uncle Kracker - Smile,,,Billboard Top 100 Hits Of 2010 - 097 - Uncle Kracker - Smile.mp3,❓ Poor matches - potentially rare
Billboard Top 100 Hits Of 2010,054 - Onerepublic - All The Right Moves,,,Billboard Top 100 Hits Of 2010 - 054 - Onerepublic - All The Right Moves.mp3,❓ Poor matches - potentially rare
Billboard Top 100 Hits Of 2010,076 - Onerepublic - Secrets,,,Billboard Top 100 Hits Of 2010 - 076 - Onerepublic - Secrets.mp3,❓ Poor matches - potentially rare
Billboard Top 100 Hits Of 2010,022 - Usher Ft Pitbull - DJ Got Us Fallin In Love,,,Billboard Top 100 Hits Of 2010 - 022 - Usher Ft Pitbull - DJ Got Us Fallin In Love.mp3,❓ Poor matches - potentially rare
Billboard Top 100 Hits Of 2010,079 - DJ Khaled Ft T-Pain Ludacris Snoop Dogg And Rick Ross - All I Do Is Win,,,Billboard Top 100 Hits Of 2010 - 079 - DJ Khaled Ft T-Pain Ludacris Snoop Dogg And Rick Ross - All I Do Is Win.mp3,❓ Poor matches - potentially rare
Billboard Top 100 Hits Of 2010,020 - Black Eyed Peas - Imma Be,,,Billboard Top 100 Hits Of 2010 - 020 - Black Eyed Peas - Imma Be.mp3,❓ Poor matches - potentially rare
Billboard Top 100 Hits Of 2010,086 - Beyonce - Sweet Dreams,,,Billboard Top 100 Hits Of 2010 - 086 - Beyonce - Sweet Dreams.mp3,❓ Poor matches - potentially rare
Billboard Top 100 Hits Of 2010,072 - Boys Like Girls Ft Taylor Swift - Two Is Better Than One,,,Billboard Top 100 Hits Of 2010 - 072 - Boys Like Girls Ft Taylor Swift - Two Is Better Than One.mp3,❌ Not found - likely rare
Billboard Top 100 Hits Of 2010,007 - Eminem Ft Rihanna - Love The Way You Lie,,,Billboard Top 100 Hits Of 2010 - 007 - Eminem Ft Rihanna - Love The Way You Lie.mp3,❓ Poor matches - potentially rare
Billboard Top 100 Hits Of 2010,041 - Jay Sean Ft Lil Wayne - Down,,,Billboard Top 100 Hits Of 2010 - 041 - Jay Sean Ft Lil Wayne - Down.mp3,❓ Poor matches - potentially rare
Billboard Top 100 Hits Of 2010,058 - Black Eyed Peas - Meet Me Halfway,,,Billboard Top 100 Hits Of 2010 - 058 - Black Eyed Peas - Meet Me Halfway.mp3,❓ Poor matches - potentially rare
Billboard Top 100 Hits Of 2011,054 - Edward Maya - Stereo Love,,,Billboard Top 100 Hits Of 2011 - 054 - Edward Maya - Stereo Love.mp3,❓ Poor matches - potentially rare
Billboard Top 100 Hits Of 2011,032 - Hot Chelle Rae - Tonight Tonight,,,Billboard Top 100 Hits Of 2011 - 032 - Hot Chelle Rae - Tonight Tonight.mp3,❓ Poor matches - potentially rare
Billboard Top 100 Hits Of 2011,041 - Lil Wayne Ft Cory Gunz - 6 Foot 7 Foot,,,Billboard Top 100 Hits Of 2011 - 041 - Lil Wayne Ft Cory Gunz - 6 Foot 7 Foot.mp3,❓ Poor matches - potentially rare
Billboard Top 100 Hits Of 2011,071 - Lady Gaga - You And I,,,Billboard Top 100 Hits Of 2011 - 071 - Lady Gaga - You And I.mp3,❓ Poor matches - potentially rare
Billboard Top 100 Hits Of 2011,085 - Drake - Headlines,,,Billboard Top 100 Hits Of 2011 - 085 - Drake - Headlines.mp3,❌ Not found - likely rare
Billboard Top 100 Hits Of 2011,060 - Britney Spears - Hold It Against Me,,,Billboard Top 100 Hits Of 2011 - 060 - Britney Spears - Hold It Against Me.mp3,❌ Not found - likely rare
Billboard Top 100 Hits Of 2011,057 - LMFAO - Sexy And I Know It,,,Billboard Top 100 Hits Of 2011 - 057 - LMFAO - Sexy And I Know It.mp3,❓ Poor matches - potentially rare
Billboard Top 100 Hits Of 2011,022 - Jeremih Ft 50 Cent - Down On Me,,,Billboard Top 100 Hits Of 2011 - 022 - Jeremih Ft 50 Cent - Down On Me.mp3,❓ Poor matches - potentially rare
Billboard Top 100 Hits Of 2011,091 - Mike Posner - Please Don't Go,,,Billboard Top 100 Hits Of 2011 - 091 - Mike Posner - Please Don't Go.mp3,❌ Not found - likely rare
Billboard Top 100 Hits Of 2011,035 - The Band Perry - If I Die Young,,,Billboard Top 100 Hits Of 2011 - 035 - The Band Perry - If I Die Young.mp3,❓ Poor matches - potentially rare
Billboard Top 100 Hits Of 2011,037 - The Black Eyed Peas - The Time [Dirty Bit],,,Billboard Top 100 Hits Of 2011 - 037 - The Black Eyed Peas - The Time [Dirty Bit].mp3,❓ Poor matches - potentially rare
Billboard Top 100 Hits Of 2011,063 - Tinie Tempah Ft Eric Turner - Written In The Stars,,,Billboard Top 100 Hits Of 2011 - 063 - Tinie Tempah Ft Eric Turner - Written In The Stars.mp3,❌ Not found - likely rare
Billboard Top 100 Hits Of 2011,064 - Trey Songz Ft Nicki Minaj - Bottoms Up,,,Billboard Top 100 Hits Of 2011 - 064 - Trey Songz Ft Nicki Minaj - Bottoms Up.mp3,❌ Not found - likely rare
Billboard Top 100 Hits Of 2011,096 - Thompson Square - Are You Gonna Kiss Me Or Not,,,Billboard Top 100 Hits Of 2011 - 096 - Thompson Square - Are You Gonna Kiss Me Or Not.mp3,❓ Poor matches - potentially rare
Billboard Top 100 Hits Of 2011,095 - Lil Wayne Ft Drake - She Will,,,Billboard Top 100 Hits Of 2011 - 095 - Lil Wayne Ft Drake - She Will.mp3,❓ Poor matches - potentially rare
Billboard Top 100 Hits Of 2011,007 - Cee Lo Green - Fuck You,,,Billboard Top 100 Hits Of 2011 - 007 - Cee Lo Green - Fuck You.mp3,❓ Poor matches - potentially rare
Billboard Top 100 Hits Of 2011,028 - Lupe Fiasco - The Show Goes On,,,Billboard Top 100 Hits Of 2011 - 028 - Lupe Fiasco - The Show Goes On.mp3,❓ Poor matches - potentially rare
Billboard Top 100 Hits Of 2011,050 - Nicki Minaj Ft Drake - Moment 4 Life,,,Billboard Top 100 Hits Of 2011 - 050 - Nicki Minaj Ft Drake - Moment 4 Life.mp3,❓ Poor matches - potentially rare
Billboard Top 100 Hits Of 2011,067 - Blake Shelton - Honey Bee,,,Billboard Top 100 Hits Of 2011 - 067 - Blake Shelton - Honey Bee.mp3,❓ Poor matches - potentially rare
Billboard Top 100 Hits Of 2011,073 - David Guetta & Usher - Without You,,,Billboard Top 100 Hits Of 2011 - 073 - David Guetta & Usher - Without You.mp3,❌ Not found - likely rare
Billboard Top 100 Hits Of 2011,058 - Far East Movement Ft Ryan Tedder - Rocketeer,,,Billboard Top 100 Hits Of 2011 - 058 - Far East Movement Ft Ryan Tedder - Rocketeer.mp3,❓ Poor matches - potentially rare
Billboard Top 100 Hits Of 2011,"005 - Pitbull Ft Ne-Yo, Afrojack & Nayer - Give Me Everything.mp3",,,"Billboard Top 100 Hits Of 2011 - 005 - Pitbull Ft Ne-Yo, Afrojack & Nayer - Give Me Everything.mp3.mp3",❓ Poor matches - potentially rare
Billboard Top 100 Hits Of 2011,077 - Rihanna - Cheers [Drink To That],,,Billboard Top 100 Hits Of 2011 - 077 - Rihanna - Cheers [Drink To That].mp3,❌ Not found - likely rare
Billboard Top 100 Hits Of 2011,090 - Rodney Atkins - Take A Back Road,,,Billboard Top 100 Hits Of 2011 - 090 - Rodney Atkins - Take A Back Road.mp3,❓ Poor matches - potentially rare
Billboard Top 100 Hits Of 2011,020 - Rihanna Ft Drake - What's My Name,,,Billboard Top 100 Hits Of 2011 - 020 - Rihanna Ft Drake - What's My Name.mp3,❓ Poor matches - potentially rare
Billboard Top 100 Hits Of 2011,066 - The Script - For The First Time,,,Billboard Top 100 Hits Of 2011 - 066 - The Script - For The First Time.mp3,❓ Poor matches - potentially rare
Billboard Top 100 Hits Of 2011,001 - Adele - Rolling In The Deep,,,Billboard Top 100 Hits Of 2011 - 001 - Adele - Rolling In The Deep.mp3,❓ Poor matches - potentially rare
Billboard Top 100 Hits Of 2011,030 - Kesha - We R Who We R,,,Billboard Top 100 Hits Of 2011 - 030 - Kesha - We R Who We R.mp3,❓ Poor matches - potentially rare
Billboard Top 100 Hits Of 2011,"047 - DJ Khaled Ft Drake, Rick Ross & Lil Wayn - I'm On One",,,"Billboard Top 100 Hits Of 2011 - 047 - DJ Khaled Ft Drake, Rick Ross & Lil Wayn - I'm On One.mp3",❓ Poor matches - potentially rare
Billboard Top 100 Hits Of 2011,065 - Usher Ft Pitbull - DJ Got Us Fallin' In Love,,,Billboard Top 100 Hits Of 2011 - 065 - Usher Ft Pitbull - DJ Got Us Fallin' In Love.mp3,❓ Poor matches - potentially rare
Billboard Top 100 Hits Of 2011,024 - Adele - Someone Like You,,,Billboard Top 100 Hits Of 2011 - 024 - Adele - Someone Like You.mp3,❓ Poor matches - potentially rare
Billboard Top 100 Hits Of 2011,069 - Rihanna Ft Calvin Harris - We Found Love,,,Billboard Top 100 Hits Of 2011 - 069 - Rihanna Ft Calvin Harris - We Found Love.mp3,❓ Poor matches - potentially rare
Billboard Top 100 Hits Of 2011,079 - Jake Owen - Barefoot Blue Jean Night,,,Billboard Top 100 Hits Of 2011 - 079 - Jake Owen - Barefoot Blue Jean Night.mp3,❌ Not found - likely rare
Billboard Top 100 Hits Of 2011,061 - Usher - More,,,Billboard Top 100 Hits Of 2011 - 061 - Usher - More.mp3,❓ Poor matches - potentially rare
Billboard Top 100 Hits Of 2011,084 - New Boyz Ft The Cataracs & Dev - Backseat,,,Billboard Top 100 Hits Of 2011 - 084 - New Boyz Ft The Cataracs & Dev - Backseat.mp3,❌ Not found - likely rare
Billboard Top 100 Hits Of 2011,083 - Dev - In The Dark,,,Billboard Top 100 Hits Of 2011 - 083 - Dev - In The Dark.mp3,❓ Poor matches - potentially rare
Billboard Top 100 Hits Of 2011,019 - Pink - Fkin' Perfect,,,Billboard Top 100 Hits Of 2011 - 019 - Pink - Fkin' Perfect.mp3,❓ Poor matches - potentially rare
Billboard Top 100 Hits Of 2011,088 - David Guetta Ft Flo Rida & Nicki Minaj - Where Them Girls At,,,Billboard Top 100 Hits Of 2011 - 088 - David Guetta Ft Flo Rida & Nicki Minaj - Where Them Girls At.mp3,❓ Poor matches - potentially rare
Billboard Top 100 Hits Of 2011,081 - Luke Bryan - Country Girl [Shake It For Me],,,Billboard Top 100 Hits Of 2011 - 081 - Luke Bryan - Country Girl [Shake It For Me].mp3,❓ Poor matches - potentially rare
Billboard Top 100 Hits Of 2011,082 - Brad Paisley & Carrie Underwood - Remind Me,,,Billboard Top 100 Hits Of 2011 - 082 - Brad Paisley & Carrie Underwood - Remind Me.mp3,❓ Poor matches - potentially rare
Billboard Top 100 Hits Of 2011,043 - Jason Aldean - Dirt Road Anthem,,,Billboard Top 100 Hits Of 2011 - 043 - Jason Aldean - Dirt Road Anthem.mp3,❓ Poor matches - potentially rare
Billboard Top 100 Hits Of 2011,046 - Britney Spears - I Wanna Go,,,Billboard Top 100 Hits Of 2011 - 046 - Britney Spears - I Wanna Go.mp3,❓ Poor matches - potentially rare
Billboard Top 100 Hits Of 2011,080 - Zac Brown Band Ft Jimmy Buffett - Knee Deep,,,Billboard Top 100 Hits Of 2011 - 080 - Zac Brown Band Ft Jimmy Buffett - Knee Deep.mp3,❌ Not found - likely rare
Billboard Top 100 Hits Of 2011,098 - Kenny Chesney Ft Grace Potter - You And Tequila,,,Billboard Top 100 Hits Of 2011 - 098 - Kenny Chesney Ft Grace Potter - You And Tequila.mp3,❓ Poor matches - potentially rare
Billboard Top 100 Hits Of 2011,094 - Blake Shelton - God Gave Me You,,,Billboard Top 100 Hits Of 2011 - 094 - Blake Shelton - God Gave Me You.mp3,❓ Poor matches - potentially rare
Billboard Top 100 Hits Of 2011,068 - Jason Aldean & Kelly Clarkson - Don't You Wanna Stay,,,Billboard Top 100 Hits Of 2011 - 068 - Jason Aldean & Kelly Clarkson - Don't You Wanna Stay.mp3,❓ Poor matches - potentially rare
Billboard Top 100 Hits Of 2011,048 - Cobra Starship Ft Sabi - You Make Me Feel,,,Billboard Top 100 Hits Of 2011 - 048 - Cobra Starship Ft Sabi - You Make Me Feel.mp3,❓ Poor matches - potentially rare
Billboard Top 100 Hits Of 2011,051 - Dr. Dre Ft Eminem & Skylar Grey - I Need A Doctor,,,Billboard Top 100 Hits Of 2011 - 051 - Dr. Dre Ft Eminem & Skylar Grey - I Need A Doctor.mp3,❓ Poor matches - potentially rare
Billboard Top 100 Hits Of 2011,042 - Lady Antebellum - Just A Kiss,,,Billboard Top 100 Hits Of 2011 - 042 - Lady Antebellum - Just A Kiss.mp3,❓ Poor matches - potentially rare
Billboard Top 100 Hits Of 2011,055 - Christina Perri - Jar Of Hearts,,,Billboard Top 100 Hits Of 2011 - 055 - Christina Perri - Jar Of Hearts.mp3,❓ Poor matches - potentially rare
Billboard Top 100 Hits Of 2011,021 - Chris Brown Ft Lil Wayne & Busta Rhymes - Look At Me Now,,,Billboard Top 100 Hits Of 2011 - 021 - Chris Brown Ft Lil Wayne & Busta Rhymes - Look At Me Now.mp3,❌ Not found - likely rare
Billboard Top 100 Hits Of 2011,099 - Zac Brown Band - Colder Weather,,,Billboard Top 100 Hits Of 2011 - 099 - Zac Brown Band - Colder Weather.mp3,❌ Not found - likely rare
Billboard Top 100 Hits Of 2012,049 - Phillip Phillips - Home,,,Billboard Top 100 Hits Of 2012 - 049 - Phillip Phillips - Home.mp3,❓ Poor matches - potentially rare
Billboard Top 100 Hits Of 2012,036 - Maroon 5 Ft Christina Aguilera - Moves Like Jagger,,,Billboard Top 100 Hits Of 2012 - 036 - Maroon 5 Ft Christina Aguilera - Moves Like Jagger.mp3,❓ Poor matches - potentially rare
Billboard Top 100 Hits Of 2012,050 - David Guetta Ft Usher - Without You,,,Billboard Top 100 Hits Of 2012 - 050 - David Guetta Ft Usher - Without You.mp3,❓ Poor matches - potentially rare
Billboard Top 100 Hits Of 2012,037 - Pink - Blow Me (One Last Kiss),,,Billboard Top 100 Hits Of 2012 - 037 - Pink - Blow Me (One Last Kiss).mp3,❓ Poor matches - potentially rare
Billboard Top 100 Hits Of 2012,021 - Rihanna - Where Have You Been,,,Billboard Top 100 Hits Of 2012 - 021 - Rihanna - Where Have You Been.mp3,❓ Poor matches - potentially rare
Billboard Top 100 Hits Of 2012,094 - Rihanna - Diamonds,,,Billboard Top 100 Hits Of 2012 - 094 - Rihanna - Diamonds.mp3,❓ Poor matches - potentially rare
Billboard Top 100 Hits Of 2012,069 - Coldplay - Paradise,,,Billboard Top 100 Hits Of 2012 - 069 - Coldplay - Paradise.mp3,❓ Poor matches - potentially rare
Billboard Top 100 Hits Of 2012,060 - Gavin DeGraw - Not Over You,,,Billboard Top 100 Hits Of 2012 - 060 - Gavin DeGraw - Not Over You.mp3,❓ Poor matches - potentially rare
Billboard Top 100 Hits Of 2012,023 - Drake Ft Rihanna - Take Care,,,Billboard Top 100 Hits Of 2012 - 023 - Drake Ft Rihanna - Take Care.mp3,❓ Poor matches - potentially rare
Billboard Top 100 Hits Of 2012,077 - Trey Songz - Heart Attack,,,Billboard Top 100 Hits Of 2012 - 077 - Trey Songz - Heart Attack.mp3,❓ Poor matches - potentially rare
Billboard Top 100 Hits Of 2012,012 - Adele - Set Fire To The Rain,,,Billboard Top 100 Hits Of 2012 - 012 - Adele - Set Fire To The Rain.mp3,❓ Poor matches - potentially rare
Billboard Top 100 Hits Of 2012,066 - Carrie Underwood - Blown Away,,,Billboard Top 100 Hits Of 2012 - 066 - Carrie Underwood - Blown Away.mp3,❓ Poor matches - potentially rare
Billboard Top 100 Hits Of 2012,053 - Luke Bryan - Drunk On You,,,Billboard Top 100 Hits Of 2012 - 053 - Luke Bryan - Drunk On You.mp3,❓ Poor matches - potentially rare
Billboard Top 100 Hits Of 2012,085 - Kesha - Die Young,,,Billboard Top 100 Hits Of 2012 - 085 - Kesha - Die Young.mp3,❓ Poor matches - potentially rare
Billboard Top 100 Hits Of 2012,058 - Eric Church - Springsteen,,,Billboard Top 100 Hits Of 2012 - 058 - Eric Church - Springsteen.mp3,❓ Poor matches - potentially rare
Billboard Top 100 Hits Of 2012,029 - LMFAO Ft Lauren Bennett & GoonRock - Party Rock Anthem,,,Billboard Top 100 Hits Of 2012 - 029 - LMFAO Ft Lauren Bennett & GoonRock - Party Rock Anthem.mp3,❓ Poor matches - potentially rare
Billboard Top 100 Hits Of 2012,082 - Toby Keith - Red Solo Cup,,,Billboard Top 100 Hits Of 2012 - 082 - Toby Keith - Red Solo Cup.mp3,❓ Poor matches - potentially rare
Billboard Top 100 Hits Of 2012,051 - Gym Class Heroes - Ass Back Home,,,Billboard Top 100 Hits Of 2012 - 051 - Gym Class Heroes - Ass Back Home.mp3,❓ Poor matches - potentially rare
Billboard Top 100 Hits Of 2012,045 - Tyga - Rack City,,,Billboard Top 100 Hits Of 2012 - 045 - Tyga - Rack City.mp3,❓ Poor matches - potentially rare
Billboard Top 100 Hits Of 2012,057 - Big Sean Ft Nicki Minaj - Dance (Ass),,,Billboard Top 100 Hits Of 2012 - 057 - Big Sean Ft Nicki Minaj - Dance (Ass).mp3,❓ Poor matches - potentially rare
Billboard Top 100 Hits Of 2012,047 - PSY - Gangnam Style,,,Billboard Top 100 Hits Of 2012 - 047 - PSY - Gangnam Style.mp3,❓ Poor matches - potentially rare
Billboard Top 100 Hits Of 2012,065 - Calvin Harris Ft Ne-Yo - Let's Go,,,Billboard Top 100 Hits Of 2012 - 065 - Calvin Harris Ft Ne-Yo - Let's Go.mp3,❓ Poor matches - potentially rare
Billboard Top 100 Hits Of 2012,079 - Rihanna Ft Chris Brown - Birthday Cake,,,Billboard Top 100 Hits Of 2012 - 079 - Rihanna Ft Chris Brown - Birthday Cake.mp3,❓ Poor matches - potentially rare
Billboard Top 100 Hits Of 2012,063 - J Cole - Work Out,,,Billboard Top 100 Hits Of 2012 - 063 - J Cole - Work Out.mp3,❓ Poor matches - potentially rare
Billboard Top 100 Hits Of 2012,"073 - Wiz Khalifa - Work Hard, Play Hard",,,"Billboard Top 100 Hits Of 2012 - 073 - Wiz Khalifa - Work Hard, Play Hard.mp3",❓ Poor matches - potentially rare
Billboard Top 100 Hits Of 2012,039 - Demi Lovato - Give Your Heart A Break,,,Billboard Top 100 Hits Of 2012 - 039 - Demi Lovato - Give Your Heart A Break.mp3,❓ Poor matches - potentially rare
Billboard Top 100 Hits Of 2012,095 - Lee Brice - Hard To Love,,,Billboard Top 100 Hits Of 2012 - 095 - Lee Brice - Hard To Love.mp3,❓ Poor matches - potentially rare
Billboard Top 100 Hits Of 2012,056 - Chris Brown - Don't Wake Me Up,,,Billboard Top 100 Hits Of 2012 - 056 - Chris Brown - Don't Wake Me Up.mp3,❓ Poor matches - potentially rare
Billboard Top 100 Hits Of 2012,074 - Ne-Yo - Let Me Love You (Until You Learn To Love Yourself),,,Billboard Top 100 Hits Of 2012 - 074 - Ne-Yo - Let Me Love You (Until You Learn To Love Yourself).mp3,❓ Poor matches - potentially rare
Billboard Top 100 Hits Of 2012,088 - Jason Aldean - Take A Little Ride,,,Billboard Top 100 Hits Of 2012 - 088 - Jason Aldean - Take A Little Ride.mp3,❓ Poor matches - potentially rare
Billboard Top 100 Hits Of 2012,024 - David Guetta Ft Sia - Titanium,,,Billboard Top 100 Hits Of 2012 - 024 - David Guetta Ft Sia - Titanium.mp3,❓ Poor matches - potentially rare
Billboard Top 100 Hits Of 2012,099 - Eli Young Band - Even If It Breaks Your Heart,,,Billboard Top 100 Hits Of 2012 - 099 - Eli Young Band - Even If It Breaks Your Heart.mp3,❓ Poor matches - potentially rare
Billboard Top 100 Hits Of 2012,020 - Drake Ft Lil Wayne - The Motto,,,Billboard Top 100 Hits Of 2012 - 020 - Drake Ft Lil Wayne - The Motto.mp3,❓ Poor matches - potentially rare
Billboard Top 100 Hits Of 2012,098 - Jason Aldean - Fly Over States,,,Billboard Top 100 Hits Of 2012 - 098 - Jason Aldean - Fly Over States.mp3,❌ Not found - likely rare
Billboard Top 100 Hits Of 2012,091 - Imagine Dragons - It's Time,,,Billboard Top 100 Hits Of 2012 - 091 - Imagine Dragons - It's Time.mp3,❓ Poor matches - potentially rare
Billboard Top 100 Hits Of 2012,086 - T-Pain Ft Wiz Khalifa & Lily Allen - 5 O'Clock,,,Billboard Top 100 Hits Of 2012 - 086 - T-Pain Ft Wiz Khalifa & Lily Allen - 5 O'Clock.mp3,❓ Poor matches - potentially rare
"Blackman, Destruct & Icon",Home,Office Space,1999,08 Home.mp3,❓ Poor matches - potentially rare
Blur,London Loves (GHP 'Londinium Loves' bootleg mix),GHP Complete - CD10 Unofficial Remixes Vol1,2004,10-02 London Loves (GHP 'Londinium Loves' bootleg mix).mp3,❌ Not found - likely rare
Bobby Martini,Take Me Home (Ambient Asian Rain Mix),The Reel Bobby Martini,2007,Take Me Home (Ambient Asian Rain Mix).mp3,❓ Poor matches - potentially rare
Bobby Tisdale Intro #2,Invite Them Up: Bobby Tisdale Intro #2,Invite Them Up,2006,09 Invite Them Up_ Bobby Tisdale Intro #2.m4a,❓ Poor matches - potentially rare
Brecht Fist and Amy Rica,Breakfast in America,Breakfast In Coverville,2009,03 Breakfast in America.mp3,❌ Not found - likely rare
Brent Weinbach,Phones And Toast,Tales From The Brown Side,,02 Phones And Toast.mp3,❌ Not found - likely rare
Brian Ibbott,Coverville-061214-Lyrics UnderCoverville,Coverville,2006,273 Coverville-061214-Lyrics UnderCoverville.mp3,❌ Not found - likely rare
Brian Ibbott,Coverville-061122-The 3rd Annual Thanksgiving Double-Shot Beatles Cover Story,Coverville,2006,266 Coverville-061122-The 3rd Annual Thanksgiving Double-Shot Beatles Cover Story.mp3,❌ Not found - likely rare
Brian Ibbott,Coverville-071122-The 4th Annual Thanksgiving Double-Shot Beatles Cover Story,Coverville,2007,389 Coverville-071122-The 4th Annual Thanksgiving Double-Shot Beatles Cover Story.mp3,❌ Not found - likely rare
Brian Ibbott,Coverville-051124-The Beatles Thanksgiving Double-Shot Cover Story,Coverville,2005,149 Coverville-051124-The Beatles Thanksgiving Double-Shot Cover Story.mp3,❌ Not found - likely rare
Brian Ibbott,Coverville-060502-Revenge of the Originalville,Coverville,2006,201 Coverville-060502-Revenge of the Originalville.mp3,❌ Not found - likely rare
Brian Ibbott,Coverville-050303-Going undercover with Originalville...,Coverville,2005,57 Coverville-050303-Going undercover with Originalville....mp3,❌ Not found - likely rare
Brian Ibbott,Coverville-081127-The 5th Annual Thanksgiving Double-Shot Beatles Cover Story,Coverville,2008,529 Coverville-081127-The 5th Annual Thanksgiving Double-Shot Beatles Cover Story.mp3,❌ Not found - likely rare
Brian Ibbott,Coverville-060913-The Elvis Presley Originalville,Coverville,2006,241 Coverville-060913-The Elvis Presley Originalville.mp3,❌ Not found - likely rare
Bruce McCullouch,Al Miller,Shame-Based Man,1995,03 Al Miller.mp3,❌ Not found - likely rare
Brutal DLX,Maybe My Mind,Burning Man,1997,03 Maybe My Mind.mp3,❓ Poor matches - potentially rare
Brutal DLX,Coming Soon (Change),Burning Man,1997,07 Coming Soon (Change).mp3,❓ Poor matches - potentially rare
Brutal DLX,For Lies I Told,Burning Man,1997,10 For Lies I Told.mp3,❓ Poor matches - potentially rare
Brutal DLX,Warm in My Room,Burning Man,1997,05 Warm in My Room.mp3,❓ Poor matches - potentially rare
Brutal DLX,Sunshine (April Tower),Burning Man,1997,04 Sunshine (April Tower).mp3,❓ Poor matches - potentially rare
Bt Wfmu 2005,David Lee Roth,Shut Up And Play Vol 2,2005,08 David Lee Roth.mp3,❌ Not found - likely rare
Buffalo Chips,Lonesome Road (a capella)2,,,Buffalo Chips - Lonesome Road (a capella)2.mp3,❓ Poor matches - potentially rare
Butch Patrick,11-What Ever Happened To Eddie? (DJ Useo D 'n B Remix),Halloween ep 2008,,11-What Ever Happened To Eddie_ (DJ Useo D 'n B Remix).mp3,❓ Poor matches - potentially rare
CHEEKYBOY,munster in my pants - FINAL VERSON,MONSTER MASHUP - PUMPKIN ON YOUR STEREO,,6. Cheekyboy - munster in my pants - FINAL VERSON.mp3,❓ Poor matches - potentially rare
Caeser Soze,Gumbhis Are Big Fat Shit!!!!,Hatchet Job,,02 Gumbhis Are Big Fat Shit!!!!.mp3,❌ Not found - likely rare
Campground Effect,Things I'd Rather Not Have Heard,Because We Care,,03 Things I'd Rather Not Have Heard.mp3,❓ Poor matches - potentially rare
Carter Tanton (of Tulsa),Mass (recorded LIVE on KEXP),KEXP Song of the Day,2008,Mass (recorded LIVE on KEXP).mp3,❓ Poor matches - potentially rare
Celebrity Murder Party,Toxic Fuzz,Forgotten Hits,2007,12 Toxic Fuzz.mp3,❓ Poor matches - potentially rare
Celebrity Murder Party,Holes in my life,superseven,2007,Holes in my life.mp3,❓ Poor matches - potentially rare
Cheekyboy,This Is Halloween (Danny Elfman vs. Petey Pablo vs. John Carpenter vs. Winchell Donuts),Mashing Pumpkins,2007,01 This Is Halloween (Danny Elfman vs. Petey Pablo vs. John Carpenter vs. Winchell Donuts).mp3,❓ Poor matches - potentially rare
Cheekyboy,Bad Moon Werewolves (Warren Zevon vs. CCR),Mashing Pumpkins,2007,10 Bad Moon Werewolves (Warren Zevon vs. CCR).mp3,❌ Not found - likely rare
Cheekyboy,1-800-Living-Dead (Gravediggaz vs. Sufjan Stevens),Mashing Pumpkins,2007,14 1-800-Living-Dead (Gravediggaz vs. Sufjan Stevens).mp3,❌ Not found - likely rare
Cheekyboy,Mozza Mash (Morrissey vs Bobby 'Boris' Pickett) (Night of the Living Monster Mashup),Night of the Living Monster Mashup,,14 Mozza Mash (Morrissey vs Bobby 'Boris' Pickett) (Night of the Living Monster Mashup).mp3,❌ Not found - likely rare
Cheekyboy,Doomed Man's Party (Night of the Living Monster Mashup),Night of the Living Monster Mashup,,04 Doomed Man's Party (Night of the Living Monster Mashup).mp3,❓ Poor matches - potentially rare
Cheekyboy,Monsters Dare (Night of the Living Monster Mashup),Night of the Living Monster Mashup,2000,08 Monsters Dare (Night of the Living Monster Mashup).mp3,❓ Poor matches - potentially rare
Chris Murray & The Monkey All-Stars,Wasteland,Live From Mars,,08 Wasteland.mp3,❓ Poor matches - potentially rare
Chris Murray & The Monkey All-Stars,Bring Your Love To Me,Live From Mars,,09 Bring Your Love To Me.mp3,❓ Poor matches - potentially rare
Cities 97,Metric - 06.13.2009,Live from Cities 97 Studio C,2009,Metric - 06.13.2009.mp3,❓ Poor matches - potentially rare
ComaR,Eleanor and the Boys,ComaR's Bootlegs vol.1,2006,17 Eleanor and the Boys.mp3,❓ Poor matches - potentially rare
ComaR,Colderation,ComaR's Bootlegs vol.1,2005,05 Colderation.mp3,❌ Not found - likely rare
ComaR,Chercher la Kryptonite,ComaR's Bootlegs vol.2,2007,Chercher la Kryptonite.mp3,❌ Not found - likely rare
ComaR,Everybody Party (Victo's Master),ComaR's Bootlegs vol.2,,Everybody Party (Victo's Master).mp3,❓ Poor matches - potentially rare
Conrad Janis/Meal Ticket,Mork & Mindy Ska Parade Promo/Brass Man (Live),Step On It: The Best Of The Ska Parade Radio Show,1994,07 Mork & Mindy Ska Parade Promo_Brass Man (Live).mp3,❌ Not found - likely rare
Copycat,Superfreak Twisters (a Copycat mash),Forgotten Hits,2007,09 Superfreak Twisters (a Copycat mash).mp3,❌ Not found - likely rare
Copycat,Ever fallen in love with a martyr? (A Copycat Mash),Copycat: Ever fallen in love with a martyr?,2007,12 Ever fallen in love with a martyr_ (A Copycat Mash).mp3,❓ Poor matches - potentially rare
Copycat brought to you by Mashuptown.com,Fade to pretty vacant (A Copycat Mash),www.djcopycat.com/,2006,Fade to pretty vacant (A Copycat Mash).mp3,❌ Not found - likely rare
Corky & The Juice Pigs,Torsos for Tots,,,Corky & The Juice Pigs - Torsos for Tots.mp3,❓ Poor matches - potentially rare
Coverville,Coverville-2004-11-23,Special All-Beatles Thanksgiving Double-Shot!,2004,Coverville-2004-11-23.mp3,❓ Poor matches - potentially rare
DJ BC,Yoshimi Battles Snoop Dogg,Internet Exclusive,2004,Yoshimi Battles Snoop Dogg.mp3,❌ Not found - likely rare
DJ Boasty,Purple People Eater,Bride Of Monster Mashup,2006,18 Purple People Eater.mp3,❓ Poor matches - potentially rare
DJ Clive$ter,The Megablast Of Dragula,Bride Of Monster Mashup,2006,10 The Megablast Of Dragula.mp3,❌ Not found - likely rare
DJ Earlybird,I thinks she sknows that I put a spell on her,Bride Of Monster Mashup,2006,08 I thinks she sknows that I put a spell on her.mp3,❓ Poor matches - potentially rare
DJ Earworm - Fischerspooner/Scissor Sisters/Chemical Brothers/Pet Shop Boys/Culture Club/Edwin Starr,We_Need_a_Filthy_War,www.djearworm.com,2005,We_Need_a_Filthy_War.mp3,❌ Not found - likely rare
DJ Earworm - Pussycat Dolls/Newcleus/Marvin Gaye,Don't Cha (Wish Your Cyborg Could Dance Like Me),www.djearworm.com,2005,Don't Cha (Wish Your Cyborg Could Dance Like Me).mp3,❌ Not found - likely rare
DJ Engineer,"Purple Monster Bop (Man Parrish vs. Sheb Wooley vs. Bobby ""Boris"" Pickett)",Mashing Pumpkins,2007,08 Purple Monster Bop (Man Parrish vs. Sheb Wooley vs. Bobby _Boris_ Pickett).mp3,❌ Not found - likely rare
DJ Engineer,Love or Hate Halloween (Lady Sovereign vs. Danny Elfman),Mashing Pumpkins,2007,15 Love or Hate Halloween (Lady Sovereign vs. Danny Elfman).mp3,❌ Not found - likely rare
DJ Engineer,Jumpin Candy Werewolf Creeps (Night of the Living Monster Mashup),Night of the Living Monster Mashup,,06 Jumpin Candy Werewolf Creeps (Night of the Living Monster Mashup).mp3,❌ Not found - likely rare
DJ Engineer,Happy Mash-O-Ween,Bride Of Monster Mashup,2006,06 Happy Mash-O-Ween.mp3,❓ Poor matches - potentially rare
DJ FOX,Here Comes the Lovestepper (Lady Gaga vs. Ini Kamoze),vinyl,2009,Here Comes the Lovestepper (Lady Gaga vs. Ini Kamoze).mp3,❌ Not found - likely rare
DJ FOX,Womanizer/Can't Stand Losing You (The Police vs. Britney),Mashups 2008,2008,Womanizer_Can't Stand Losing You (The Police vs. Britney).mp3,❌ Not found - likely rare
DJ Fac,chase me up,Stephen Marley The Remix Album - Http://beat-boot-ique.co.uk,2007,chase me up.mp3,❓ Poor matches - potentially rare
DJ Fox,Low Dog (Bootie edit) (Flo-Rida vs. The Stooges vs. Dakar & Grinser),Best of Bootie 2008,2008,14 Low Dog (Bootie edit) (Flo-Rida vs. The Stooges vs. Dakar & Grinser).mp3,❌ Not found - likely rare
DJ Jay-R,Sweet Sovereign (Lady Sovereign vs. Eurythmics vs. Shiny Grey),Best of Bootie 2006,2006,04 Sweet Sovereign (Lady Sovereign vs. Eurythmics vs. Shiny Grey).mp3,❌ Not found - likely rare
DJ Lumpy,Higher State Of Timekeeping,Bastard Best Of The Year CD 2005,2005,13 Higher State Of Timekeeping.mp3,❌ Not found - likely rare
DJ Magnet,Chicago Bump (Bootie edit) (Chicago vs. Amanda Blank vs. Spank Rock vs. Bloodhound Gang vs. Greg Kihn Band vs. Detroit Grand Pubahs),Best of Bootie 2008,2008,10 Chicago Bump (Bootie edit) (Chicago vs. Amanda Blank vs. Spank Rock vs. Bloodhound Gang vs. Greg Kihn Band vs. Detroit Grand Pubahs).mp3,❌ Not found - likely rare
DJ Magnet,Girls on Film Freak Out,http://djmagnet.blogspot.com,2009,Girls on Film Freak Out.mp3,❓ Poor matches - potentially rare
DJ Matt Hite,Everybody Is Right (DJ Matt Hite Mashup),www.beatmixed.com,2007,Everybody Is Right (DJ Matt Hite Mashup).mp3,❓ Poor matches - potentially rare
DJ Matt Hite,Me & You & Yazoo (Short Mix - DJ Matt Hite Mashup),www.beatmixed.com,2007,Me & You & Yazoo (Short Mix - DJ Matt Hite Mashup).mp3,❓ Poor matches - potentially rare
DJ Matt Hite,Bootmixed,,,Bootmixed.mp3,❌ Not found - likely rare
DJ Maxx Destrukt,Shake Your Bony Vampire,MONSTER MASHUP - PUMPKIN ON YOUR STEREO,2010,15 Shake Your Bony Vampire.mp3,❌ Not found - likely rare
DJ Mei-Lwun,Drop it like it's Hendrix (DJML),www.crftp.com,,Drop it like it's Hendrix (DJML).mp3,❌ Not found - likely rare
DJ Mei-Lwun,YouHumpedMeAllNightLong,www.crftp.com,,YouHumpedMeAllNightLong.mp3,❓ Poor matches - potentially rare
DJ Mei-Lwun,Smack It Right,www.mei-lwun.com,,Smack It Right.mp3,❓ Poor matches - potentially rare
DJ Mei-Lwun,Young Love,superseven,1994,Young Love.mp3,❓ Poor matches - potentially rare
DJ NoNo,County Sound,Bride Of Monster Mashup,2006,03 County Sound.mp3,❓ Poor matches - potentially rare
DJ Paul V.,Phantom On The Bottom (The Lady Tigra vs. Justice),Best of Bootie 2007,2007,12 Phantom On The Bottom (The Lady Tigra vs. Justice).mp3,❓ Poor matches - potentially rare
DJ ShyBoy,Don't Fear The Rocker (Blue Oyster Cult vs Lionrock vs Carrie vs Halloween) (Night of the Living Monster Mashup),NIGHT OF THE LIVING MONSTER MASHUP,,16 Don't Fear The Rocker (Blue Oyster Cult vs Lionrock vs Carrie vs Halloween) (Night of the Living Monster Mashup).mp3,❌ Not found - likely rare
DJ Useo,Who Was In My Delta Room Last Night? (Butthole Surfers vs Higher Intelligence Agency),Monster Mashup - Pumpkin on your stereo,,14 Who Was In My Delta Room Last Night_ (Butthole Surfers vs Higher Intelligence Agency).mp3,❌ Not found - likely rare
DJ Useo,Tax Machine (The Beatles vs Pink Floyd),For Christmas Demonstration Purposes Only,,Tax Machine (The Beatles vs Pink Floyd).mp3,❓ Poor matches - potentially rare
DJ Useo,03-Sticky Cat (Dave Lasher vs Dusty Kid),Halloween ep 2008,,03-Sticky Cat (Dave Lasher vs Dusty Kid).mp3,❌ Not found - likely rare
DJ Useo,01-Halloween Hands Of Death (Ministry vs Alice Cooper f/ Rob Zombie),Halloween ep 2008,,01-Halloween Hands Of Death (Ministry vs Alice Cooper f_ Rob Zombie).mp3,❓ Poor matches - potentially rare
DJ Useo,12-Monster Lollipop (The Toyes vs Crookers),Halloween ep 2008,,12-Monster Lollipop (The Toyes vs Crookers).mp3,❌ Not found - likely rare
DJ Useo,02-Strychnine Girl (Strict Version) (Garbage vs Fuzztones vs Crookers),Halloween ep 2008,,02-Strychnine Girl (Strict Version) (Garbage vs Fuzztones vs Crookers).mp3,❌ Not found - likely rare
DJ Useo,14-(Unlisted Bonus Track)=Nobodies Mountain King (Marilyn Manson vs Lawrence Welk Orchestra) (2008 remaster),Halloween ep 2008,,14-(Unlisted Bonus Track)=Nobodies Mountain King (Marilyn Manson vs Lawrence Welk Orchestra) (2008 remaster).mp3,❌ Not found - likely rare
DJ Useo,05-That Was Just Daydreaming (Metallica vs Baby-D),Halloween ep 2008,,05-That Was Just Daydreaming (Metallica vs Baby-D).mp3,❓ Poor matches - potentially rare
DJ Useo,08-GhostSpell (Bora Minovitch & His Harmonica Rascals vs George Dunning),Halloween ep 2008,,08-GhostSpell (Bora Minovitch & His Harmonica Rascals vs George Dunning).mp3,❌ Not found - likely rare
DJ Useo,09-Hoppy Potty Schpooky Party In The Park (Mad TV vs Zeena Gulzar),Halloween ep 2008,,09-Hoppy Potty Schpooky Party In The Park (Mad TV vs Zeena Gulzar).mp3,❌ Not found - likely rare
DJ Useo,"10-The Monster Raps To Streetgirls (Bobby ""Boris"" Pickett & Bobby Payne vs Tocadisco)",Halloween ep 2008,,10-The Monster Raps To Streetgirls (Bobby _Boris_ Pickett & Bobby Payne vs Tocadisco).mp3,❌ Not found - likely rare
DJ Useo,13-Miles At Night (Smashing Pumpkins vs Lavagance),Halloween ep 2008,,13-Miles At Night (Smashing Pumpkins vs Lavagance).mp3,❌ Not found - likely rare
DJ Useo,07-Cemetary Beat Perfecto (Bill Mumy vs Yamo/Wolfgang Flür),Halloween ep 2008,,07-Cemetary Beat Perfecto (Bill Mumy vs Yamo_Wolfgang Flür).mp3,❌ Not found - likely rare
DJ Useo,Ring Of Fire Pain (Oingo Boingo vs Wall Of Voodoo),MONSTER MASHUP - PHANTOM OF THE MASHUPERA,,12 Ring Of Fire Pain (Oingo Boingo vs Wall Of Voodoo).mp3,❌ Not found - likely rare
DJ Useo,11-Multiprey Boogie Monster (Armand Van Helden vs Frozen Ghost),DJ Useo-Halloween ep 2009,,16 11-Multiprey Boogie Monster (Armand Van Helden vs Frozen Ghost).mp3,❌ Not found - likely rare
DJ Useo,10-Outer Limits Project (F11 Project vs Dominic Frontiere),DJ Useo-Halloween ep 2009,,16 10-Outer Limits Project (F11 Project vs Dominic Frontiere).mp3,❌ Not found - likely rare
DJ Useo,02-Insanity Sorceress (Disturbed vs In Trance),DJ Useo-Halloween ep 2009,,13 02-Insanity Sorceress (Disturbed vs In Trance).mp3,❓ Poor matches - potentially rare
DJ Useo,08-Forbidden Witch (The Sonics vs Disco Volante),DJ Useo-Halloween ep 2009,,21 08-Forbidden Witch (The Sonics vs Disco Volante).mp3,❌ Not found - likely rare
DJ Useo,07-I Want My Bitch Back (Jimmy Cross vs Ludacris vs Dub Mechanics vs Sneaky),DJ Useo-Halloween ep 2009,,19 07-I Want My Bitch Back (Jimmy Cross vs Ludacris vs Dub Mechanics vs Sneaky).mp3,❌ Not found - likely rare
DJ Useo,04-Black Crowley (Ozzy Osbourne vs Frank Zappa),DJ Useo-Halloween ep 2009,,14 04-Black Crowley (Ozzy Osbourne vs Frank Zappa).mp3,❓ Poor matches - potentially rare
DJ Useo,05-X-Files Sun (Soundgarden vs Mark Snow),DJ Useo-Halloween ep 2009,,17 05-X-Files Sun (Soundgarden vs Mark Snow).mp3,❌ Not found - likely rare
DJ Useo,03-Raining Mountain King Blood (Slayer vs Big Brother & The Holding Company),DJ Useo-Halloween ep 2009,,15 03-Raining Mountain King Blood (Slayer vs Big Brother & The Holding Company).mp3,❓ Poor matches - potentially rare
DJ Useo,01-Bloody Pain (Bloody Beetroots vs Dinosaur Jr),DJ Useo-Halloween ep 2009,,09 01-Bloody Pain (Bloody Beetroots vs Dinosaur Jr).mp3,❌ Not found - likely rare
DJ Useo,14-DJ Useo Halloween ep 2009,DJ Useo-Halloween ep 2009,,24 14-DJ Useo Halloween ep 2009.mp3,❓ Poor matches - potentially rare
DJ Useo,12-Who's Afraid Of The Thing (Phil Harris vs John Roman),DJ Useo-Halloween ep 2009,,18 12-Who's Afraid Of The Thing (Phil Harris vs John Roman).mp3,❓ Poor matches - potentially rare
DJ Useo,13-Wham Bam Terror (Les Baxter vs DJs Team vs. Wicked DJs),DJ Useo-Halloween ep 2009,,19 13-Wham Bam Terror (Les Baxter vs DJs Team vs. Wicked DJs).mp3,❌ Not found - likely rare
DJ Useo,06-Roadkill Scared (The Horseflies vs Young Nutz),DJ Useo-Halloween ep 2009,,17 06-Roadkill Scared (The Horseflies vs Young Nutz).mp3,❌ Not found - likely rare
DJ Useo,Lavorare Devil (666 vs Diabolico Coupè) (Night of the Living Monster Mashup),Night of the Living Monster Mashup,,13 Lavorare Devil (666 vs Diabolico Coupè) (Night of the Living Monster Mashup).mp3,❌ Not found - likely rare
DJ Useo,Black Shadows (D-Devils vs Robert Cobert vs Armand Van Helden) (Night of the Living Monster Mashup),Night of the living Monster Mashup,,12 Black Shadows (D-Devils vs Robert Cobert vs Armand Van Helden) (Night of the Living Monster Mashup).mp3,❌ Not found - likely rare
DJ Useo,05-Sonic Fang (They Might Be Giants vs Defcon 5),DJ Useo Halloween 2010 ep,,05-Sonic Fang (They Might Be Giants vs Defcon 5).mp3,❌ Not found - likely rare
DJ Useo,06-Come Here (Front Line Assembly vs Yello),DJ Useo Halloween 2010 ep,,06-Come Here (Front Line Assembly vs Yello).mp3,❓ Poor matches - potentially rare
DJ Useo,02-iScare (Dan Hicks & The Hot Licks vs Dr. Engines Physco-Theorian-O-System),DJ Useo Halloween 2010 ep,,02-iScare (Dan Hicks & The Hot Licks vs Dr. Engines Physco-Theorian-O-System).mp3,❌ Not found - likely rare
DJ Useo,01-Fascist Groove Curse (British Electric Foundation vs Killswitch Engage),DJ Useo Halloween 2010 ep,,01-Fascist Groove Curse (British Electric Foundation vs Killswitch Engage).mp3,❓ Poor matches - potentially rare
DJ Useo,07-Bleeeding Pain (Oingo Boingo vs Bleeed),DJ Useo Halloween 2010 ep,,07-Bleeeding Pain (Oingo Boingo vs Bleeed).mp3,❌ Not found - likely rare
DJ Useo,09-We Just Helped Myself (Swamp Zombies vs Young Nutz),DJ Useo Halloween 2010 ep,,09-We Just Helped Myself (Swamp Zombies vs Young Nutz).mp3,❌ Not found - likely rare
DJ Useo,04-Paranoid Because (Black Sabbath vs The Beatles),DJ Useo Halloween 2010 ep,,04-Paranoid Because (Black Sabbath vs The Beatles).mp3,❓ Poor matches - potentially rare
DJ Useo,10-Weird Oddity (David Bowie vs Oingo Boingo),DJ Useo Halloween 2010 ep,,10-Weird Oddity (David Bowie vs Oingo Boingo).mp3,❌ Not found - likely rare
DJ Useo,12-Resident Guru (Captain Beefheart vs The Residents),DJ Useo Halloween 2010 ep,,12-Resident Guru (Captain Beefheart vs The Residents).mp3,❌ Not found - likely rare
DJ Useo,03-Ring Of Canadian Fire (Wall Of Voodoo vs Boards Of Canada),DJ Useo Halloween 2010 ep,,03-Ring Of Canadian Fire (Wall Of Voodoo vs Boards Of Canada).mp3,❓ Poor matches - potentially rare
DJ Useo,11-She Was A Hotel Detective Zombie (They Might Be Giants vs Designer Drugs),DJ Useo Halloween 2010 ep,,11-She Was A Hotel Detective Zombie (They Might Be Giants vs Designer Drugs).mp3,❓ Poor matches - potentially rare
DJ Useo,Down Diamond (The Beatles vs Pink Floyd)(v2),For Demonstration Purposes Only,,Down Diamond (The Beatles vs Pink Floyd)(v2).mp3,❓ Poor matches - potentially rare
DJ Useo,Nitrogen Monster Island (Dickies vs Juno),Mashing Pumpkins,2007,17 Nitrogen Monster Island (Dickies vs Juno).mp3,❌ Not found - likely rare
DJ Useo,Spirit Got Lost In The Inner Marshland (Mental As Anything vs. The Bevis Frond),Mashing Pumpkins,2007,16 Spirit Got Lost In The Inner Marshland (Mental As Anything vs. The Bevis Frond).mp3,❌ Not found - likely rare
DJ Y alias JY,Finally Don't (Let) Go,,2009,Finally Don't (Let) Go.mp3,❓ Poor matches - potentially rare
DJ Zebra,I'm Kissing At Home,Bootstock,2009,12 I'm Kissing At Home.mp3,❓ Poor matches - potentially rare
DJ Zebra,Camille_as_you_are,,,Camille_as_you_are.mp3,❓ Poor matches - potentially rare
DJ Zebra,Suck_my_Kelis,,,Suck_my_Kelis.mp3,❌ Not found - likely rare
DJ Zebra,Mala_Vidiams,,,Mala_Vidiams.mp3,❌ Not found - likely rare
DJ Zebra,Amadou_and_the_boys,,,Amadou_and_the_boys.mp3,❌ Not found - likely rare
DJ Zebra,Dionysos_in_Babylon,,,Dionysos_in_Babylon.mp3,❌ Not found - likely rare
DJPaulV.,Phantom On The Bottom (Lady Tigra vs. Justice),,2007,Phantom On The Bottom (Lady Tigra vs. Justice).mp3,❓ Poor matches - potentially rare
DJango And Ed Wood With The Demanders,Special Education,Keep Pressure On - Contemporary Traditional Ska!,1997,14 Special Education.mp3,❓ Poor matches - potentially rare
Damian Marley / Poj Masta,Jamrock [Poj Masta's Jammy Dodger mix],,,Jamrock [Poj Masta's Jammy Dodger mix].mp3,❌ Not found - likely rare
Dane Cook,The Chicken Sandwich The Heckler And The Kabbash,Retaliation: Want,2005,1-14 The Chicken Sandwich The Heckler And The Kabbash.mp3,❌ Not found - likely rare
Dark Blue World,Take It Like A Man,Different For Girls: Women Artists And Female-Fronted Bands Cover Joe Jackson,2004,14 Take It Like A Man.mp3,❓ Poor matches - potentially rare
Dave Verdick,Gone Hollywood,Breakfast In Coverville,2009,01 Gone Hollywood.mp3,❓ Poor matches - potentially rare
David Guetta vs. Blue Oyster C,Dont push the fear sexy b****,Monster Mashup - Pumpkin on your stereo,2009,09 Dont push the fear sexy b____.mp3,❌ Not found - likely rare
Davin Wood,jefferton_alive,,2004,jefferton_alive.mp3,❓ Poor matches - potentially rare
"Deadmau5 Vs. Ray Parker, Jr.  [produced by 'Voicedude']",Ghostbusters N Stuff,MONSTER MASHUP - PHANTOM OF THE MASHUPERA,2010,05 Ghostbusters N Stuff.mp3,❓ Poor matches - potentially rare
Death Cab for Maddy,Hung Up on Soul,Party Ben,,Hung Up on Soul 1.mp3,❓ Poor matches - potentially rare
Death Cab for Maddy,Hung Up on Soul,Party Ben,2006,Hung Up on Soul.mp3,❓ Poor matches - potentially rare
Death Cab for Maddy,Hung Up On Soul (Minus Maddy E,Party Ben,,Hung Up On Soul (Minus Maddy E.mp3,❓ Poor matches - potentially rare
Deedub,Dirt Off 110th St (Deedub Remix),,,Dirt Off 110th St (Deedub Remix).mp3,❌ Not found - likely rare
Dialogue,Welcome To Apollo 13,Apollo 13,1995,10 Welcome To Apollo 13.mp3,❓ Poor matches - potentially rare
Dialogue,"Waiting For Disaster, A Privilege",Apollo 13,1995,"21 Waiting For Disaster, A Privilege.mp3",❓ Poor matches - potentially rare
Dialogue,"Out Of Time, Shut Her Down",Apollo 13,1995,"16 Out Of Time, Shut Her Down.mp3",❓ Poor matches - potentially rare
Discount,The Usual Bad,Double Exposure,,1-21 The Usual Bad.mp3,❓ Poor matches - potentially rare
Divide & Kreate,A new treasure,,,A new treasure.mp3,❓ Poor matches - potentially rare
Divide & Kreate,Ein radioaktiver Schatz,www.divideandkreate.com,2007,02 Ein radioaktiver Schatz.mp3,❌ Not found - likely rare
Divide And Kreate,Highway Reaper,Bride Of Monster Mashup,2006,12 Highway Reaper.mp3,❓ Poor matches - potentially rare
Dj Moule,No Fun No Funk,,,No Fun No Funk.mp3,❓ Poor matches - potentially rare
Dj Moule,Egyptian Canonball,,,Egyptian Canonball.mp3,❌ Not found - likely rare
Dj Moule,J'adooore-les-RedHot,,,J'adooore-les-RedHot.mp3,❌ Not found - likely rare
Dublxero,1. Halloween Hassle - Dublxero,Son of Monster Mash,2005,01 1. Halloween Hassle - Dublxero.mp3,❌ Not found - likely rare
Dunproofin',Standing In The Way Of Felix,www.dunproofin.co.uk,,Standing In The Way Of Felix.mp3,❌ Not found - likely rare
Dunproofin',Blingblingbadabling,,,Blingblingbadabling.mp3,❌ Not found - likely rare
Earworm,Since U Been Gahan (Kelly Clarkson vs. Rex The Dog vs. Depeche Mode),Best of Bootie 2005,2005,08 Since U Been Gahan (Kelly Clarkson vs. Rex The Dog vs. Depeche Mode).mp3,❌ Not found - likely rare
East 76,Scary...Theme Song,"Hello, My Name Is (Self-Titled Ska & Punk)",1998,01 Scary...Theme Song.mp3,❓ Poor matches - potentially rare
Echo & The Bunnymen,The Cutter (Go Home Productions remix),GHP Complete - CD10 Unofficial Remixes Vol1,2004,10-04 The Cutter (Go Home Productions remix).mp3,❓ Poor matches - potentially rare
Eden,Hey Mr. T,Step On It: The Best Of The Ska Parade Radio Show,1994,09 Hey Mr. T.mp3,❓ Poor matches - potentially rare
Edric Haleen,Blue Moon,QuickStopEntertainment.com Masters Of Song Fu,2008,Blue Moon.mp3,❌ Not found - likely rare
El Creepo,Ghost train 2 Ghost Town (edit),MONSTER MASHUP - PHANTOM OF THE MASHUPERA,,9. El Creepo - Ghost train 2 Ghost Town (edit).mp3,❓ Poor matches - potentially rare
El Creepo,To Become a Werewolf (Night of the Living Monster Mashup),Night of the Living Monster Mashup,,07 To Become a Werewolf (Night of the Living Monster Mashup).mp3,❌ Not found - likely rare
Electrosound,Who's Zooming The Who,Bootstock,2009,08 Who's Zooming The Who.mp3,❓ Poor matches - potentially rare
Elmer Bernstein,The Bride Wore Black - A Musical Senario,Bernard Hermann Film Scores,1992,08 The Bride Wore Black - A Musical Senario.mp3,❓ Poor matches - potentially rare
Elmer Bernstein,The Devil And Daniel Webster - The Devil's Concerto,Bernard Hermann Film Scores,1992,02 The Devil And Daniel Webster - The Devil's Concerto.mp3,❌ Not found - likely rare
Emo Philips,make Satan fume!,Emo,2001,14 make Satan fume!.mp3,❓ Poor matches - potentially rare
Emo Philips,track two continued,Emo,2001,04 track two continued.mp3,❓ Poor matches - potentially rare
Emo Philips,wondrous magical enchanted track,Emo,2001,08 wondrous magical enchanted track.mp3,❓ Poor matches - potentially rare
Emo Philips,until a greying yet still handsome comedian,Emo,2001,11 until a greying yet still handsome comedian.mp3,❓ Poor matches - potentially rare
Emo Philips,"from Trackland, where a witch placed",Emo,2001,"09 from Trackland, where a witch placed.mp3",❌ Not found - likely rare
Emo Philips,"a spell on all the tracks, forcing them to skip",Emo,2001,"10 a spell on all the tracks, forcing them to skip.mp3",❓ Poor matches - potentially rare
Emo Philips,"oh by the way, Satan wants you",Emo,2001,"12 oh by the way, Satan wants you.mp3",❓ Poor matches - potentially rare
English Cheddar Produce,Beyonce About The House,GHP Complete - CD02 The Bootlegs,2003,2-18 Beyonce About The House.mp3,❓ Poor matches - potentially rare
English Cheddar Produce,Craig  Dave's Flava,GHP Complete - CD02 The Bootlegs,2003,2-19 Craig  Dave's Flava.mp3,❓ Poor matches - potentially rare
Eugene Mirman,"Movie, Deep Fried Stuffed Cheeseburger, What Kind of Animal?, Red Tide, Abortion","En Garde, Society!",2006,"05 Movie, Deep Fried Stuffed Cheeseburger, What Kind of Animal_, Red Tide, Abortion.mp3",❌ Not found - likely rare
Eugene Mirman #2,Invite Them Up: Eugene Mirman #2,Invite Them Up,2006,18 Invite Them Up_ Eugene Mirman #2.m4a,❓ Poor matches - potentially rare
Fettdog,Flesh For Jigsaw,Mashing Pumpkins,2007,02 Flesh For Jigsaw.mp3,❌ Not found - likely rare
Fettdog,6. Fright Fest II,Son of Monster Mash,2005,06 6. Fright Fest II.mp3,❌ Not found - likely rare
Fettdog,The Raven,Son of Monster Mash,2005,16 The Raven.mp3,❓ Poor matches - potentially rare
First Grade Crush,Believe Everything You Read Now,Still Standing - A North American Ska Uprising,2003,4-07 Believe Everything You Read Now.mp3,❓ Poor matches - potentially rare
Flying White Dots,Yeah Yeah Yeah What's Going On,At War With The Misfits ep,2007,1-01 Yeah Yeah Yeah What's Going On 1.mp3,❓ Poor matches - potentially rare
Flying White Dots,Going Far Away,At War With The Misfits ep,2007,1-04 Going Far Away.mp3,❓ Poor matches - potentially rare
Flying White Dots,Phil Waves His Wand At Mia,At War With The Misfits ep,2007,1-02 Phil Waves His Wand At Mia.mp3,❓ Poor matches - potentially rare
Flying White Dots,Yeah Yeah Yeah What's Going On,At War With The Misfits ep,2007,1-01 Yeah Yeah Yeah What's Going On.mp3,❓ Poor matches - potentially rare
Flying White Dots,Bob Meets Lord Scruffage,Into The Great Unknown,2007,1-06 Bob Meets Lord Scruffage.mp3,❌ Not found - likely rare
Flying White Dots,"Sunday Morning, April 14th",Into The Great Unknown,2007,"1-08 Sunday Morning, April 14th.mp3",❓ Poor matches - potentially rare
Flying White Dots,Missing Rabbit,Into The Great Unknown,2007,1-03 Missing Rabbit.mp3,❓ Poor matches - potentially rare
Flying White Dots,Tonight We Play,Into The Great Unknown,2007,1-10 Tonight We Play.mp3,❓ Poor matches - potentially rare
Flying White Dots,Kill Phil,Into The Great Unknown,2007,1-05 Kill Phil.mp3,❓ Poor matches - potentially rare
Flying White Dots,You Can't Drop Bombs,Into The Great Unknown,2007,1-04 You Can't Drop Bombs.mp3,❓ Poor matches - potentially rare
Flying White Dots,Let's Get Deep,Into The Great Unknown,2007,1-11 Let's Get Deep.mp3,❓ Poor matches - potentially rare
Flying White Dots,Tomorrow We Take Off,Into The Great Unknown,2007,1-02 Tomorrow We Take Off.mp3,❓ Poor matches - potentially rare
Flying White Dots,2000 Light Years From The Sky,Staring At The Sky,2006,1-08 2000 Light Years From The Sky.mp3,❓ Poor matches - potentially rare
Flying White Dots,Colossal Intro,Staring At The Sky,2006,01 Colossal Intro.mp3,❓ Poor matches - potentially rare
Flying White Dots,Where The Psychic Leads,Staring At The Sky,2006,04 Where The Psychic Leads.mp3,❓ Poor matches - potentially rare
Flying White Dots,Waitin' For A Rocketman,Staring At The Sky,2006,1-10 Waitin' For A Rocketman.mp3,❓ Poor matches - potentially rare
Flying White Dots,A Day Of Madness,Staring At The Sky,2006,1-09 A Day Of Madness.mp3,❓ Poor matches - potentially rare
Flying White Dots,Hercules Takes Shelter,CMYK,2009,10 Hercules Takes Shelter.mp3,❓ Poor matches - potentially rare
Flying White Dots,Gunfight In Love Town,CMYK,2009,06 Gunfight In Love Town.mp3,❓ Poor matches - potentially rare
Flying White Dots,Mrcn Wmn,CMYK,2009,03 Mrcn Wmn.mp3,❓ Poor matches - potentially rare
Flying White Dots,What's Going On Yeah Yeah Yeah,CMYK,2009,01 What's Going On Yeah Yeah Yeah.mp3,❓ Poor matches - potentially rare
Flying White Dots,Screaming For Mercy,CMYK,2009,09 Screaming For Mercy.mp3,❓ Poor matches - potentially rare
Flying White Dots,When Smokey Sings Again,CMYK,2009,08 When Smokey Sings Again.mp3,❓ Poor matches - potentially rare
Foals / [McSleazy,Hummer [McSleazy Remix],,2007,Hummer [McSleazy Remix].mp3,❌ Not found - likely rare
Food For Feet,07 She Made My Neck Blue,Live at the Palomino,0089,07 She Made My Neck Blue.mp3,❓ Poor matches - potentially rare
Foolish Churchill,Lucky Ashanti,GHP Complete - CD12 Rarities & Unreleased,2003,12-03 Lucky Ashanti.mp3,❓ Poor matches - potentially rare
Frankie Smith/Albino Brown All-Star Ska Coalition,Double Dutch Bus Ska Intro/Double Dutch Bus Ska,Step On It: The Best Of The Ska Parade Radio Show,1994,11 Double Dutch Bus Ska Intro_Double Dutch Bus Ska.mp3,❌ Not found - likely rare
Frog The Dawg,Van Halen vs. Rob Zombie vs. MC Ren,Mashing Pumpkins,2007,12 Van Halen vs. Rob Zombie vs. MC Ren.mp3,❌ Not found - likely rare
Frog The Dawg,Helloween (Deep Purple vs. The Munsters vs. Skinny Puppy),Mashing Pumpkins,2007,07 Helloween (Deep Purple vs. The Munsters vs. Skinny Puppy).mp3,❌ Not found - likely rare
Frog The Dawg,DMX vs. Rob Zombie,Mashing Pumpkins,2007,13 DMX vs. Rob Zombie.mp3,❓ Poor matches - potentially rare
Frog The Dawg,Devil Mix (Night of the Living Monster Mashup),Night of the Living Monster Mashup,,05 Devil Mix (Night of the Living Monster Mashup).mp3,❓ Poor matches - potentially rare
Frog The Dawg,The Great Frankenstein Show (Night of the Living Monster Mashup),night of the living monster mashup,,15 The Great Frankenstein Show (Night of the Living Monster Mashup).mp3,❌ Not found - likely rare
Fugees Vs Apollo 440,Bulletproof Fu Gee (Prosacs Mash-up),,2005,Bulletproof Fu Gee (Prosacs Mash-up).mp3,❌ Not found - likely rare
Gameface,Doctor My Eyes,Because We Care,,09 Doctor My Eyes.mp3,❓ Poor matches - potentially rare
Generics,Janie's Got a Gun (Aerosmith),,,Generics - Janie's Got a Gun (Aerosmith).mp3,❌ Not found - likely rare
Geoff Madden,Casual Conversations,Breakfast In Coverville,2009,19 Casual Conversations.mp3,❓ Poor matches - potentially rare
George Harrison,New Zealand performance,In His Own Words,2002,15 New Zealand performance.mp3,❓ Poor matches - potentially rare
Ghoti Hook,Friends {Led Zepplin},Songs We Didn't Write,,Friends {Led Zepplin}.mp3,❓ Poor matches - potentially rare
Go Home Productions,Peculiar Bop,Sleazy Egyptian EP,2015,02 Go Home Productions - Peculiar Bop.mp3,❓ Poor matches - potentially rare
Go Home Productions,Psychelectrodelica,GHP Complete - CD04 The Bootlegs,2003,4-03 Psychelectrodelica.mp3,❌ Not found - likely rare
Go Home Productions,Ray of Jam,GHP Complete - CD04 The Bootlegs,2003,4-16 Ray of Jam.mp3,❓ Poor matches - potentially rare
Go Home Productions,How Does It Feel To Be Rich Man,GHP Complete - CD04 The Bootlegs,2003,4-09 How Does It Feel To Be Rich Man.mp3,❓ Poor matches - potentially rare
Go Home Productions,Razor Smile,GHP Complete - CD04 The Bootlegs,2003,4-08 Razor Smile.mp3,❓ Poor matches - potentially rare
Go Home Productions,Kinky Madonna,GHP Complete - CD04 The Bootlegs,2003,4-07 Kinky Madonna.mp3,❓ Poor matches - potentially rare
Go Home Productions,"She Sells Tax, Man",GHP Complete - CD07 The Bootlegs,2005,"7-11 She Sells Tax, Man.mp3",❓ Poor matches - potentially rare
Go Home Productions,Lose My Toxygene,GHP Complete - CD07 The Bootlegs,2005,7-23 Lose My Toxygene.mp3,❓ Poor matches - potentially rare
Go Home Productions,Adored When You Sleep,GHP Complete - CD07 The Bootlegs,2005,7-16 Adored When You Sleep.mp3,❓ Poor matches - potentially rare
Go Home Productions,Lose My Freedom,GHP Complete - CD07 The Bootlegs,2005,7-01 Lose My Freedom.mp3,❓ Poor matches - potentially rare
Go Home Productions,Jason Downs vs GHP Hot Choc Mix.mp3,GHP Complete - CD07 The Bootlegs,2005,7-09 Jason Downs vs GHP Hot Choc Mix.mp3.mp3,❌ Not found - likely rare
Go Home Productions,I Guess I Just Wasn't Made For A Longview Remix,GHP Complete - CD07 The Bootlegs,2005,7-17 I Guess I Just Wasn't Made For A Longview Remix.mp3,❓ Poor matches - potentially rare
Go Home Productions,World Shut Your Revolution,GHP Complete - CD07 The Bootlegs,2005,7-24 World Shut Your Revolution.mp3,❓ Poor matches - potentially rare
Go Home Productions,The Whale And The Walrus,GHP Complete - CD07 The Bootlegs,2005,7-12 The Whale And The Walrus.mp3,❓ Poor matches - potentially rare
Go Home Productions,Uptight Maggie (original),GHP Complete - CD07 The Bootlegs,2005,7-21 Uptight Maggie (original).mp3,❓ Poor matches - potentially rare
Go Home Productions,Alive And Nellified,GHP Complete - CD06 The Bootlegs,2004,6-07 Alive And Nellified.mp3,❓ Poor matches - potentially rare
Go Home Productions,War Doggs & Iron Pigs,GHP Complete - CD06 The Bootlegs,2004,6-06 War Doggs & Iron Pigs.mp3,❓ Poor matches - potentially rare
Go Home Productions,Tomorrows Seeds,GHP Complete - CD06 The Bootlegs,2004,6-19 Tomorrows Seeds.mp3,❓ Poor matches - potentially rare
Go Home Productions,Franz Buffalo (original),GHP Complete - CD06 The Bootlegs,2004,6-09 Franz Buffalo (original).mp3,❓ Poor matches - potentially rare
Go Home Productions,Jimi Public,GHP Complete - CD06 The Bootlegs,2004,6-10 Jimi Public.mp3,❓ Poor matches - potentially rare
Go Home Productions,Beatleg Bootles Part1,,,Beatleg Bootles Part1.mp3,❌ Not found - likely rare
Go Home Productions,Lose My Toxygene,,,Lose My Toxygene.mp3,❓ Poor matches - potentially rare
Go Home Productions,If Your Girl Was Stoned,,,If Your Girl Was Stoned.mp3,❓ Poor matches - potentially rare
Go Home Productions,Psychelectrodelica(2003),,,Psychelectrodelica(2003).mp3,❌ Not found - likely rare
Go Home Productions,Boulevard of Broken Songs,,,08 Boulevard of Broken Songs.mp3,❓ Poor matches - potentially rare
Go Home Productions,Primal Scream 'Kowalski' GHP Bootleg Breaks Remix,,,Primal Scream 'Kowalski' GHP Bootleg Breaks Remix.mp3,❌ Not found - likely rare
Go Home Productions,wrapped_detective_full_mix,,,wrapped_detective_full_mix.mp3,❌ Not found - likely rare
Go Home Productions,Kowalski Breaks (bootleg mix),GHP Complete - CD08 The Bootlegs,2006,8-05 Kowalski Breaks (bootleg mix).mp3,❓ Poor matches - potentially rare
Go Home Productions,Carpenters Christmas (Karen Meets Roots Radics Uptown),GHP Complete - CD08 The Bootlegs,2006,8-19 Carpenters Christmas (Karen Meets Roots Radics Uptown).mp3,❓ Poor matches - potentially rare
Go Home Productions,Destiny1999,GHP Complete - CD08 The Bootlegs,2006,8-15 Destiny1999.mp3,❓ Poor matches - potentially rare
Go Home Productions,I Can't Freak Her,GHP Complete - CD08 The Bootlegs,2006,8-11 I Can't Freak Her.mp3,❓ Poor matches - potentially rare
Go Home Productions,"Don't Like Monday, It's Friday (Club Mix)",GHP Complete - CD08 The Bootlegs,2006,"8-17 Don't Like Monday, It's Friday (Club Mix).mp3",❓ Poor matches - potentially rare
Go Home Productions,Flaming Mary Can Out Run Prince,GHP Complete - CD08 The Bootlegs,2006,8-07 Flaming Mary Can Out Run Prince.mp3,❓ Poor matches - potentially rare
Go Home Productions,Little Do You Know Your Rights,GHP Complete - CD01 The Bootlegs,2002,1-06 Little Do You Know Your Rights.mp3,❓ Poor matches - potentially rare
Go Home Productions,I Wanna Dance With Some Bono,GHP Complete - CD01 The Bootlegs,2002,1-05 I Wanna Dance With Some Bono.mp3,❓ Poor matches - potentially rare
Go Home Productions,Genies Revenge,GHP Complete - CD01 The Bootlegs,2002,1-02 Genies Revenge.mp3,❓ Poor matches - potentially rare
Go Home Productions,Girls Don't Stop Til They Get Enough,GHP Complete - CD01 The Bootlegs,2002,1-18 Girls Don't Stop Til They Get Enough.mp3,❓ Poor matches - potentially rare
Go Home Productions,Reverend Black Jackson,GHP Complete - CD01 The Bootlegs,2002,1-09 Reverend Black Jackson.mp3,❓ Poor matches - potentially rare
Go Home Productions,Independent Creep,GHP Complete - CD01 The Bootlegs,2002,1-10 Independent Creep.mp3,❓ Poor matches - potentially rare
Go Home Productions,Legacy Scrubbed,GHP Complete - CD01 The Bootlegs,2002,1-14 Legacy Scrubbed.mp3,❓ Poor matches - potentially rare
Go Home Productions,Work It Out With A Foxy Lady,GHP Complete - CD01 The Bootlegs,2002,1-12 Work It Out With A Foxy Lady.mp3,❓ Poor matches - potentially rare
Go Home Productions,Daytrip to Heaven,GHP Complete - CD01 The Bootlegs,2002,1-20 Daytrip to Heaven.mp3,❓ Poor matches - potentially rare
Go Home Productions,Three Steps To A Bittersweet Goodbye,GHP Complete - CD01 The Bootlegs,2002,1-13 Three Steps To A Bittersweet Goodbye.mp3,❓ Poor matches - potentially rare
Go Home Productions,Annie Rush,GHP Complete - CD05 The Bootlegs,2004,5-18 Annie Rush.mp3,❓ Poor matches - potentially rare
Go Home Productions,Xtina's A Monkee,GHP Complete - CD05 The Bootlegs,2004,5-05 Xtina's A Monkee.mp3,❓ Poor matches - potentially rare
Go Home Productions,"Don't Stop Changing, Man (MTV Mash)",GHP Complete - CD05 The Bootlegs,2004,"5-15 Don't Stop Changing, Man (MTV Mash).mp3",❓ Poor matches - potentially rare
Go Home Productions,Montell Benson,GHP Complete - CD05 The Bootlegs,2003,5-01 Montell Benson.mp3,❓ Poor matches - potentially rare
Go Home Productions,I Just Wasn't Made For The Back Seat Of My Car,GHP Complete - CD05 The Bootlegs,2004,5-13 I Just Wasn't Made For The Back Seat Of My Car.mp3,❓ Poor matches - potentially rare
Go Home Productions,PiLs Thrills and Britneyache,GHP Complete - CD05 The Bootlegs,2003,5-02 PiLs Thrills and Britneyache.mp3,❌ Not found - likely rare
Go Home Productions,Too Busy Thinking About The Angry Mob,GHP Complete - CD09 The Bootlegs,2007,9-02 Too Busy Thinking About The Angry Mob.mp3,❓ Poor matches - potentially rare
Go Home Productions,"Good Luck Babe, I'm Gonna Leave You",GHP Complete - CD09 The Bootlegs,2007,"9-08 Good Luck Babe, I'm Gonna Leave You.mp3",❓ Poor matches - potentially rare
Go Home Productions,Carpenters Christmas (Karen Meets Roots Radics Uptown),GHP Christmas EP,2006,01 Carpenters Christmas (Karen Meets Roots Radics Uptown).mp3,❓ Poor matches - potentially rare
Go Home Productions,Luther's Orange Squash,Spliced Krispies,2008,07 Luther's Orange Squash.mp3,❓ Poor matches - potentially rare
Go Home Productions,Justin Likes Blondes,GHP Complete - CD02 The Bootlegs,2003,2-13 Justin Likes Blondes.mp3,❓ Poor matches - potentially rare
Go Home Productions,Nobody Makes The Sweet Jam Taste Better,GHP Complete - CD02 The Bootlegs,2002,2-09 Nobody Makes The Sweet Jam Taste Better.mp3,❓ Poor matches - potentially rare
Go Home Productions,Like I Absolutely Love You,GHP Complete - CD02 The Bootlegs,2003,2-14 Like I Absolutely Love You.mp3,❓ Poor matches - potentially rare
Go Home Productions,Kelly's Lazy Papa,GHP Complete - CD02 The Bootlegs,2002,2-02 Kelly's Lazy Papa.mp3,❓ Poor matches - potentially rare
Go Home Productions,Aint No SunShine In My Closet,GHP Complete - CD02 The Bootlegs,2002,2-08 Aint No SunShine In My Closet.mp3,❓ Poor matches - potentially rare
Go Home Productions,Happy Behaviour,GHP Complete - CD02 The Bootlegs,2002,2-07 Happy Behaviour.mp3,❓ Poor matches - potentially rare
Go Home Productions,If Your Girl Was Stoned,GHP Complete - CD02 The Bootlegs,2002,2-01 If Your Girl Was Stoned.mp3,❓ Poor matches - potentially rare
Go Home Productions,I Dream Of Pussy,GHP Complete - CD02 The Bootlegs,2002,2-10 I Dream Of Pussy.mp3,❓ Poor matches - potentially rare
Go Home Productions,Baby's Got a Crazy Horse (original),GHP Complete - CD02 The Bootlegs,2002,2-11 Baby's Got a Crazy Horse (original).mp3,❓ Poor matches - potentially rare
Go Home Productions,Dirrty Magic,GHP Complete - CD02 The Bootlegs,2003,2-17 Dirrty Magic.mp3,❓ Poor matches - potentially rare
Go Home Productions,Sloop For No One (2003),Beatleg Bootles (Volume One),,02 Sloop For No One (2003).mp3,❓ Poor matches - potentially rare
Go Home Productions,Temptation Of The Police,Berlin EP,2010,04 Temptation Of The Police.mp3,❓ Poor matches - potentially rare
Go Home Productions,How Soon Is Independence?,Berlin EP,2010,01 How Soon Is Independence_.mp3,❓ Poor matches - potentially rare
Go Home Productions,You Make Me Feel XTC,GHP Complete - CD03 The Bootlegs,2003,3-10 You Make Me Feel XTC.mp3,❓ Poor matches - potentially rare
Go Home Productions,Return Of The Weather Episode (remix),GHP Complete - CD03 The Bootlegs,2003,3-06 Return Of The Weather Episode (remix).mp3,❓ Poor matches - potentially rare
Go Home Productions,Crazy Love Affair,GHP Complete - CD03 The Bootlegs,2003,3-09 Crazy Love Affair.mp3,❓ Poor matches - potentially rare
Go Home Productions,Wouldn't It Be Nice To Be Your First (aka Barry Wilson),GHP Complete - CD03 The Bootlegs,2003,3-08 Wouldn't It Be Nice To Be Your First (aka Barry Wilson).mp3,❓ Poor matches - potentially rare
Go Home Productions,Pinball Party (demo),GHP Complete - CD12 Rarities & Unreleased,2004,12-10 Pinball Party (demo).mp3,❓ Poor matches - potentially rare
Go Home Productions,Ray Of Gob - Iain Baker (XFM 2003),GHP Complete - CD12 Rarities & Unreleased,2003,12-31 Ray Of Gob - Iain Baker (XFM 2003).mp3,❌ Not found - likely rare
Go Home Productions,Messageology (demo),GHP Complete - CD12 Rarities & Unreleased,2005,12-20 Messageology (demo).mp3,❌ Not found - likely rare
Go Home Productions,New Digital Star (Sky Sports demo),GHP Complete - CD12 Rarities & Unreleased,2004,12-09 New Digital Star (Sky Sports demo).mp3,❓ Poor matches - potentially rare
Go Home Productions,Christmas Gob (clean) (2003),GHP's Christmas Stuffing,2003,02 Christmas Gob (clean) (2003).mp3,❓ Poor matches - potentially rare
Go Home Productions,Christmas On The Block (2002),GHP's Christmas Stuffing,2002,01 Christmas On The Block (2002).mp3,❓ Poor matches - potentially rare
Go Home Productions,Carpenters Christmas (Karen Meets Roots Radics Uptown) (2006),GHP's Christmas Stuffing,2006,04 Carpenters Christmas (Karen Meets Roots Radics Uptown) (2006).mp3,❌ Not found - likely rare
Go Home Productions brought to you by Mashuptown.com,Pink Wedding,Trashed,2006,01 Pink Wedding.mp3,❌ Not found - likely rare
"Golden Fluffys, The",Magazines & Advertisements (Jonny Vegas Mix),Hey Brother II,1997,18 Magazines & Advertisements (Jonny Vegas Mix).mp3,❓ Poor matches - potentially rare
Gordon Merrick and Liz Enthusiasm,2-space age love song,Best Friends Forever: Gordon Merrick and Liz Enthusiasm,2004,2-space age love song.mp3,❌ Not found - likely rare
Gordon Merrick and Liz Enthusiasm,1-don't change,Best Friends Forever: Gordon Merrick and Liz Enthusiasm,2004,1-don't change.mp3,❌ Not found - likely rare
Gordon Merrick and Liz Enthusiasm,6-summer boy,Best Friends Forever: Gordon Merrick and Liz Enthusiasm,2004,6-summer boy.mp3,❌ Not found - likely rare
Gordon Merrick and Liz Enthusiasm,5-neverending story,Best Friends Forever: Gordon Merrick and Liz Enthusiasm,2004,5-neverending story.mp3,❓ Poor matches - potentially rare
Gordon Merrick and Liz Enthusiasm,4-only you,Best Friends Forever: Gordon Merrick and Liz Enthusiasm,2004,4-only you.mp3,❓ Poor matches - potentially rare
Hard N'Phirm,Fitter Clappier,Horses and Grasses,2005,09 Fitter Clappier.mp3,❌ Not found - likely rare
Harry Kandel's Orchestra,Der Gassen Nigen,Rough Guide to Klezmer,,08 Der Gassen Nigen.mp3,❓ Poor matches - potentially rare
Hebro,Push Wood in The Fire Benny,Looking For Joe,,04 Push Wood in The Fire Benny.mp3,❓ Poor matches - potentially rare
Heywood Banks,04-Only By The Ghouls Who Are Dead (DJ Useo Remix),Halloween ep 2008,,04-Only By The Ghouls Who Are Dead (DJ Useo Remix).mp3,❌ Not found - likely rare
Howard McGillis And The People Of South Park,La Resistance (Medley),"South Park: Bigger, Longer & Uncut",1999,08 La Resistance (Medley).mp3,❌ Not found - likely rare
Howard McGillis And The People Of South Park,La Resistance (Medley),"South Park: Bigger, Longer & Uncut",1999,08 La Resistance (Medley).mp3,❌ Not found - likely rare
Huerzo,Spice Up My Fire,,,Spice Up My Fire.mp3,❓ Poor matches - potentially rare
Incubus,Incubus - The Warmth - Live from New York City 9/16/01,Best Buy Limited Edition CD,2001,01 Incubus - The Warmth - Live from New York City 9_16_01.mp3,❌ Not found - likely rare
Incubus,Incubus - Wish You Were Here - Live from New York City 9/16/01,Best Buy Limited Edition CD,2001,02 Incubus - Wish You Were Here - Live from New York City 9_16_01.mp3,❌ Not found - likely rare
Irn Mnky,Tongueless Ghost Of Sin,Bride Of Monster Mashup,2006,09 Tongueless Ghost Of Sin.mp3,❌ Not found - likely rare
Ito-k,Wishing,Freedom Of Choice,1992,09 Wishing.mp3,❓ Poor matches - potentially rare
J.K. Rowling,Chapter 14f,Harry Potter And The Deathly Hallows,2007,7-07 Chapter 14f.mp3,❌ Not found - likely rare
J.K. Rowling,Chapter 33b,Harry Potter And The Deathly Hallows,2007,15-14 Chapter 33b.mp3,❌ Not found - likely rare
J.K. Rowling,Chapter 33c,Harry Potter And The Deathly Hallows,2007,15-15 Chapter 33c.mp3,❓ Poor matches - potentially rare
J.K. Rowling,Chapter 19d,Harry Potter And The Deathly Hallows,2007,9-07 Chapter 19d.mp3,❌ Not found - likely rare
J.K. Rowling,Chapter 34f,Harry Potter And The Deathly Hallows,2007,16-13 Chapter 34f.mp3,❌ Not found - likely rare
J.K. Rowling,Chapter 31j,Harry Potter And The Deathly Hallows,2007,15-02 Chapter 31j.mp3,❓ Poor matches - potentially rare
J.K. Rowling,Chapter 26g,Harry Potter And The Deathly Hallows,2007,12-18 Chapter 26g.mp3,❌ Not found - likely rare
J.K. Rowling,Chapter 30c,Harry Potter And The Deathly Hallows,2007,14-06 Chapter 30c.mp3,❓ Poor matches - potentially rare
J.K. Rowling,Chapter 22f,Harry Potter And The Deathly Hallows,2007,10-15 Chapter 22f.mp3,❌ Not found - likely rare
J.K. Rowling,Chapter 33h,Harry Potter And The Deathly Hallows,2007,16-03 Chapter 33h.mp3,❌ Not found - likely rare
J.K. Rowling,Chapter 34c,Harry Potter And The Deathly Hallows,2007,16-10 Chapter 34c.mp3,❓ Poor matches - potentially rare
J.K. Rowling,Chapter 23c,Harry Potter And The Deathly Hallows,2007,11-02 Chapter 23c.mp3,❌ Not found - likely rare
J.K. Rowling,Chapter 12d,Harry Potter And The Deathly Hallows,2007,6-05 Chapter 12d.mp3,❓ Poor matches - potentially rare
J.K. Rowling,Chapter 36f,Harry Potter And The Deathly Hallows,2007,17-09 Chapter 36f.mp3,❌ Not found - likely rare
J.K. Rowling,Chapter 13b,Harry Potter And The Deathly Hallows,2007,6-12 Chapter 13b.mp3,❓ Poor matches - potentially rare
J.K. Rowling,Chapter 25d,Harry Potter And The Deathly Hallows,2007,12-09 Chapter 25d.mp3,❌ Not found - likely rare
J.K. Rowling,Chapter 36c,Harry Potter And The Deathly Hallows,2007,17-06 Chapter 36c.mp3,❌ Not found - likely rare
J.K. Rowling,Chapter 26j,Harry Potter And The Deathly Hallows,2007,13-03 Chapter 26j.mp3,❓ Poor matches - potentially rare
J.K. Rowling,Chapter 35h,Harry Potter And The Deathly Hallows,2007,17-03 Chapter 35h.mp3,❌ Not found - likely rare
J.K. Rowling,Chapter 31e,Harry Potter And The Deathly Hallows,2007,14-16 Chapter 31e.mp3,❌ Not found - likely rare
J.K. Rowling,Chapter 26h,Harry Potter And The Deathly Hallows,2007,13-01 Chapter 26h.mp3,❌ Not found - likely rare
J.K. Rowling,Chapter 32e,Harry Potter And The Deathly Hallows,2007,15-09 Chapter 32e.mp3,❌ Not found - likely rare
J.K. Rowling,Chapter 21d,Harry Potter And The Deathly Hallows,2007,10-05 Chapter 21d.mp3,❓ Poor matches - potentially rare
J.K. Rowling,Chapter 31f,Harry Potter And The Deathly Hallows,2007,14-17 Chapter 31f.mp3,❌ Not found - likely rare
J.K. Rowling,Chapter 33a,Harry Potter And The Deathly Hallows,2007,15-13 Chapter 33a.mp3,❌ Not found - likely rare
J.K. Rowling,Chapter 29f,Harry Potter And The Deathly Hallows,2007,14-02 Chapter 29f.mp3,❌ Not found - likely rare
J.K. Rowling,Chapter 19g,Harry Potter And The Deathly Hallows,2007,9-10 Chapter 19g.mp3,❌ Not found - likely rare
J.K. Rowling,Chapter 33g,Harry Potter And The Deathly Hallows,2007,16-02 Chapter 33g.mp3,❌ Not found - likely rare
J.K. Rowling,Chapter 24e,Harry Potter And The Deathly Hallows,2007,11-17 Chapter 24e.mp3,❓ Poor matches - potentially rare
J.K. Rowling,Chapter 30b,Harry Potter And The Deathly Hallows,2007,14-05 Chapter 30b.mp3,❓ Poor matches - potentially rare
J.K. Rowling,Chapter 25c,Harry Potter And The Deathly Hallows,2007,12-08 Chapter 25c.mp3,❌ Not found - likely rare
J.K. Rowling,Chapter 17c,Harry Potter And The Deathly Hallows,2007,8-10 Chapter 17c.mp3,❌ Not found - likely rare
J.K. Rowling,Chapter 29d,Harry Potter And The Deathly Hallows,2007,13-19 Chapter 29d.mp3,❌ Not found - likely rare
J.K. Rowling,Chapter 25a,Harry Potter And The Deathly Hallows,2007,12-06 Chapter 25a.mp3,❓ Poor matches - potentially rare
J.K. Rowling,Chapter 32d,Harry Potter And The Deathly Hallows,2007,15-08 Chapter 32d.mp3,❌ Not found - likely rare
J.K. Rowling,Chapter 36a,Harry Potter And The Deathly Hallows,2007,17-04 Chapter 36a.mp3,❓ Poor matches - potentially rare
J.K. Rowling,Chapter 28b,Harry Potter And The Deathly Hallows,2007,13-10 Chapter 28b.mp3,❌ Not found - likely rare
J.K. Rowling,Chapter 23l,Harry Potter And The Deathly Hallows,2007,11-11 Chapter 23l.mp3,❓ Poor matches - potentially rare
J.K. Rowling,Chapter 29g,Harry Potter And The Deathly Hallows,2007,14-03 Chapter 29g.mp3,❌ Not found - likely rare
J.K. Rowling,Chapter 36h,Harry Potter And The Deathly Hallows,2007,17-11 Chapter 36h.mp3,❌ Not found - likely rare
J.K. Rowling,Chapter 31g,Harry Potter And The Deathly Hallows,2007,14-18 Chapter 31g.mp3,❌ Not found - likely rare
J.K. Rowling,Chapter 34e,Harry Potter And The Deathly Hallows,2007,16-12 Chapter 34e.mp3,❌ Not found - likely rare
J.K. Rowling,Chapter 25b,Harry Potter And The Deathly Hallows,2007,12-07 Chapter 25b.mp3,❌ Not found - likely rare
J.K. Rowling,Chapter 11g,Harry Potter And The Deathly Hallows,2007,5-17 Chapter 11g.mp3,❌ Not found - likely rare
J.K. Rowling,Chapter 33d,Harry Potter And The Deathly Hallows,2007,15-16 Chapter 33d.mp3,❓ Poor matches - potentially rare
J.K. Rowling,Chapter 20c,Harry Potter And The Deathly Hallows,2007,9-16 Chapter 20c.mp3,❌ Not found - likely rare
J.K. Rowling,Chapter 19j,Harry Potter And The Deathly Hallows,2007,9-13 Chapter 19j.mp3,❌ Not found - likely rare
J.K. Rowling,Chapter 20f,Harry Potter And The Deathly Hallows,2007,9-19 Chapter 20f.mp3,❌ Not found - likely rare
J.K. Rowling,Chapter 24g,Harry Potter And The Deathly Hallows,2007,12-01 Chapter 24g.mp3,❌ Not found - likely rare
J.K. Rowling,Chapter 28g,Harry Potter And The Deathly Hallows,2007,13-15 Chapter 28g.mp3,❌ Not found - likely rare
J.K. Rowling,Chapter 27c,Harry Potter And The Deathly Hallows,2007,13-07 Chapter 27c.mp3,❌ Not found - likely rare
J.K. Rowling,Chapter 29b,Harry Potter And The Deathly Hallows,2007,13-17 Chapter 29b.mp3,❌ Not found - likely rare
J.K. Rowling,Chapter 24f,Harry Potter And The Deathly Hallows,2007,11-18 Chapter 24f.mp3,❌ Not found - likely rare
J.K. Rowling,Chapter 34a,Harry Potter And The Deathly Hallows,2007,16-08 Chapter 34a.mp3,❓ Poor matches - potentially rare
J.K. Rowling,Chapter 36g,Harry Potter And The Deathly Hallows,2007,17-10 Chapter 36g.mp3,❓ Poor matches - potentially rare
J.K. Rowling,Chapter 32f,Harry Potter And The Deathly Hallows,2007,15-10 Chapter 32f.mp3,❌ Not found - likely rare
J.K. Rowling,Chapter 32h,Harry Potter And The Deathly Hallows,2007,15-12 Chapter 32h.mp3,❌ Not found - likely rare
J.K. Rowling,Chapter 35g,Harry Potter And The Deathly Hallows,2007,17-02 Chapter 35g.mp3,❌ Not found - likely rare
J.K. Rowling,Chapter 31b,Harry Potter And The Deathly Hallows,2007,14-13 Chapter 31b.mp3,❌ Not found - likely rare
J.K. Rowling,Chapter 27d,Harry Potter And The Deathly Hallows,2007,13-08 Chapter 27d.mp3,❌ Not found - likely rare
J.K. Rowling,Chapter 28d,Harry Potter And The Deathly Hallows,2007,13-12 Chapter 28d.mp3,❌ Not found - likely rare
J.K. Rowling,Chapter 29c,Harry Potter And The Deathly Hallows,2007,13-18 Chapter 29c.mp3,❌ Not found - likely rare
J.K. Rowling,Chapter 30g,Harry Potter And The Deathly Hallows,2007,14-10 Chapter 30g.mp3,❓ Poor matches - potentially rare
J.K. Rowling,Chapter 15d,Harry Potter And The Deathly Hallows,2007,7-11 Chapter 15d.mp3,❌ Not found - likely rare
J.K. Rowling,Chapter 23f,Harry Potter And The Deathly Hallows,2007,11-05 Chapter 23f.mp3,❌ Not found - likely rare
J.K. Rowling,Chapter 35f,Harry Potter And The Deathly Hallows,2007,17-01 Chapter 35f.mp3,❌ Not found - likely rare
J.K. Rowling,Chapter 28f,Harry Potter And The Deathly Hallows,2007,13-14 Chapter 28f.mp3,❓ Poor matches - potentially rare
J.K. Rowling,Chapter 15c,Harry Potter And The Deathly Hallows,2007,7-10 Chapter 15c.mp3,❌ Not found - likely rare
J.K. Rowling,Chapter 33f,Harry Potter And The Deathly Hallows,2007,16-01 Chapter 33f.mp3,❌ Not found - likely rare
J.K. Rowling,Chapter 27b,Harry Potter And The Deathly Hallows,2007,13-06 Chapter 27b.mp3,❌ Not found - likely rare
J.K. Rowling,Chapter 13d,Harry Potter And The Deathly Hallows,2007,6-14 Chapter 13d.mp3,❌ Not found - likely rare
J.K. Rowling,Chapter 22e,Harry Potter And The Deathly Hallows,2007,10-14 Chapter 22e.mp3,❓ Poor matches - potentially rare
J.K. Rowling,Chapter 15j,Harry Potter And The Deathly Hallows,2007,7-17 Chapter 15j.mp3,❌ Not found - likely rare
J.K. Rowling,Chapter 32a,Harry Potter And The Deathly Hallows,2007,15-05 Chapter 32a.mp3,❌ Not found - likely rare
J.K. Rowling,Chapter 18f,Harry Potter And The Deathly Hallows,2007,9-03 Chapter 18f.mp3,❌ Not found - likely rare
J.K. Rowling,Chapter 36e,Harry Potter And The Deathly Hallows,2007,17-08 Chapter 36e.mp3,❌ Not found - likely rare
J.K. Rowling,Chapter 35e,Harry Potter And The Deathly Hallows,2007,16-18 Chapter 35e.mp3,❓ Poor matches - potentially rare
J.K. Rowling,Chapter 26a,Harry Potter And The Deathly Hallows,2007,12-12 Chapter 26a.mp3,❌ Not found - likely rare
J.K. Rowling,Chapter 36d,Harry Potter And The Deathly Hallows,2007,17-07 Chapter 36d.mp3,❌ Not found - likely rare
J.K. Rowling,Chapter 17f,Harry Potter And The Deathly Hallows,2007,8-13 Chapter 17f.mp3,❌ Not found - likely rare
J.K. Rowling,Chapter 30f,Harry Potter And The Deathly Hallows,2007,14-09 Chapter 30f.mp3,❌ Not found - likely rare
J.K. Rowling,Chapter 21c,Harry Potter And The Deathly Hallows,2007,10-04 Chapter 21c.mp3,❓ Poor matches - potentially rare
J.K. Rowling,Chapter 32c,Harry Potter And The Deathly Hallows,2007,15-07 Chapter 32c.mp3,❌ Not found - likely rare
J.K. Rowling,Chapter 31d,Harry Potter And The Deathly Hallows,2007,14-15 Chapter 31d.mp3,❌ Not found - likely rare
J.K. Rowling,Chapter 22g,Harry Potter And The Deathly Hallows,2007,10-16 Chapter 22g.mp3,❌ Not found - likely rare
J.K. Rowling,Chapter 30h,Harry Potter And The Deathly Hallows,2007,14-11 Chapter 30h.mp3,❌ Not found - likely rare
J.K. Rowling,Chapter 36j,Harry Potter And The Deathly Hallows,2007,17-13 Chapter 36j.mp3,❌ Not found - likely rare
J.K. Rowling,Chapter 15g,Harry Potter And The Deathly Hallows,2007,7-14 Chapter 15g.mp3,❌ Not found - likely rare
J.K. Rowling,Chapter 26b,Harry Potter And The Deathly Hallows,2007,12-13 Chapter 26b.mp3,❌ Not found - likely rare
J.K. Rowling,Chapter 23g,Harry Potter And The Deathly Hallows,2007,11-06 Chapter 23g.mp3,❌ Not found - likely rare
J.K. Rowling,Chapter 13g,Harry Potter And The Deathly Hallows,2007,6-17 Chapter 13g.mp3,❌ Not found - likely rare
J.K. Rowling,Chapter 26f,Harry Potter And The Deathly Hallows,2007,12-17 Chapter 26f.mp3,❌ Not found - likely rare
J.K. Rowling,Chapter 26d,Harry Potter And The Deathly Hallows,2007,12-15 Chapter 26d.mp3,❌ Not found - likely rare
J.K. Rowling,Chapter 35c,Harry Potter And The Deathly Hallows,2007,16-16 Chapter 35c.mp3,❓ Poor matches - potentially rare
J.K. Rowling,Chapter 28c,Harry Potter And The Deathly Hallows,2007,13-11 Chapter 28c.mp3,❌ Not found - likely rare
JCV,"Eat, Sleep, Drink,Fuck",,2000,"Eat, Sleep, Drink,Fuck.mp3",❓ Poor matches - potentially rare
JOHHNY BOOTLEG,guns of foxies,,,guns of foxies.mp3,❓ Poor matches - potentially rare
Jacques Pernod,Farenheit 451 - Finale (The Book People),Bernard Hermann Film Scores,1992,09 Farenheit 451 - Finale (The Book People).mp3,❌ Not found - likely rare
James Ghofulpo,Breakfast in America,Breakfast In Coverville,2009,05 Breakfast in America.mp3,❌ Not found - likely rare
James Hill,I. Allegro con brio (One Small Suite for 'Ukulele),A Flying Leap,2005,05 I. Allegro con brio (One Small Suite for 'Ukulele).mp3,❓ Poor matches - potentially rare
James Kochalka Superstar,Beer Dog,Kissers,1999,Beer Dog.mp3,❌ Not found - likely rare
Jason Morris,The Universe Outsourced The Moon,QuickStopEntertainment.com Masters Of Song Fu,2008,01 The Universe Outsourced The Moon.mp3,❓ Poor matches - potentially rare
Jay-R,S.L.H. (Sri Lanka High) (M.I.A. vs. The Ramones),Best of Bootie 2005,2005,04 S.L.H. (Sri Lanka High) (M.I.A. vs. The Ramones).mp3,❌ Not found - likely rare
Jazz,Buddy Rich - Drum solo - MY GOD!!,,,Jazz - Buddy Rich - Drum solo - MY GOD!!.mp3,❓ Poor matches - potentially rare
Jazz Jamaica Feat. Courtney Pine,Wrapped Around Your Finger [Instrumental],Reggatta Mondatta-A Reggae Tribute To The Police,1997,1-12 Wrapped Around Your Finger [Instrumental].mp3,❓ Poor matches - potentially rare
Jewel-Paula Compilations,Violent Love -- Otis Rush,Willie Dixon: Working On The Blues Vol. 1,,02 Violent Love -- Otis Rush.mp3,❌ Not found - likely rare
Johnny Socko,"""Where It Counts""",Full Trucker Effect,1998,16 _Where It Counts_.mp3,❓ Poor matches - potentially rare
Johnny Socko,Next Big Thing- Cubby Bear,live recording 1-15-00,2000,01 Next Big Thing- Cubby Bear.mp3,❓ Poor matches - potentially rare
Johnny Socko,Hey Hey Hi- Cubby Bear,live recording 1-15-00,2000,02 Hey Hey Hi- Cubby Bear.mp3,❓ Poor matches - potentially rare
Johnny Socko,Rocks In My Head- Cubby Bear,live recording 1-15-00,2000,01 Rocks In My Head- Cubby Bear.mp3,❌ Not found - likely rare
Johnny Socko,Vinnie's Hooch- Cubby Bear,live recording 1-15-00,2000,01 Vinnie's Hooch- Cubby Bear.mp3,❌ Not found - likely rare
Junior Senior,Chicks and D--ks,d-d-don't stop the beat,2003,04 Chicks and D--ks.mp3,❓ Poor matches - potentially rare
Juxtaposeur,JuxtaPoeCreature,Son of Monster Mash,2005,18 JuxtaPoeCreature.mp3,❌ Not found - likely rare
Juxtaposeur,Demonique Dimotane Co,Bride Of Monster Mashup,2006,17 Demonique Dimotane Co.mp3,❌ Not found - likely rare
Kaiser Chiefs,Everyday I Love You Less And Less (GHP Chew Dub And Spat Out Remix).mp3,,,Everyday I Love You Less And Less (GHP Chew Dub And Spat Out Remix).mp3.mp3,❌ Not found - likely rare
King.of.Pants,9. FrankenBooted,Son of Monster Mash,2005,09 9. FrankenBooted.mp3,❌ Not found - likely rare
King.of.Pants,Werewolves Of Love (Meco vs. The Futureheads vs. Twiztid),Mashing Pumpkins,2007,11 Werewolves Of Love (Meco vs. The Futureheads vs. Twiztid).mp3,❌ Not found - likely rare
King.of.Pants,Silence of the Cannibals (Toto Coelo vs Greenskeepers),Mashing Pumpkins,2007,04 Silence of the Cannibals (Toto Coelo vs Greenskeepers).mp3,❌ Not found - likely rare
KrazyBen,Monster Of The Crypt,Bride Of Monster Mashup,2006,04 Monster Of The Crypt.mp3,❌ Not found - likely rare
Kriss Kross,10-Can't Stop The Bum Rush,,,10-Can't Stop The Bum Rush.mp3,❌ Not found - likely rare
LASSO THE MOON,Religion in the wind (kansas vs.REM),,2009,Religion in the wind (kansas vs.REM).mp3,❓ Poor matches - potentially rare
LCD Soundsystem,Us vs Them (Go Home Productions remix),GHP Complete - CD11 Unofficial Remixes Vol2,2007,11-20 Us vs Them (Go Home Productions remix).mp3,❓ Poor matches - potentially rare
LDM101,The Forgotten Groove,Forgotten Hits,2007,05 The Forgotten Groove.mp3,❌ Not found - likely rare
LDM101,The Forgotten Dub,Forgotten Hits,2007,15 The Forgotten Dub.mp3,❓ Poor matches - potentially rare
LOO & PLACIDO,COCONUTS WANTED,http://www.looandplacido.com,2004,COCONUTS WANTED.mp3,❓ Poor matches - potentially rare
LOO & PLACIDO,INDIE 103.1 FM NEON NOISE  MIX,http://www.myspace.com/looandplacido,2007,INDIE 103.1 FM NEON NOISE  MIX.mp3,❌ Not found - likely rare
Lady Gaga Vs. Book Of Love  [produced by 'Voicedude'],Monster Boys,MONSTER MASHUP - PHANTOM OF THE MASHUPERA,2010,Monster Boys.mp3,❓ Poor matches - potentially rare
Lebecs,Love Via Satelite,Double Exposure,,1-08 Love Via Satelite.mp3,❓ Poor matches - potentially rare
Led Zeppelin,Tracks 2-8: Station Liners,Remasters,1992,3-02 Tracks 2-8_ Station Liners.mp3,❌ Not found - likely rare
Led Zeppelin,Tracks 9-20: Answers Only (Jimmy Page),Remasters,1992,3-09 Tracks 9-20_ Answers Only (Jimmy Page).mp3,❓ Poor matches - potentially rare
LeeDM101,Reign_in_my_Awakening_Eyes,,,Reign_in_my_Awakening_Eyes.mp3,❌ Not found - likely rare
LeeDM101,Womanizer On Fire (Kings of Leon vs. Britney Spears vs. Jason Nevins),Best of Bootie 2009 v.2,2009,11 Womanizer On Fire (Kings of Leon vs. Britney Spears vs. Jason Nevins).mp3,❓ Poor matches - potentially rare
Let's Go Bowling,Badminton On A Rope (The Ska Parade Theme Song),Step On It: The Best Of The Ska Parade Radio Show,1994,02 Badminton On A Rope (The Ska Parade Theme Song).mp3,❓ Poor matches - potentially rare
Let02,Dirt For Sale,,,Let02 - Dirt For Sale.mp3,❓ Poor matches - potentially rare
Let03,Evangelists,,,Let03 - Evangelists.mp3,❓ Poor matches - potentially rare
Let04,Pop The Question,,,Let04 - Pop The Question.mp3,❓ Poor matches - potentially rare
Let05,Paul McCartney,,,Let05 - Paul McCartney.mp3,❌ Not found - likely rare
Let07,Lingerie,,,Let07 - Lingerie.mp3,❓ Poor matches - potentially rare
Lettuce,The L.E.S. (iTunes Exclusive Bonus Track),Rage!,2008,15 The L.E.S. (iTunes Exclusive Bonus Track).m4a,❓ Poor matches - potentially rare
Limbeck,I Think It's Lame To Hold Your Breath,Because We Care,,04 I Think It's Lame To Hold Your Breath.mp3,❌ Not found - likely rare
Loony Wise Men vs La Roux,Bulletproof dude,The wheel EP,2009,Bulletproof dude.mp3,❌ Not found - likely rare
METAMIX,THREE_BIKINIS_ON_THE_ROCKS,,,THREE_BIKINIS_ON_THE_ROCKS.mp3,❌ Not found - likely rare
MP3,AudioTrack 04 (range),elvis costello,2000,AudioTrack 04 (range).mp3,❓ Poor matches - potentially rare
Maffitt/Davies,Lungi Dai Caro Beni,The Rise And Fall Of Honesty,1968,10 Lungi Dai Caro Beni.mp3,❌ Not found - likely rare
Mark & Brian,Electronic Football Guy,"You Had to Be There (Disc 1, Comedy)",1997,1-09 Electronic Football Guy.mp3,❓ Poor matches - potentially rare
Mark and Brian,Tom Cruise meets Gene Wilder?,You Had To Be There,1997,1-05 Tom Cruise meets Gene Wilder_.mp3,❓ Poor matches - potentially rare
Mark and Brian,Dan Quayle Rehearsal,All of Me,1995,02 Dan Quayle Rehearsal.mp3,❓ Poor matches - potentially rare
Mark and Brian,Cat Box Call,All of Me,1995,14 Cat Box Call.mp3,❓ Poor matches - potentially rare
Mark and Brian,Our National Anthen Performed by Luther Evins,All of Me,1995,01 Our National Anthen Performed by Luther Evins.mp3,❌ Not found - likely rare
Mary Lee's Corvette,Home Town,Different For Girls: Women Artists And Female-Fronted Bands Cover Joe Jackson,2004,12 Home Town.mp3,❓ Poor matches - potentially rare
Matt Hite,Me & You & Yazoo (Cassie vs. Yazoo),Best of Bootie 2007,2007,08 Me & You & Yazoo (Cassie vs. Yazoo).mp3,❓ Poor matches - potentially rare
Maxine Young,It's Different For Girls,Different For Girls: Women Artists And Female-Fronted Bands Cover Joe Jackson,2004,07 It's Different For Girls.mp3,❓ Poor matches - potentially rare
Michael Hedges,[95.09.30] - Funeral Town,,,Michael Hedges - [95.09.30] - Funeral Town.mp3,❌ Not found - likely rare
Michael Hedges,[97.07.06] - While my Guitar Gently Weeps,,,Michael Hedges - [97.07.06] - While my Guitar Gently Weeps.mp3,❌ Not found - likely rare
Michael Hedges,[97.07.06] - Free Swinging Soul [live on d~1,,,Michael Hedges - [97.07.06] - Free Swinging Soul [live on d~1.mp3,❌ Not found - likely rare
Michael Hedges,[90.winter] - Point A » Point B [live on t~1,,,Michael Hedges - [90.winter] - Point A » Point B [live on t~1.mp3,❓ Poor matches - potentially rare
Michael Hedges,[81.03.20] - Blackbird,,,Michael Hedges - [81.03.20] - Blackbird.mp3,❌ Not found - likely rare
Michael Hedges,[95.09.30] - Almost Cut My Hair,,,Michael Hedges - [95.09.30] - Almost Cut My Hair.mp3,❌ Not found - likely rare
Michael Hedges,[97.11.12] - Comfortably Numb [Harpguitar],,,Michael Hedges - [97.11.12] - Comfortably Numb [Harpguitar].mp3,❌ Not found - likely rare
Michael Hedges,[94.10.29] - Sapphire,,,Michael Hedges - [94.10.29] - Sapphire.mp3,❌ Not found - likely rare
Michael Hedges,[96.10.03] - Yesterday,,,Michael Hedges - [96.10.03] - Yesterday.mp3,❌ Not found - likely rare
Michael Hedges,[95.09.30] - Two Worlds,,,Michael Hedges - [95.09.30] - Two Worlds.mp3,❌ Not found - likely rare
Michael Hedges,[97.09.21] - All Along the Watchtower,,,Michael Hedges - [97.09.21] - All Along the Watchtower.mp3,❌ Not found - likely rare
Michael Hedges,[94.10.29] - Follow Through [ive with Manr~1,,,Michael Hedges - [94.10.29] - Follow Through [ive with Manr~1.mp3,❌ Not found - likely rare
Michael Hedges,[97.09.21] - No Expectations [harpguitar],,,Michael Hedges - [97.09.21] - No Expectations [harpguitar].mp3,❌ Not found - likely rare
Mike Patton,Songs To Make Love To Your Old Lady To,Music To Make Love To Your Old Lady By,2001,03 Songs To Make Love To Your Old Lady To.mp3,❓ Poor matches - potentially rare
Misc.,"Theme From ""Our Man Flint""",Bachelor Pad Royale,1996,06 Theme From _Our Man Flint_.mp3,❓ Poor matches - potentially rare
Monrose / El Barto & Liam B,Hot Summer (El Barto & Liam B Edit),,,Hot Summer (El Barto & Liam B Edit).mp3,❓ Poor matches - potentially rare
Moodswings feat. Neneh Cherry,Bali Ha'i,Welcome To Woop Woop,,07 Bali Ha'i.mp3,❌ Not found - likely rare
Mr Fab,Cannibal Zombie Mom,Bride Of Monster Mashup,2006,11 Cannibal Zombie Mom.mp3,❓ Poor matches - potentially rare
Mr Fab and His Bag O' Heads,I Want My Mummy (The Who vs. My Life With The Thrill Kill Kult vs. Steve Martin),Mashing Pumpkins,2007,05 I Want My Mummy (The Who vs. My Life With The Thrill Kill Kult vs. Steve Martin).mp3,❓ Poor matches - potentially rare
Mr Fab and His Bag O' Heads,Skeleton Crew on the Graveyard Shift,Son of Monster Mashup,2005,12 Skeleton Crew on the Graveyard Shift.mp3,❓ Poor matches - potentially rare
Mr Terrible,8. Hokus Pricey,Son of Monster Mash,2005,08 8. Hokus Pricey.mp3,❓ Poor matches - potentially rare
Mr. 2 Badd,Silly Sally,Spawn Of Skarmageddon [Disc 2],1995,2-16 Silly Sally.mp3,❓ Poor matches - potentially rare
Mr. Fab and His Bag O Heads,Spider and the Fly (Night of the Living Monster Mashup),Night of the Living Monster Mashup,,09 Spider and the Fly (Night of the Living Monster Mashup).mp3,❓ Poor matches - potentially rare
Mr. Fab and His Bag O Heads,El Psycho Watusi,Night of the Living Monster Mashup,2008,01 El Psycho Watusi.mp3,❌ Not found - likely rare
My Dear Disco,White Lies (EP Edit),Over The Noise EP,2010,02 White Lies (EP Edit) 1.m4a,❓ Poor matches - potentially rare
My Dear Disco,White Lies (EP Edit),Over The Noise EP,2010,02 White Lies (EP Edit).m4a,❓ Poor matches - potentially rare
Myagi v INXS,Tweak You Tonight,,2005,Tweak You Tonight.mp3,❌ Not found - likely rare
Mystic Knights of the Oingo Bo,Mystic Ramblings,,,Mystic Ramblings.mp3,❌ Not found - likely rare
Nacosta,Coldwater Canyon (Mp3),Breast Fest Sampler,2012,06 Coldwater Canyon (Mp3).mp3,❓ Poor matches - potentially rare
National Public Radio,Stars in Concert: 10/20/2007,NPR: Live Concerts from All Songs Considered Podcast,2007,01 Stars in Concert_ 10_20_2007.mp3,❌ Not found - likely rare
National Public Radio,Spoon in Concert: 10/23/2007,NPR: Live Concerts from All Songs Considered Podcast,2007,01 Spoon in Concert_ 10_23_2007.mp3,❌ Not found - likely rare
National Public Radio,The Arcade Fire in Concert: 02/17/2007,NPR: Live Concerts from All Songs Considered Podcast,2007,01 The Arcade Fire in Concert_ 02_17_2007.mp3,❌ Not found - likely rare
National Public Radio,The Frames in Concert: 04/26/2007,NPR: Live Concerts from All Songs Considered Podcast,2007,01 The Frames in Concert_ 04_26_2007.mp3,❌ Not found - likely rare
National Public Radio,Gogol Bordello in Concert: 07/18/2007,NPR: Live Concerts from All Songs Considered Podcast,2007,01 Gogol Bordello in Concert_ 07_18_2007.mp3,❌ Not found - likely rare
Nerf Herders,Chewbacca What A Wookie.mp3,,,Chewbacca What A Wookie.mp3.mp3,❌ Not found - likely rare
Nick Bougas Presents,Freddie Hubbard,Celebrities...At Their Worst!,2000,13 Freddie Hubbard.mp3,❌ Not found - likely rare
Nintendo,Super Mario Bros. / ワールドクリア ファンファーレ,SUPER MARIO HISTORY 1985-2010,2010,20 Super Mario Bros. _ ワールドクリア ファンファーレ.mp3,❓ Poor matches - potentially rare
Nintendo,Super Mario Bros. / マリオジャンプ,SUPER MARIO HISTORY 1985-2010,2010,12 Super Mario Bros. _ マリオジャンプ.mp3,❓ Poor matches - potentially rare
Nuclear Armed Hogs,The National Association Of W Lovers,31 Bands Trash 31 Songs To Find The Way To Sesame Street,,12 The National Association Of W Lovers.mp3,❓ Poor matches - potentially rare
Oingo Boingo,Boingo Alive (Disc Two) - 15 - Country Sweat,,,Oingo Boingo - Boingo Alive (Disc Two) - 15 - Country Sweat.mp3,❌ Not found - likely rare
Oingo Boingo,Goodbye-Goodbye (ucsb live!),,,Oingo Boingo - Goodbye-Goodbye (ucsb live!).mp3,❌ Not found - likely rare
Oingo Boingo,Goodbye Goodbye (ucsb live!),,,Oingo Boingo - Goodbye Goodbye (ucsb live!).mp3,❌ Not found - likely rare
One High Five,OCROCKRADIO 3-21-2011,OC ROCK RADIO,2011,OCROCKRADIO 3-21-2011.m4a,❌ Not found - likely rare
One High Five,(4) Tear Down the Wall,Click Tracks,,(4) Tear Down the Wall.mp3,❓ Poor matches - potentially rare
One High Five,Sweetly I Will Lay You Down,Click Tracks,2011,Sweetly I Will Lay You Down.mp3,❓ Poor matches - potentially rare
One High Five,(4) Fully Operational,Click Tracks,,(4) Fully Operational.mp3,❓ Poor matches - potentially rare
One High Five,(2) Because You're Young,Click Tracks,,(2) Because You're Young.mp3,❓ Poor matches - potentially rare
One High Five,(4) Everybody Pull the Trigger,Click Tracks,,(4) Everybody Pull the Trigger.mp3,❓ Poor matches - potentially rare
One High Five,(4) I've Just Seen a Face,Click Tracks,,(4) I've Just Seen a Face.mp3,❓ Poor matches - potentially rare
One High Five,Because You're Young,DiPiazza's 6-1-2011,2011,03 Because You're Young.mp3,❓ Poor matches - potentially rare
One High Five,Sweetly I Will Lay You Down,DiPiazza's 6-1-2011,2011,08 Sweetly I Will Lay You Down.mp3,❓ Poor matches - potentially rare
One High Five,Track 02,UNMASTER,,02 Track 02.mp3,❓ Poor matches - potentially rare
One High Five,Fully Operational 11.26,,2011,Fully Operational 11.26.mp3,❓ Poor matches - potentially rare
One High Five,Recording practice sat 2011-04-23 12-35-27,,2011,Recording practice sat 2011-04-23 12-35-27.mp3,❌ Not found - likely rare
One High Five,Winter Wonderland (version 2),,2011,01 Winter Wonderland (version 2).mp3,❓ Poor matches - potentially rare
One High Five,OneHighFiveFullyOperationalLIVEAcoustic,,,OneHighFiveFullyOperationalLIVEAcoustic.mp3,❌ Not found - likely rare
One High Five,Blackbird Fly (cover),,2012,01 Blackbird Fly (cover).mp3,❓ Poor matches - potentially rare
One High Five,OneHighFiveSweetlyIwillLayyouDownLIVEAcoustic,,,OneHighFiveSweetlyIwillLayyouDownLIVEAcoustic.mp3,❌ Not found - likely rare
One High Five,onehighfiveinterview,,,onehighfiveinterview.mp3,❌ Not found - likely rare
One High Five,Recording 0006 2011-05-26 22-18-22,,,Recording 0006 2011-05-26 22-18-22.mp3,❌ Not found - likely rare
One High Five,Live @ Silverlake Lounge 2011-01-04,Silverlake Lounge,2011,01 Live @ Silverlake Lounge 2011-01-04.mp3,❌ Not found - likely rare
One High Five,Last Time I Took a Picture,Demo,,Last Time I Took a Picture.mp3,❓ Poor matches - potentially rare
One High Five,"Sweetly, I Will Lay You Down",OC ROCK RADIO,2011,"06 Sweetly, I Will Lay You Down.mp3",❓ Poor matches - potentially rare
One High Five,"Sweetly, I Will Lay You Down",Eyes Wide Open - OHF Live @ DiPiazza's,2011,"02 Sweetly, I Will Lay You Down.mp3",❓ Poor matches - potentially rare
One High Five,Crash the Party/1000,5 Star Bar 3/12/2011,2011,02 Crash the Party_1000.mp3,❓ Poor matches - potentially rare
One High Five,Trigger/Face/Young,5 Star Bar 3/12/2011,2011,01 Trigger_Face_Young.mp3,❓ Poor matches - potentially rare
One High Five,Secret Agent Man,Bass Tracks (2011 covers),2011,Secret Agent Man.mp3,❓ Poor matches - potentially rare
One High Five,CMJ Final 3,CMJ,,CMJ Final 3.mp3,❓ Poor matches - potentially rare
One High Five,CMJ Final 2,CMJ,,CMJ Final 2.mp3,❓ Poor matches - potentially rare
One High Five,CMJ Final 1,CMJ,,CMJ Final 1.mp3,❓ Poor matches - potentially rare
Original Motion Picture Soundtrack,The Song of the Seeonce (Demo Recording),Walt Disney's The Jungle Book,1997,21 The Song of the Seeonce (Demo Recording).mp3,❓ Poor matches - potentially rare
Pandora/The Music Genome Project,Metric Modulation,Pandora Presents... the Musicology Show,2008,Metric Modulation.mp3,❌ Not found - likely rare
Parasites,What Should I Do,Double Exposure,,2-01 What Should I Do.mp3,❌ Not found - likely rare
Party Ben,"Feed my Insane, Medicated Hand",QOTSA vs. NIN,,"Feed my Insane, Medicated Hand.mp3",❓ Poor matches - potentially rare
Party Ben,Cats Disappear?,Adorable Kittens,,Cats Disappear_.mp3,❓ Poor matches - potentially rare
Party Ben,Poker Face (Just What I Needed),The Party Ben Experience,2009,Poker Face (Just What I Needed).mp3,❓ Poor matches - potentially rare
Party Ben,Killing For Love (Jose Gonzalez vs. Cirez D),The Party Ben Experience,2007,Killing For Love (Jose Gonzalez vs. Cirez D).mp3,❌ Not found - likely rare
Party Ben,Another Sleepless Night Alone (Bat For Lashes vs. Shawn Christopher / Egostereo),The Party Ben Experience,2009,Another Sleepless Night Alone (Bat For Lashes vs. Shawn Christopher _ Egostereo).mp3,❌ Not found - likely rare
Party Ben,Sixx Mixx - 13,Sixx Mixx,,Sixx Mixx - 13.mp3,❓ Poor matches - potentially rare
Party Ben,Sixx Mixx - 067,Sixx Mixx,,Sixx Mixx - 067.mp3,❓ Poor matches - potentially rare
Party Ben,Sixx Mixx 18,Sixx Mixx,,Sixx Mixx 18.mp3,❓ Poor matches - potentially rare
Party Ben,"Party Ben - Jules Dance Show Guest Mix - June, 2009",Party Ben Does Stuff,2009,"Party Ben - Jules Dance Show Guest Mix - June, 2009.mp3",❓ Poor matches - potentially rare
Party Ben,Somebody Kill Me,Killer Killers,,Somebody Kill Me.mp3,❓ Poor matches - potentially rare
Party Ben,(All I Do Is) Party Time (MSTRKRFT / Bloody Beetroots vs. Class Action),This Way to Party,2009,(All I Do Is) Party Time (MSTRKRFT _ Bloody Beetroots vs. Class Action).mp3,❌ Not found - likely rare
Patrick Borelli,Invite Them Up: Patrick Borelli,Invite Them Up,2006,23 Invite Them Up_ Patrick Borelli.m4a,❓ Poor matches - potentially rare
Patton Oswalt,"""We're Here, We're Queer...!""",Feelin' Kinda Patton,2004,"10 _We're Here, We're Queer...!_.mp3",❌ Not found - likely rare
Patton Oswalt,P**s Drinkers,Feelin' Kinda Patton,2004,25 P__s Drinkers.mp3,❓ Poor matches - potentially rare
Patton Oswalt,A B*****b Behind the Tilt-a-Whirl,Feelin' Kinda Patton,2004,07 A B_____b Behind the Tilt-a-Whirl.mp3,❌ Not found - likely rare
Paul & Lara,Picturella,The Solution To Benefit Heal The Bay,2000,2-13 Picturella.mp3,❌ Not found - likely rare
Paul and Storm,Day 7 - Twilight,The 25 Days of Newman,2008,07 Day 7 - Twilight.mp3,❓ Poor matches - potentially rare
Paul and Storm,Day 5 - 300,The 25 Days of Newman,2008,05 Day 5 - 300.mp3,❓ Poor matches - potentially rare
Paul and Storm,Day 2 - The Big Lebowski,The 25 Days of Newman,2008,02 Day 2 - The Big Lebowski.mp3,❓ Poor matches - potentially rare
Paul and Storm,Day 6 - The Crying Game,The 25 Days of Newman,2008,06 Day 6 - The Crying Game.mp3,❓ Poor matches - potentially rare
Paul and Storm,Day 8 - A Brief History of Time,The 25 Days of Newman,2008,08 Day 8 - A Brief History of Time.mp3,❓ Poor matches - potentially rare
Paul and Storm,Day 9 - Forrest Gump,The 25 Days of Newman,2008,09 Day 9 - Forrest Gump.mp3,❓ Poor matches - potentially rare
Paul and Storm,Day 10 - The Miracle Worker,The 25 Days of Newman,2008,10 Day 10 - The Miracle Worker.mp3,❓ Poor matches - potentially rare
Paula Poundstone,Never Mentions the Tea Party,I Heart Jokes: Paula Tells Them in Boston,2013,03 Never Mentions the Tea Party.m4a,❌ Not found - likely rare
Paula Poundstone,I Haven't Cared About the Red Sox Since 4th Grade,I Heart Jokes: Paula Tells Them in Boston,2013,08 I Haven't Cared About the Red Sox Since 4th Grade.m4a,❌ Not found - likely rare
Paula Poundstone,Has No Reference to the Green Monster,I Heart Jokes: Paula Tells Them in Boston,2013,07 Has No Reference to the Green Monster 1.m4a,❌ Not found - likely rare
Paula Poundstone,Has No Reference to Paul Revere's Ride,I Heart Jokes: Paula Tells Them in Boston,2013,04 Has No Reference to Paul Revere's Ride 1.m4a,❌ Not found - likely rare
Paula Poundstone,I Never Parked in Harvard Yard,I Heart Jokes: Paula Tells Them in Boston,2013,09 I Never Parked in Harvard Yard 1.m4a,❌ Not found - likely rare
Paula Poundstone,I Never Parked in Harvard Yard,I Heart Jokes: Paula Tells Them in Boston,2013,09 I Never Parked in Harvard Yard.m4a,❌ Not found - likely rare
Paula Poundstone,Never Mentions Minutemen,I Heart Jokes: Paula Tells Them in Boston,2013,05 Never Mentions Minutemen 1.m4a,❌ Not found - likely rare
Paula Poundstone,Has No Reference to the Green Monster,I Heart Jokes: Paula Tells Them in Boston,2013,07 Has No Reference to the Green Monster.m4a,❌ Not found - likely rare
Paula Poundstone,Has No Reference to Paul Revere's Ride,I Heart Jokes: Paula Tells Them in Boston,2013,04 Has No Reference to Paul Revere's Ride.m4a,❌ Not found - likely rare
Paula Poundstone,Includes No Dunkin' Donuts Jokes,I Heart Jokes: Paula Tells Them in Boston,2013,06 Includes No Dunkin' Donuts Jokes.m4a,❓ Poor matches - potentially rare
Paula Poundstone,Never Mentions Minutemen,I Heart Jokes: Paula Tells Them in Boston,2013,05 Never Mentions Minutemen.m4a,❌ Not found - likely rare
Paula Poundstone,I Haven't Cared About the Red Sox Since 4th Grade,I Heart Jokes: Paula Tells Them in Boston,2013,08 I Haven't Cared About the Red Sox Since 4th Grade 1.m4a,❌ Not found - likely rare
Paula Poundstone,Never Mentions the Tea Party,I Heart Jokes: Paula Tells Them in Boston,2013,03 Never Mentions the Tea Party 1.m4a,❌ Not found - likely rare
Paula Poundstone,Includes No Dunkin' Donuts Jokes,I Heart Jokes: Paula Tells Them in Boston,2013,06 Includes No Dunkin' Donuts Jokes 1.m4a,❓ Poor matches - potentially rare
Pearl Jam - 12.31.92,Hold Your Head Up,"Rare, Precious, & Beautiful",1999,Hold Your Head Up.mp3,❓ Poor matches - potentially rare
Pela,Lonesome Hearts (Cassettes Won't Listen remix),KEXP Song of the Day,2007,Lonesome Hearts (Cassettes Won't Listen remix).mp3,❓ Poor matches - potentially rare
Penn Six,New Age Girl (a capella).mp3,,,Penn Six - New Age Girl (a capella).mp3.mp3,❓ Poor matches - potentially rare
Penn Six,Footloose (a capella).mp3,,,Penn Six - Footloose (a capella).mp3.mp3,❓ Poor matches - potentially rare
Pheugoo,Dip it Joe,,2005,Dip it Joe.mp3,❓ Poor matches - potentially rare
Pheugoo,When the Pussycat Dolls Cry,,2007,When the Pussycat Dolls Cry.mp3,❓ Poor matches - potentially rare
Pieces Of Chick,I Want To Hold Your Ear,31 Bands Trash 31 Songs To Find The Way To Sesame Street,,26 I Want To Hold Your Ear.mp3,❓ Poor matches - potentially rare
Pilchard,3. Belalugarage is dead - Pilchard,Son of Monster Mash,2005,03 3. Belalugarage is dead - Pilchard.mp3,❌ Not found - likely rare
Pimpdaddysupreme,Thriller Shake (Thriller vs. Ying Yang Twins Feat. Pitbull),Mashing Pumpkins,2007,09 Thriller Shake (Thriller vs. Ying Yang Twins Feat. Pitbull).mp3,❌ Not found - likely rare
Pimpdaddysupreme,Snap Yo Specials (The Specials Vs. Lil' Jon Ft. E-40 & Sean Paul Of YoungBloodz),Mashing Pumpkins,2007,06 Snap Yo Specials (The Specials Vs. Lil' Jon Ft. E-40 & Sean Paul Of YoungBloodz).mp3,❌ Not found - likely rare
Plan Nine USA,Truth Or Date,Still Standing - A North American Ska Uprising,2003,1-20 Truth Or Date.mp3,❓ Poor matches - potentially rare
Pocket Lent,R.T.B.,Verve,,07 R.T.B..mp3,❓ Poor matches - potentially rare
Pocket Lent,You'remakingmesick,Verve,,06 You'remakingmesick.mp3,❌ Not found - likely rare
Pocket Lent,Fat Albert (Jimmy Smith Fade To Blue Remix),Hey Brother...Can You Spare Some Ska,1999,01 Fat Albert (Jimmy Smith Fade To Blue Remix).mp3,❓ Poor matches - potentially rare
Positive K (Jurgen),I Got a Man (Re-Recorded / Remastered),Brüno - Gay Pride Favorites (Re-Recorded / Remastered Versions),2009,1-19 I Got a Man (Re-Recorded _ Remastered).m4a,❓ Poor matches - potentially rare
Primal Scream,Primal Scream - Screamadelica (Go Home Productions remix),GHP Complete - CD10 Unofficial Remixes Vol1,2005,10-07 Primal Scream - Screamadelica (Go Home Productions remix).mp3,❓ Poor matches - potentially rare
RIAA,Batman City,Forgotten Hits,2007,10 Batman City.mp3,❓ Poor matches - potentially rare
RX Bandits,Welcome to Daytrotter,Big Orange Studios  11/16/2011,2011,01 Welcome to Daytrotter.mp3,❓ Poor matches - potentially rare
RX Bandits,Welcome to Daytrotter,Big Orange Studios  11/16/2011,2011,001-Welcome to Daytrotter.mp3,❓ Poor matches - potentially rare
RX Bandits,Welcome to Daytrotter,Big Orange Studios  11/16/2011,2011,01 Welcome to Daytrotter.mp3,❓ Poor matches - potentially rare
Ray Charles & Kids,Chigga Chigga W Music,Chikka Chikka Boom Boom,,07 Chigga Chigga W Music.mp3,❓ Poor matches - potentially rare
Ray Charles & Kids,Simon And Scuster Intro,Chikka Chikka Boom Boom,,01 Simon And Scuster Intro.mp3,❓ Poor matches - potentially rare
Richard Cheese,Broken Wings - A Song Request,I'd Like a Virgin,2004,16 Broken Wings - A Song Request.mp3,❓ Poor matches - potentially rare
Rolf Schraa,Enter Aretha,,,Enter Aretha.mp3,❌ Not found - likely rare
Roy D Mercer,SepticTank.mp3,,,SepticTank.mp3.mp3,❓ Poor matches - potentially rare
Rx Bandits,?!?,Those Damn Bandits,,12 _!_.mp3,❓ Poor matches - potentially rare
SEBWAX,part time lover told me,,,part time lover told me.mp3,❓ Poor matches - potentially rare
SKAlamanders,11 Goats,Skalamanders,1998,01 11 Goats.mp3,❌ Not found - likely rare
SKAlamanders,Bodash,Skalamanders,1998,03 Bodash copy.mp3,❌ Not found - likely rare
SKAlamanders,Bodash,Skalamanders,1998,03 Bodash.mp3,❌ Not found - likely rare
SKAlamanders,El Perrito Muerto,Skalamanders,1998,04 El Perrito Muerto.mp3,❌ Not found - likely rare
SKAlamanders,11 Goats,Skalamanders,1998,01 11 Goats 1.mp3,❌ Not found - likely rare
SKAlamanders,11 Goats,Skalamanders,1998,01 11 Goats copy.mp3,❌ Not found - likely rare
STV SLV / The Hood Internet,"Shut Up, American Boy (Estelle vs. The Ting Tings)",Best of Bootie 2008,2008,"06 Shut Up, American Boy (Estelle vs. The Ting Tings).mp3",❓ Poor matches - potentially rare
Samourai DC,PASS DA DUTCH n RELAX PROCESSOR TOURNESOL,,,PASS DA DUTCH n RELAX PROCESSOR TOURNESOL.mp3,❌ Not found - likely rare
Samourai DC,Killed in excess PROCESSOR TOURNESOL,,,Killed in excess PROCESSOR TOURNESOL.mp3,❌ Not found - likely rare
Satan Likes Poopoo,06-Satan Likes Poopoo (DJ Useo Rock Version Remix),Halloween ep 2008,,06-Satan Likes Poopoo (DJ Useo Rock Version Remix).mp3,❓ Poor matches - potentially rare
Schmedleys,Ska Parade Polka,Step On It: The Best of the Ska Parade Radio Show,1995,14 Ska Parade Polka.mp3,❌ Not found - likely rare
Schmedleys,The Ska Parade Polka (Live),Step On It: The Best Of The Ska Parade Radio Show,1994,14 The Ska Parade Polka (Live).mp3,❌ Not found - likely rare
Scott Aukerman,Scott Aukeman,Comedy Death Ray,2007,2-07 Scott Aukeman.mp3,❌ Not found - likely rare
Scott Cairo,Jeffs_ Psycho,MONSTER MASHUP - PHANTOM OF THE MASHUPERA,,07 Jeffs_ Psycho.mp3,❓ Poor matches - potentially rare
Scott Weiland,Vasoline - KROQ AACC,,1997,Vasoline - KROQ AACC.mp3,❌ Not found - likely rare
See Spot,Club Ska Parade Theme,Step On It: The Best Of The Ska Parade Radio Show,1994,20 Club Ska Parade Theme.mp3,❓ Poor matches - potentially rare
Self,Shame,For The Masses: A Tribute To Depeche Mode,1998,10 Shame.mp3,❌ Not found - likely rare
Sick-N-Tired,8 Beautiful Notes,31 Bands Trash 31 Songs To Find The Way To Sesame Street,,05 8 Beautiful Notes.mp3,❓ Poor matches - potentially rare
Simon Iddol,"gimme love, im outta shelter 1ST CUT",www.simoniddol.blogspot.com,,"65535 gimme love, im outta shelter 1ST CUT.mp3",❓ Poor matches - potentially rare
Simon Iddol,Laura in the Fiesta,www.simoniddol.com,,Laura in the Fiesta.mp3,❓ Poor matches - potentially rare
Simon Iddol,body rosa (original mix),sin fin,,body rosa (original mix).mp3,❓ Poor matches - potentially rare
Simon Iddol,sensual luck,superseven,,sensual luck.mp3,❓ Poor matches - potentially rare
Ska Daddyz,Up2u,Still Standing - A North American Ska Uprising,2003,4-05 Up2u.mp3,❓ Poor matches - potentially rare
Skeletones,Long Shot Kick De Bucket (Encore 2 Mr Pitiful),Step On It: The Best Of The Ska Parade Radio Show,1994,23 Long Shot Kick De Bucket (Encore 2 Mr Pitiful).mp3,❓ Poor matches - potentially rare
Skin Of Tears,Kayleigh,Ska Chartbusters,2000,2-05 Kayleigh.mp3,❓ Poor matches - potentially rare
Slap Happy,The Dog Ate My Lyrics,Spawn Of Skarmageddon [Disc 2],1995,2-03 The Dog Ate My Lyrics.mp3,❓ Poor matches - potentially rare
Slapstick,Growin' Up Growing Dumb,Dillinquents Green,,01 Growin' Up Growing Dumb.mp3,❓ Poor matches - potentially rare
Sly & Robbie Feat. Amblique,Walking On The Moon,Reggatta Mondatta-A Reggae Tribute To The Police,1997,1-10 Walking On The Moon.mp3,❌ Not found - likely rare
Solcofn,15. We suck young blood (solcofn mix),Son of Monster Mash,2005,15 15. We suck young blood (solcofn mix).mp3,❌ Not found - likely rare
Solcofn,Release Yo Nightmare,Bride Of Monster Mashup,2006,19 Release Yo Nightmare.mp3,❓ Poor matches - potentially rare
Sparker,Turning Japanese/New Wind (Live),Step On It: The Best Of The Ska Parade Radio Show,1994,04 Turning Japanese_New Wind (Live).mp3,❓ Poor matches - potentially rare
Steve Quinn,Susie Jacksons Evanescence Han,MONSTER MASHUP - PHANTOM OF THE MASHUPERA,2000,01 Susie Jacksons Evanescence Han.mp3,❓ Poor matches - potentially rare
Steve Roach and Vidna Obmana,17- Bloodhound Gang - 10 Coole,Ascension of Shadows (Meditati,1999,17- Bloodhound Gang - 10 Coole.mp3,❌ Not found - likely rare
Steve Roach and Vidna Obmana,14- Bloodhound Gang - Right Tu,Ascension of Shadows (Meditati,1999,14- Bloodhound Gang - Right Tu.mp3,❌ Not found - likely rare
Steve Roach and Vidna Obmana,08- Bloodhound Gang - RSVP,Ascension of Shadows (Meditati,1999,08- Bloodhound Gang - RSVP.mp3,❌ Not found - likely rare
Stonebridge,Stonebridge - Put Em High (GHP 'New Years High' bootleg mix),GHP Complete - CD10 Unofficial Remixes Vol1,2004,10-03 Stonebridge - Put Em High (GHP 'New Years High' bootleg mix).mp3,❓ Poor matches - potentially rare
Strong Bad f/Ms. Partsmatter's 1st Grade Class,Strong Badia Anthem,Strong Bad Sings And Other Type Hits,2003,03 Strong Badia Anthem.mp3,❌ Not found - likely rare
Suicidal Tendencies,Institutionalized,Repo Man: The Original Motion Picture Soundtrack,1983,03 Institutionalized.mp3,❌ Not found - likely rare
Suicidal Tendencies,No Fuck'n Problem,S.F.W.,1994,07 No Fuck'n Problem.mp3,❌ Not found - likely rare
Suicidal Tendencies,No Fuck'n Problem,S.F.W.,1994,07 No Fuck'n Problem.mp3,❌ Not found - likely rare
System Schit,Honky Ducker Dinger,31 Bands Trash 31 Songs To Find The Way To Sesame Street,,22 Honky Ducker Dinger.mp3,❓ Poor matches - potentially rare
Tee Vee Toons,Love Boat,"Television's Greatest Hits, Vol. 3: 70's & 80's",1987,46 Love Boat.mp3,❓ Poor matches - potentially rare
Tee Vee Toons,L.A. Law,"Television's Greatest Hits, Vol. 3: 70's & 80's",1987,37 L.A. Law.mp3,❓ Poor matches - potentially rare
Tee Vee Toons,"Quincy, M.E.","Television's Greatest Hits, Vol. 3: 70's & 80's",1987,"60 Quincy, M.E..mp3",❓ Poor matches - potentially rare
Tee Vee Toons,Theme From S.W.A.T.,"Television's Greatest Hits, Vol. 3: 70's & 80's",1987,51 Theme From S.W.A.T..mp3,❓ Poor matches - potentially rare
Tee Vee Toons,Knots Landing,"Television's Greatest Hits, Vol. 3: 70's & 80's",1987,36 Knots Landing.mp3,❓ Poor matches - potentially rare
ThC,Ain't Nobody Choose Noise (Hybrid vs. Chaka Kahn vs. Chicane),Mashing Pumpkins,2007,03 Ain't Nobody Choose Noise (Hybrid vs. Chaka Kahn vs. Chicane).mp3,❌ Not found - likely rare
The Automatic Vs. Bobby 'Boris' Pickett  [produced by 'Voicedude'],The Monster Mashup,MONSTER MASHUP - PHANTOM OF THE MASHUPERA,2010,14 The Monster Mashup.mp3,❌ Not found - likely rare
The Baby Einstein Music Box Orchestra,"Mozart: Piano Sonata #18 In D, K 576, ""Hunt"" - 3. Allegretto",Baby Mozart,2002,"05 Mozart_ Piano Sonata #18 In D, K 576, _Hunt_ - 3. Allegretto.mp3",❓ Poor matches - potentially rare
The Beatles,Free as a Bird [Outfake/Enhanced Mix - 11 Feb 1994],Meet The Threetles! - Purple Chick (PC-60),2003,13 Free as a Bird [Outfake_Enhanced Mix - 11 Feb 1994].mp3,❌ Not found - likely rare
The Beatles,Free as a Bird [5.1 Rear Channels - 11 Feb 1994],Meet The Threetles! - Purple Chick (PC-60),2003,12 Free as a Bird [5.1 Rear Channels - 11 Feb 1994].mp3,❓ Poor matches - potentially rare
The Beatles,Free as a Bird [Outfake/Acoustic Mix - 11 Feb 1994],Meet The Threetles! - Purple Chick (PC-60),2003,09 Free as a Bird [Outfake_Acoustic Mix - 11 Feb 1994].mp3,❌ Not found - likely rare
The Beatles,Free as a Bird [5.1 Front Channels - 11 Feb 1994],Meet The Threetles! - Purple Chick (PC-60),2003,11 Free as a Bird [5.1 Front Channels - 11 Feb 1994].mp3,❌ Not found - likely rare
The Bloodhound Gang,[Untitled Hidden Skit],Use Your Fingers,1995,20 [Untitled Hidden Skit].mp3,❓ Poor matches - potentially rare
The Bobs,"Mopping, Mopping, Mopping.mp3",,,"Mopping, Mopping, Mopping.mp3.mp3",❓ Poor matches - potentially rare
The Bobs,Late Model Love.mp3,,,Late Model Love.mp3.mp3,❓ Poor matches - potentially rare
The Bobs,Johnny's Room.mp3,,,Johnny's Room.mp3.mp3,❓ Poor matches - potentially rare
The Bobs,Like a Parrot.mp3,,,Like a Parrot.mp3.mp3,❓ Poor matches - potentially rare
The Bobs,Please Let Me Be Your Third W,,,Please Let Me Be Your Third W.mp3,❓ Poor matches - potentially rare
The Boss,Techno Phrase 7,Rc-20 Sound Library,2001,26 Techno Phrase 7.mp3,❓ Poor matches - potentially rare
The Boss,Rock Phrase 7,Rc-20 Sound Library,2001,07 Rock Phrase 7.mp3,❓ Poor matches - potentially rare
The Boss,"SpEfx 11-Gunshot 1, Machine Gun, Rifle, Lawer, Whip, Gunshot 2",Rc-20 Sound Library,2001,"38 SpEfx 11-Gunshot 1, Machine Gun, Rifle, Lawer, Whip, Gunshot 2.mp3",❌ Not found - likely rare
The Boss,"SpEfx 9-Thunder, Bubble, Water Drop, Rain, River, Water Thru Pipe, Rapid River",Rc-20 Sound Library,2001,"36 SpEfx 9-Thunder, Bubble, Water Drop, Rain, River, Water Thru Pipe, Rapid River.mp3",❌ Not found - likely rare
The Boss,"SpEfx 10-Car Horn, Jet Plane, Intersection, Truck, Intersection 2, Many Cars",Rc-20 Sound Library,2001,"37 SpEfx 10-Car Horn, Jet Plane, Intersection, Truck, Intersection 2, Many Cars.mp3",❌ Not found - likely rare
The Boss,SpEfx 2-Outer Space,Rc-20 Sound Library,2001,29 SpEfx 2-Outer Space.mp3,❌ Not found - likely rare
The Boss,SpEfx 1-Outer Space,Rc-20 Sound Library,2001,28 SpEfx 1-Outer Space.mp3,❌ Not found - likely rare
The Boss,SpEfx 4-Outer Space,Rc-20 Sound Library,2001,31 SpEfx 4-Outer Space.mp3,❌ Not found - likely rare
The Boss,"SpEfx 7-Cricket, Dinosaur, Pigeon, Gallop, The Big Foot",Rc-20 Sound Library,2001,"34 SpEfx 7-Cricket, Dinosaur, Pigeon, Gallop, The Big Foot.mp3",❌ Not found - likely rare
The Boss,Funk Phrase 3,Rc-20 Sound Library,2001,13 Funk Phrase 3.mp3,❓ Poor matches - potentially rare
The Boss,"SpEfx 6-Dog, Cat, Bird 1, Bird 2, Flutter Sound",Rc-20 Sound Library,2001,"33 SpEfx 6-Dog, Cat, Bird 1, Bird 2, Flutter Sound.mp3",❌ Not found - likely rare
The Boss,SpEfx 5-Outer Space,Rc-20 Sound Library,2001,32 SpEfx 5-Outer Space.mp3,❌ Not found - likely rare
The Boss,"SpEfx 8-Stepping, Clap, Drink Juice, Kiss, March",Rc-20 Sound Library,2001,"35 SpEfx 8-Stepping, Clap, Drink Juice, Kiss, March.mp3",❌ Not found - likely rare
The Boss,SpEfx 3-Outer Space,Rc-20 Sound Library,2001,30 SpEfx 3-Outer Space.mp3,❌ Not found - likely rare
The Dave Ferrin 5,Zizzy Zoomers,31 Bands Trash 31 Songs To Find The Way To Sesame Street,,10 Zizzy Zoomers.mp3,❓ Poor matches - potentially rare
The Equators feat. Angelo Moore,"Softly, Softly",The Ska Parade: Runnin' Naked Thru The Cornfield,1997,"06 Softly, Softly.mp3",❓ Poor matches - potentially rare
"The Equators feat. Wakeling, Clift And Brown",Age Of 5,The Ska Parade: Runnin' Naked Thru The Cornfield,1997,09 Age Of 5.mp3,❌ Not found - likely rare
The Fifthhorseman,2. 2 Turntables and Lots O Monsters - The Fifthhorseman,Son of Monster Mash,2005,02 2. 2 Turntables and Lots O Monsters - The Fifthhorseman.mp3,❓ Poor matches - potentially rare
The Found Sound Orchestra,DNSWLSN,,,The Found Sound Orchestra - DNSWLSN.mp3,❌ Not found - likely rare
The Found Sound Orchestra,DLYPTN,,,The Found Sound Orchestra - DLYPTN.mp3,❌ Not found - likely rare
The Gajillionaires,We're not gonna make up mix,Breast Fest Sampler,2012,03 We're not gonna make up mix.mp3,❓ Poor matches - potentially rare
The Illuminoids,Get It On At Le Disko (T.Rex vs. Shiny Toy Guns)-The Illuminoids,,,Get It On At Le Disko (T.Rex vs. Shiny Toy Guns)-The Illuminoids.mp3,❌ Not found - likely rare
The Indie Soup Network,"April Pain Mix: Metric, Mt. St. Helens Vietnam Band, The Juan Maclean, The Thermals and more!!!",Indie Soup Runner: energetic indie music to power your workout!,2009,"April Pain Mix_ Metric, Mt. St. Helens Vietnam Band, The Juan Maclean, The Thermals and more!!!.mp3",❌ Not found - likely rare
The Indie Soup Network,"Made In Canada Mix: Metric, The Trews, Junior Boys, Wolf Parade and More!",Indie Soup Runner: energetic indie music to power your workout!,2009,"Made In Canada Mix_ Metric, The Trews, Junior Boys, Wolf Parade and More!.mp3",❌ Not found - likely rare
The Iron-Ons,"Hold On, Hold On Baby",Hey Brother Vol. 4,2005,"08 Hold On, Hold On Baby.mp3",❓ Poor matches - potentially rare
The Jam,But I'm Different Now (Go Home Productions re-rub),GHP Complete - CD10 Unofficial Remixes Vol1,2004,10-05 But I'm Different Now (Go Home Productions re-rub).mp3,❓ Poor matches - potentially rare
The Jerky Boys,Ska Parade Promo,Step On It: The Best Of The Ska Parade Radio Show,1994,24 Ska Parade Promo.mp3,❓ Poor matches - potentially rare
The Kaiser Chiefs,Everyday I Love You Less And Less (GHP 'Chew Dub And Spat Out' remix),GHP Complete - CD10 Unofficial Remixes Vol1,2005,10-09 Everyday I Love You Less And Less (GHP 'Chew Dub And Spat Out' remix).mp3,❌ Not found - likely rare
The New Morty Show,Shoppin' Mall Mama,Mortyfied,1998,08 Shoppin' Mall Mama.mp3,❓ Poor matches - potentially rare
The Offbeatniks,Frenzy,Live From Mars,,13 Frenzy.mp3,❌ Not found - likely rare
The Offbeatniks,Solicitors,Live From Mars,,12 Solicitors.mp3,❌ Not found - likely rare
The Offspring Vs. Alice Cooper  [produced by 'Voicedude'],Keeping Halloween Fly,MONSTER MASHUP - PUMPKIN ON YOUR STEREO,2010,05 Keeping Halloween Fly.mp3,❌ Not found - likely rare
The Offspring Vs. Culture Beat vs. Alter Ego,Pretty Vain Rocker,taken from TBP Archive: torerobp.blogspot.com,2008,Pretty Vain Rocker.mp3,❓ Poor matches - potentially rare
The Original Hit Makers,Feelin' Stronger Every Day (As Made Famous By Chicago) [Karaoke Version],Sing It Like a Rock Star: Rock Band Soft Rock Vol. 2 (Karaoke Version),2008,02 Feelin' Stronger Every Day (As Made Famous By Chicago) [Karaoke Version].m4a,❓ Poor matches - potentially rare
The Pacers,Swimming In The Deep End,The New Sounds Of Ska,,05 Swimming In The Deep End.mp3,❓ Poor matches - potentially rare
The Rinse,JLM_Remix,,,14 JLM_Remix.mp3,❓ Poor matches - potentially rare
The Skunks,Diskoskatt,Mixed Nuts,1995,14 Diskoskatt.mp3,❌ Not found - likely rare
The Stooges,TV Eye (Go Home Productions remix),GHP Complete - CD11 Unofficial Remixes Vol2,2005,11-11 TV Eye (Go Home Productions remix).mp3,❓ Poor matches - potentially rare
The Unspoiled,Put Down The Duckie,31 Bands Trash 31 Songs To Find The Way To Sesame Street,,18 Put Down The Duckie.mp3,❓ Poor matches - potentially rare
The Vines,Ride (GHP 'Rabbit Hole' remix),GHP Complete - CD10 Unofficial Remixes Vol1,2004,10-01 Ride (GHP 'Rabbit Hole' remix).mp3,❌ Not found - likely rare
Three Dead Trolls in a Baggie,Teen Pirate Radio Commercial,Steaming Pile of Skit,2000,01 Teen Pirate Radio Commercial.mp3,❓ Poor matches - potentially rare
Thriftshop XL,10. Antichrist [EOTMC mix],Son of Monster Mash,2005,10 10. Antichrist [EOTMC mix].mp3,❌ Not found - likely rare
"Thriftshop XL and Steve, David and Ed Miller Band",Abracadabra Can't Even Handle Me (Steve Miller Band vs Flo Rida - Thriftshop X-Hell Monster Mashup),MONSTER MASHUP - PUMPKIN ON YOUR STEREO,,07 Abracadabra Can't Even Handle Me (Steve Miller Band vs Flo Rida - Thriftshop X-Hell Monster Mashup).mp3,❌ Not found - likely rare
Thumper,Payin' Our Dues,Songs From The Grave,,13 Payin' Our Dues.mp3,❌ Not found - likely rare
Thumper,Sugar Is Flammable Isn't It?,Songs From The Grave,,14 Sugar Is Flammable Isn't It_.mp3,❓ Poor matches - potentially rare
Thumper,sugar is flammable isn't it?,Songs from the Grave,1999,14 sugar is flammable isn't it_ 1.mp3,❓ Poor matches - potentially rare
Thumper,PAYIN' OUR DUES,Songs from the Grave,1999,13 PAYIN' OUR DUES 1.mp3,❌ Not found - likely rare
Thumper,LIVE SLIPS AWAY,Songs from the Grave,1999,01 LIVE SLIPS AWAY.mp3,❓ Poor matches - potentially rare
Tim Coyne,Hollywood Podcast #20 THE NAKED TRUCKER & T-BONES SHOW 100505,,2005,Hollywood Podcast #20 THE NAKED TRUCKER & T-BONES SHOW 100505.mp3,❌ Not found - likely rare
Tireless Engines,Every Moment Of Rest,Abulia,2007,02 Every Moment Of Rest.mp3,❓ Poor matches - potentially rare
Tireless Engines,Woke Up To Smoke & Cinders,Abulia,2007,04 Woke Up To Smoke & Cinders.mp3,❓ Poor matches - potentially rare
Tireless Engines,News For You & Your Friends,Abulia,2007,01 News For You & Your Friends.mp3,❓ Poor matches - potentially rare
Tireless Engines,Disappear Into The Dark,Abulia,2007,05 Disappear Into The Dark.mp3,❓ Poor matches - potentially rare
Tireless Engines,When You See Something (Going Wrong),Abulia,2007,03 When You See Something (Going Wrong).mp3,❓ Poor matches - potentially rare
Tom Racer,If You Leave,Isn't She Still...Pretty In Pink,2000,01 If You Leave.mp3,❓ Poor matches - potentially rare
U Penn Pennsylvania Six-5000,Stay,BOCA '99,1999,19 Stay.mp3,❓ Poor matches - potentially rare
Unknown Artist,Coming Down 206 8.29,,,Coming Down 206 8.29.wav,❌ Not found - likely rare
Unknown Artist,Tubes 215 10.18,,,Tubes 215 10.18.wav,❌ Not found - likely rare
Unknown Artist,Dance Floor 185 9.2,,,Dance Floor 185 9.2.wav,❌ Not found - likely rare
Unknown Artist,Excited 132 9.8,,,Excited 132 9.8.wav,❓ Poor matches - potentially rare
Unknown Artist,Fast Food 275 8.26,,,Fast Food 275 8.26.wav,❌ Not found - likely rare
Unknown Artist,Suck Butt 8.26,,,Suck Butt 8.26.wav,❌ Not found - likely rare
Unknown Artist,Alleyways 195,,,Alleyways 195.wav,❌ Not found - likely rare
Unknown Artist,Shes On Arrival 175 10.28,,,Shes On Arrival 175 10.28.wav,❌ Not found - likely rare
Unknown Artist,Noise Maker 180 10.20,,,Noise Maker 180 10.20.wav,❌ Not found - likely rare
Unknown Artist,Failure 192 10.28,,,Failure 192 10.28.wav,❌ Not found - likely rare
Unknown Artist,Bones 265 8.26,,,Bones 265 8.26.wav,❌ Not found - likely rare
Unknown Artist,Japanese 193 9.13,,,Japanese 193 9.13.wav,❌ Not found - likely rare
Unknown Artist,1. Left Alone -Mi Barrio,,,1. Left Alone -Mi Barrio.wav,❓ Poor matches - potentially rare
Unknown Artist,1. Left Alone -Mi Barrio ,,,1. Left Alone -Mi Barrio .wav,❓ Poor matches - potentially rare
Unknown Artist,2. Manic HIspanic -Mas Chingones,,,2. Manic HIspanic -Mas Chingones.wav,❌ Not found - likely rare
Unknown Artist,Fully Operational_MIX,,,Fully Operational_MIX.wav,❌ Not found - likely rare
Unknown Artist,060317-121527-25481-10213-1,,,060317-121527-25481-10213-1.wav,❌ Not found - likely rare
Unknown Artist,Coming Down 206 8.29,,,Coming Down 206 8.29.wav,❌ Not found - likely rare
Unknown Artist,hollow end_with_bogus_master,,,hollow end_with_bogus_master.wav,❌ Not found - likely rare
Unknown Artist,Tubes 215 10.18,,,Tubes 215 10.18.wav,❌ Not found - likely rare
Unknown Artist,Dance Floor 185 9.2,,,Dance Floor 185 9.2.wav,❌ Not found - likely rare
Unknown Artist,58150__monnie101__car-stop-breaks-screech-engine-rev-by-monnie101-mp4,,,58150__monnie101__car-stop-breaks-screech-engine-rev-by-monnie101-mp4.wav,❌ Not found - likely rare
Unknown Artist,new1_with_bogus_master,,,new1_with_bogus_master.wav,❌ Not found - likely rare
Unknown Artist,Recording practice sat 2011-04-23 12-35-27,,,Recording practice sat 2011-04-23 12-35-27.wav,❌ Not found - likely rare
Unknown Artist,070617-105248-25481-11224-1,,,070617-105248-25481-11224-1.wav,❌ Not found - likely rare
Unknown Artist,Excited 132 9.8,,,Excited 132 9.8.wav,❓ Poor matches - potentially rare
Unknown Artist,Fast Food 275 8.26,,,Fast Food 275 8.26.wav,❌ Not found - likely rare
Unknown Artist,062300earl[1],,,062300earl[1].wav,❌ Not found - likely rare
Unknown Artist,meyoueveryone_with_bogus_master,,,meyoueveryone_with_bogus_master.wav,❌ Not found - likely rare
Unknown Artist,shine_with_bogus_master_WAV,,,shine_with_bogus_master_WAV.wav,❌ Not found - likely rare
Unknown Artist,Suck Butt 8.26,,,Suck Butt 8.26.wav,❌ Not found - likely rare
Unknown Artist,Alleyways 195,,,Alleyways 195.wav,❌ Not found - likely rare
Unknown Artist,Shes On Arrival 175 10.28,,,Shes On Arrival 175 10.28.wav,❌ Not found - likely rare
Unknown Artist,shenandoah_with_bogus_master,,,shenandoah_with_bogus_master.wav,❌ Not found - likely rare
Unknown Artist,Fully Operational_INSTRUMENTAL,,,Fully Operational_INSTRUMENTAL.wav,❌ Not found - likely rare
Unknown Artist,Noise Maker 180 10.20,,,Noise Maker 180 10.20.wav,❌ Not found - likely rare
Unknown Artist,Failure 192 10.28,,,Failure 192 10.28.wav,❌ Not found - likely rare
Unknown Artist,Bones 265 8.26,,,Bones 265 8.26.wav,❌ Not found - likely rare
Unknown Artist,Japanese 193 9.13,,,Japanese 193 9.13.wav,❌ Not found - likely rare
Unknown Artist,for our love 2011-05-23 23-03-32,,,for our love 2011-05-23 23-03-32.wav,❌ Not found - likely rare
Unknown Artist,One Good reason final,,,One Good reason final.wav,❓ Poor matches - potentially rare
Unknown Artist,20110307 072756,,,20110307 072756.m4a,❌ Not found - likely rare
Unknown Artist,20100908 203637,,,20100908 203637.m4a,❓ Poor matches - potentially rare
Unknown Artist,20100921 210718,,,20100921 210718.m4a,❓ Poor matches - potentially rare
Unknown Artist,20100924 142403,,,20100924 142403.m4a,❓ Poor matches - potentially rare
Unknown Artist,20121208 025718,,,20121208 025718.m4a,❓ Poor matches - potentially rare
Unknown Artist,20100908 203555,,,20100908 203555.m4a,❓ Poor matches - potentially rare
Unknown Artist,20100924 154305,,,20100924 154305.m4a,❓ Poor matches - potentially rare
Unknown Artist,20101011 200735,,,20101011 200735.m4a,❓ Poor matches - potentially rare
Unknown Artist,20100921 210534,,,20100921 210534.m4a,❌ Not found - likely rare
Unknown Artist,DevoLoop,,,DevoLoop.m4a,❌ Not found - likely rare
Unknown Artist,Ryan Fully Operational,,2012,Ryan Fully Operational.mp3,❓ Poor matches - potentially rare
Unknown Artist,Out on the Dancefloor Demo 5.25,,2012,Out on the Dancefloor Demo 5.25.mp3,❌ Not found - likely rare
Unknown Artist,ONTDF Solo,,2012,ONTDF Solo.mp3,❌ Not found - likely rare
Unknown Artist,TDTW Sample,,2012,TDTW Sample.mp3,❓ Poor matches - potentially rare
Unknown Artist,OHF1228,,,OHF1228.mp3,❌ Not found - likely rare
Unknown Artist,Devil Came To 9th Ward,,,Devil Came To 9th Ward.mp3,❓ Poor matches - potentially rare
Unknown Artist,tribut07,Tribute to Bad Religion,,tribut07.mp3,❌ Not found - likely rare
Unknown Artist,tribut03,Tribute to Bad Religion,,tribut03.mp3,❓ Poor matches - potentially rare
Unknown Artist,tribut04,Tribute to Bad Religion,,tribut04.mp3,❌ Not found - likely rare
Unknown Artist,tribut15,Tribute to Bad Religion,,tribut15.mp3,❌ Not found - likely rare
Unknown Artist,tribut16,Tribute to Bad Religion,,tribut16.mp3,❌ Not found - likely rare
Unknown Artist,tribut14,Tribute to Bad Religion,,tribut14.mp3,❌ Not found - likely rare
Unknown Artist,tribut19,Tribute to Bad Religion,,tribut19.mp3,❌ Not found - likely rare
Unknown Artist,tribut02,Tribute to Bad Religion,,tribut02.mp3,❌ Not found - likely rare
Unknown Artist,tribut10,Tribute to Bad Religion,,tribut10.mp3,❓ Poor matches - potentially rare
Unknown Artist,tribut06,Tribute to Bad Religion,,tribut06.mp3,❌ Not found - likely rare
Unknown Artist,tribut09,Tribute to Bad Religion,,tribut09.mp3,❌ Not found - likely rare
Unknown Artist,tribut18,Tribute to Bad Religion,,tribut18.mp3,❌ Not found - likely rare
Unknown Artist,tribut08,Tribute to Bad Religion,,tribut08.mp3,❌ Not found - likely rare
Unknown Artist,tribut12,Tribute to Bad Religion,,tribut12.mp3,❌ Not found - likely rare
Unknown Artist,tribut05,Tribute to Bad Religion,,tribut05.mp3,❌ Not found - likely rare
Unknown Artist,tribut11,Tribute to Bad Religion,,tribut11.mp3,❌ Not found - likely rare
Unknown Artist,tribut01,Tribute to Bad Religion,,tribut01.mp3,❌ Not found - likely rare
Unknown Artist,tribut13,Tribute to Bad Religion,,tribut13.mp3,❌ Not found - likely rare
Unknown Artist,tribut17,Tribute to Bad Religion,,tribut17.mp3,❌ Not found - likely rare
Unknown Artist,"BLOOPERS,_OUT-TAKES_and_SCREW-UPS-JIM_BACCUS_BLOOPER",,,"BLOOPERS,_OUT-TAKES_and_SCREW-UPS-JIM_BACCUS_BLOOPER.mp3",❌ Not found - likely rare
Unknown Artist,"BLOOPERS,_OUT-TAKES_and_SCREW-UPS-MILLI_VANILLI_ACTUALLY_SING",,,"BLOOPERS,_OUT-TAKES_and_SCREW-UPS-MILLI_VANILLI_ACTUALLY_SING.mp3",❌ Not found - likely rare
Unknown Artist,Sublime Accoustic 02 Saw Red,,,Sublime Accoustic 02 Saw Red.mp3,❓ Poor matches - potentially rare
Unknown Artist,for our love 2011-05-23 23-03-32,,,for our love 2011-05-23 23-03-32.mp3,❌ Not found - likely rare
Unknown Artist,California Girls segal,,,California Girls segal.mp3,❓ Poor matches - potentially rare
Unknown Artist,Best_of_College_A_Cappella-__Vol._2_-_Fortress_Around_Your_He,,,Best_of_College_A_Cappella-__Vol._2_-_Fortress_Around_Your_He.mp3,❌ Not found - likely rare
Unknown Artist,TDTW Edit 1 vocal edit,,2012,01 TDTW Edit 1 vocal edit.mp3,❓ Poor matches - potentially rare
Unknown Artist,Devo -- Soo Bawlz.mp3,,,Devo -- Soo Bawlz.mp3.mp3,❓ Poor matches - potentially rare
Unknown Artist,megaman3_magnetman,,,megaman3_magnetman.mp3,❌ Not found - likely rare
Unknown Artist,megaman3_drwilystagebgm1,,,megaman3_drwilystagebgm1.mp3,❌ Not found - likely rare
Unknown Artist,07GLORYB,,,07GLORYB.mp3,❌ Not found - likely rare
Unknown Artist,Eugene_At_Caroline's,,,Eugene_At_Caroline's.mp3,❌ Not found - likely rare
Unknown Artist,10-My Sherrie (Louise),,,10-My Sherrie (Louise).mp3,❓ Poor matches - potentially rare
Unknown Artist,Divide_&_Kreate_-_I_told_you_to_beat_it,,,Divide_&_Kreate_-_I_told_you_to_beat_it.mp3,❌ Not found - likely rare
Unknown Artist,Tiny Pants (raw version),,,Tiny Pants (raw version).mp3,❓ Poor matches - potentially rare
Unknown Artist,Dana Carvey- Kids,,,Dana Carvey- Kids.mp3,❓ Poor matches - potentially rare
Unknown Artist,Go-09 Goldo-To All The Lovely,,,Go-09 Goldo-To All The Lovely.mp3,❓ Poor matches - potentially rare
Unknown Artist,KROQ Kevin & Beans Last Christmas 1999 (Pennywise) Christmas,,,KROQ Kevin & Beans Last Christmas 1999 (Pennywise) Christmas.mp3,❌ Not found - likely rare
Unknown Artist,Devo -- Be Stiff (Live).mp3,,,Devo -- Be Stiff (Live).mp3.mp3,❌ Not found - likely rare
Unknown Artist,let02-dirt-4_sale,,,let02-dirt-4_sale.mp3,❓ Poor matches - potentially rare
Unknown Artist,megaman3_robotermeisterauswahl,,,megaman3_robotermeisterauswahl.mp3,❌ Not found - likely rare
Unknown Artist,DJ ZEBRA   Never can say it's over,,,DJ ZEBRA   Never can say it's over.mp3,❓ Poor matches - potentially rare
Unknown Artist,megaman3_needleman,,,megaman3_needleman.mp3,❌ Not found - likely rare
Unknown Artist,Dana Carvey- 100 Year Old Man,,,Dana Carvey- 100 Year Old Man.mp3,❌ Not found - likely rare
Unknown Artist,kfad,,,kfad.mp3,❓ Poor matches - potentially rare
Unknown Artist,(Skee Lo) I Wish [Acapella],,,(Skee Lo) I Wish [Acapella].mp3,❓ Poor matches - potentially rare
Unknown Artist,Out on the Dancefloor Demo 5.25,,2012,Out on the Dancefloor Demo 5.25.mp3,❌ Not found - likely rare
Unknown Artist,Sonic 2-Boss Theme-Modified,,2008,Sonic 2-Boss Theme-Modified.mp3,❓ Poor matches - potentially rare
Unknown Artist,23WILDSE,,,23WILDSE.mp3,❌ Not found - likely rare
Unknown Artist,dfg14_sample,,,dfg14_sample.mp3,❌ Not found - likely rare
Unknown Artist,"BLOOPERS,_OUT-TAKES_and_SCREW-UPS-LINDA_McCARTNEY_SINGING_WAY",,,"BLOOPERS,_OUT-TAKES_and_SCREW-UPS-LINDA_McCARTNEY_SINGING_WAY.mp3",❌ Not found - likely rare
Unknown Artist,megaman3_credits,,,megaman3_credits.mp3,❌ Not found - likely rare
Unknown Artist,09 Rikki's shuffle,,,09 Rikki's shuffle.mp3,❓ Poor matches - potentially rare
Unknown Artist,megaman3_drwilystagebgm3,,,megaman3_drwilystagebgm3.mp3,❌ Not found - likely rare
Unknown Artist,33GOODBY,,,33GOODBY.mp3,❌ Not found - likely rare
Unknown Artist,Commercial Fuckups,,,Commercial Fuckups.mp3,❓ Poor matches - potentially rare
Unknown Artist,Hey Coach Don't Call Me A Queer,,,Hey Coach Don't Call Me A Queer.mp3,❓ Poor matches - potentially rare
Unknown Artist,(Uncle Sam)- I Don't Ever Want To See You Again [Acapella],,,(Uncle Sam)- I Don't Ever Want To See You Again [Acapella].mp3,❓ Poor matches - potentially rare
Unknown Artist,ONTDF Solo,,2012,ONTDF Solo.mp3,❌ Not found - likely rare
Unknown Artist,02 Rickover's dream,,,02 Rickover's dream.mp3,❓ Poor matches - potentially rare
Unknown Artist,megaman3_drwilyfortresskampf,,,megaman3_drwilyfortresskampf.mp3,❌ Not found - likely rare
Unknown Artist,Devo -- Social Fools.mp3,,,Devo -- Social Fools.mp3.mp3,❓ Poor matches - potentially rare
Unknown Artist,megaman3_abspann,,,megaman3_abspann.mp3,❌ Not found - likely rare
Unknown Artist,megaman3_titelbild,,,megaman3_titelbild.mp3,❌ Not found - likely rare
Unknown Artist,DJZebra_Michael_was_a_Jedi,,,DJZebra_Michael_was_a_Jedi.mp3,❌ Not found - likely rare
Unknown Artist,Goodbye Goodbye UCSB '85,,,Goodbye Goodbye UCSB '85.mp3,❌ Not found - likely rare
Unknown Artist,megaman3_drwilyfortressintro,,,megaman3_drwilyfortressintro.mp3,❌ Not found - likely rare
Unknown Artist,Put_A_Little_Love_In_Your_Heart_(12_Inch_Vocal_Mix)_-_Lennox_,,,Put_A_Little_Love_In_Your_Heart_(12_Inch_Vocal_Mix)_-_Lennox_.mp3,❓ Poor matches - potentially rare
Unknown Artist,10 Because it's there,,,10 Because it's there.mp3,❓ Poor matches - potentially rare
Unknown Artist,megaman3_hardman,,,megaman3_hardman.mp3,❌ Not found - likely rare
Unknown Artist,let03-evangelists,,,let03-evangelists.mp3,❌ Not found - likely rare
Unknown Artist,William Shatner In A Recording Session (1-8-07),,,William Shatner In A Recording Session (1-8-07).mp3,❌ Not found - likely rare
Unknown Artist,letterman_censor_I,,,letterman_censor_I.mp3,❌ Not found - likely rare
Unknown Artist,Indigo Swing-All Aboard-Violent Love,,,Indigo Swing-All Aboard-Violent Love.mp3,❓ Poor matches - potentially rare
Unknown Artist,2 Live Crew -Dirty Nursery Rhymes,,,2 Live Crew -Dirty Nursery Rhymes.mp3,❓ Poor matches - potentially rare
Unknown Artist,(Phish)- Freebird (Live Cover),,,(Phish)- Freebird (Live Cover).mp3,❓ Poor matches - potentially rare
Unknown Artist,megaman3_yougotweapon,,,megaman3_yougotweapon.mp3,❌ Not found - likely rare
Unknown Artist,Pearl Jam -- Runnin' With The Devil (Van Halen Cover),,,Pearl Jam -- Runnin' With The Devil (Van Halen Cover).mp3,❓ Poor matches - potentially rare
Unknown Artist,I Was a Teenage Monster,,,I Was a Teenage Monster.mp3,❓ Poor matches - potentially rare
Unknown Artist,everythings_ruined,,,everythings_ruined.mp3,❓ Poor matches - potentially rare
Unknown Artist,Danny Elfman- The Cat Is Dead,,,01 Danny Elfman- The Cat Is Dead.mp3,❓ Poor matches - potentially rare
Unknown Artist,letterman_censor_II,,,letterman_censor_II.mp3,❌ Not found - likely rare
Unknown Artist,Not MFATGG,,,Not MFATGG.mp3,❌ Not found - likely rare
Unknown Artist,rid04-its_great_to_be_here,,,rid04-its_great_to_be_here.mp3,❌ Not found - likely rare
Unknown Artist,Aquabats-Martian Girl(Live),,,Aquabats-Martian Girl(Live).mp3,❓ Poor matches - potentially rare
Unknown Artist,Janes_Addiction_-_Sympathy_For_The_Devil_(Live),,,Janes_Addiction_-_Sympathy_For_The_Devil_(Live).mp3,❓ Poor matches - potentially rare
Unknown Artist,"BLOOPERS,_OUT-TAKES_and_SCREW-UPS-COLONEL_SANDERS__BLOOPER",,,"BLOOPERS,_OUT-TAKES_and_SCREW-UPS-COLONEL_SANDERS__BLOOPER.mp3",❓ Poor matches - potentially rare
Unknown Artist,(Mr.Bungle)The Girls Of Porn,,,(Mr.Bungle)The Girls Of Porn.mp3,❌ Not found - likely rare
Unknown Artist,mkotb1,,,mkotb1.mp3,❌ Not found - likely rare
Unknown Artist,08-I've Got A Feeling,,,08-I've Got A Feeling.mp3,❓ Poor matches - potentially rare
Unknown Artist,04-I Me Mine,,,04-I Me Mine.mp3,❓ Poor matches - potentially rare
Unknown Artist,"BLOOPERS,_OUT-TAKES_and_SCREW-UPS-STAR_TREK_BLOOPER",,,"BLOOPERS,_OUT-TAKES_and_SCREW-UPS-STAR_TREK_BLOOPER.mp3",❓ Poor matches - potentially rare
Unknown Artist,07 The happy couple,,,07 The happy couple.mp3,❓ Poor matches - potentially rare
Unknown Artist,megaman3_snakeman,,,megaman3_snakeman.mp3,❌ Not found - likely rare
Unknown Artist,25JUSTAN,,,25JUSTAN.mp3,❌ Not found - likely rare
Unknown Artist,Out on the Dancefloor Demo 5.25 2,,2012,Out on the Dancefloor Demo 5.25 2.mp3,❌ Not found - likely rare
Unknown Artist,rid06-sarcasm,,,rid06-sarcasm.mp3,❌ Not found - likely rare
Unknown Artist,louise (clipped),,,louise (clipped).mp3,❓ Poor matches - potentially rare
Unknown Artist,The Ballad of Mr. Bonkers (raw version),,,The Ballad of Mr. Bonkers (raw version).mp3,❌ Not found - likely rare
Unknown Artist,Devo -- Planet Earth (Live).mp3,,,Devo -- Planet Earth (Live).mp3.mp3,❓ Poor matches - potentially rare
Unknown Artist,for our love 2011-05-23 23-03-32,,,for our love 2011-05-23 23-03-32 1.mp3,❌ Not found - likely rare
Unknown Artist,Counts_of_the_Netherworld,,,Counts_of_the_Netherworld.mp3,❌ Not found - likely rare
Unknown Artist,Dickies-Town Without Pity,,,Dickies-Town Without Pity.mp3,❓ Poor matches - potentially rare
Unknown Artist,MKOTOBGongShow1976,,,MKOTOBGongShow1976.mp3,❌ Not found - likely rare
Unknown Artist,megaman3_robotermeisterbesiegt,,,megaman3_robotermeisterbesiegt.mp3,❌ Not found - likely rare
Unknown Artist,Nothing to Fear (US Fest 83),,,Nothing to Fear (US Fest 83).mp3,❓ Poor matches - potentially rare
Unknown Artist,XMAS-alvin and the chipmunks -deck the halls we wish you a me,,,XMAS-alvin and the chipmunks -deck the halls we wish you a me.mp3,❓ Poor matches - potentially rare
Unknown Artist,Penn Six- 5000- Aeroplane (a capella).mp3,,,Penn Six- 5000- Aeroplane (a capella).mp3.mp3,❌ Not found - likely rare
Unknown Artist,bloopers__sample_compilati,,,bloopers__sample_compilati.mp3,❌ Not found - likely rare
Unknown Artist,atte alla luce verde-rh,,,atte alla luce verde-rh.mp3,❌ Not found - likely rare
Unknown Artist,I Stand Defeated,,,I Stand Defeated.mp3,❓ Poor matches - potentially rare
Unknown Artist,08 The streamlined man,,,08 The streamlined man.mp3,❓ Poor matches - potentially rare
Unknown Artist,Manfred Mann-Mighty Quinn (Qui,,,Manfred Mann-Mighty Quinn (Qui.mp3,❌ Not found - likely rare
Unknown Artist,pq3,,,pq3.mp3,❓ Poor matches - potentially rare
Unknown Artist,Spaceman on fire (bang a gong)-Killers vs.T-rex vs.kings of leon''''Lasso the moon,,,Spaceman on fire (bang a gong)-Killers vs.T-rex vs.kings of leon''''Lasso the moon.mp3,❌ Not found - likely rare
Unknown Artist,(Stone_Temple_Pilots)_Pour_Some_Sugar_On_Me_(acoustic_live_De,,,(Stone_Temple_Pilots)_Pour_Some_Sugar_On_Me_(acoustic_live_De.mp3,❌ Not found - likely rare
Unknown Artist,megaman3_drwilysniederlage,,,megaman3_drwilysniederlage.mp3,❌ Not found - likely rare
Unknown Artist,megaman3_topman,,,megaman3_topman.mp3,❌ Not found - likely rare
Unknown Artist,The Found Sound Orchestra feat Bobby,,,The Found Sound Orchestra feat Bobby.mp3,❓ Poor matches - potentially rare
Unknown Artist,megaman3_shadowman,,,megaman3_shadowman.mp3,❌ Not found - likely rare
Unknown Artist,PartyBen-Shame(AtNite),,,PartyBen-Shame(AtNite).mp3,❓ Poor matches - potentially rare
Unknown Artist,Devo -- Girl U Want.mp3,,,Devo -- Girl U Want.mp3.mp3,❓ Poor matches - potentially rare
Unknown Artist,mkotb2,,,mkotb2.mp3,❌ Not found - likely rare
Unknown Artist,"BLOOPERS,_OUT-TAKES_and_SCREW-UPS-911_CALL_FOR_AN_AMBULANCE",,,"BLOOPERS,_OUT-TAKES_and_SCREW-UPS-911_CALL_FOR_AN_AMBULANCE.mp3",❌ Not found - likely rare
Unknown Artist,Devo -- Freedom Of Choice Theme Song (Live).mp3,,,Devo -- Freedom Of Choice Theme Song (Live).mp3.mp3,❓ Poor matches - potentially rare
Unknown Artist,Petula Clark_KissMeGoodbye,,,Petula Clark_KissMeGoodbye.mp3,❌ Not found - likely rare
Unknown Artist,Spinal Tap-11-(Listen To The) Flower People,,,Spinal Tap-11-(Listen To The) Flower People.mp3,❓ Poor matches - potentially rare
Unknown Artist,Birdemic_Rifftrax,,,Birdemic_Rifftrax.mp3,❌ Not found - likely rare
Unknown Artist,Devo -- Gates Of Steel (Live).mp3,,,Devo -- Gates Of Steel (Live).mp3.mp3,❓ Poor matches - potentially rare
Unknown Artist,(Mystery_Science_Theater_3000)_Tubular_Boobular,,,(Mystery_Science_Theater_3000)_Tubular_Boobular.mp3,❓ Poor matches - potentially rare
Unknown Artist,megaman3_gameover,,,megaman3_gameover.mp3,❌ Not found - likely rare
Unknown Artist,Song for the Dumped (Japanese,,,01 Song for the Dumped (Japanese.mp3,❓ Poor matches - potentially rare
Unknown Artist,TDTW Edit,,2012,TDTW Edit.mp3,❓ Poor matches - potentially rare
Unknown Artist,94JUNE12,,,94JUNE12.mp3,❌ Not found - likely rare
Unknown Artist,24TRYTOB,,,24TRYTOB.mp3,❌ Not found - likely rare
Unknown Artist,Dead Man's Party UCSB '85,,,Dead Man's Party UCSB '85.mp3,❌ Not found - likely rare
Unknown Artist,09-Only A Lad,,,09-Only A Lad.mp3,❓ Poor matches - potentially rare
Unknown Artist,"BLOOPERS,_OUT-TAKES_and_SCREW-UPS-D_J_SCREW-UPS__ADULT_LANGUA",,,"BLOOPERS,_OUT-TAKES_and_SCREW-UPS-D_J_SCREW-UPS__ADULT_LANGUA.mp3",❌ Not found - likely rare
Unknown Artist,"BLOOPERS,_OUT-TAKES_and_SCREW-UPS-VOICEOVER_SCREWUPS_2__ADULT",,,"BLOOPERS,_OUT-TAKES_and_SCREW-UPS-VOICEOVER_SCREWUPS_2__ADULT.mp3",❌ Not found - likely rare
Unknown Artist,15ELEVAT,,,15ELEVAT.mp3,❌ Not found - likely rare
Unknown Artist,Hullabahoos- Man in the Mirror,,,Hullabahoos- Man in the Mirror.mp3,❌ Not found - likely rare
Unknown Artist,Saturday Night Live == Celebrity Jeopardy,,,Saturday Night Live == Celebrity Jeopardy.mp3,❓ Poor matches - potentially rare
Unknown Artist,"My, I'm Large",,,"My, I'm Large.mp3",❓ Poor matches - potentially rare
Unknown Artist,28VIOLEN,,,28VIOLEN.mp3,❌ Not found - likely rare
Unknown Artist,megaman3_robotermeisterkampf,,,megaman3_robotermeisterkampf.mp3,❌ Not found - likely rare
Unknown Artist,megaman3_drwilystagebgm2,,,megaman3_drwilystagebgm2.mp3,❌ Not found - likely rare
Unknown Artist,rid05-burning_the_flag,,,rid05-burning_the_flag.mp3,❓ Poor matches - potentially rare
Unknown Artist,Holliday Road Car 1 mastered,,,Holliday Road Car 1 mastered.mp3,❓ Poor matches - potentially rare
Unknown Artist,11FLESHN,,,11FLESHN.mp3,❌ Not found - likely rare
Unknown Artist,Devo -- Whip It (Live).mp3,,,Devo -- Whip It (Live).mp3.mp3,❓ Poor matches - potentially rare
Unknown Artist,MIKE_PATTON_-_PROCURA_O_CARA,,,MIKE_PATTON_-_PROCURA_O_CARA.mp3,❓ Poor matches - potentially rare
Unknown Artist,Blackbird Fly 4.14,,2012,01 Blackbird Fly 4.14.mp3,❌ Not found - likely rare
Unknown Artist,Inception_RiffTrax,,,Inception_RiffTrax.mp3,❌ Not found - likely rare
Unknown Artist,Triumph The Insult Comic Dog- Jon Stewart,,,Triumph The Insult Comic Dog- Jon Stewart.mp3,❓ Poor matches - potentially rare
Unknown Artist,Bing Crosby -White Christmas,,,Bing Crosby -White Christmas.mp3,❓ Poor matches - potentially rare
Unknown Artist,OHF1228,,,OHF1228.mp3,❌ Not found - likely rare
Unknown Artist,david_duchovney_swears_on_live_national_radio,,,david_duchovney_swears_on_live_national_radio.mp3,❌ Not found - likely rare
Unknown Artist,megaman3_geminiman,,,megaman3_geminiman.mp3,❌ Not found - likely rare
Unknown Artist,megaman3_sparkman,,,megaman3_sparkman.mp3,❌ Not found - likely rare
Unknown Artist,megaman3_robotermeisterintro,,,megaman3_robotermeisterintro.mp3,❌ Not found - likely rare
Unknown Artist,tribut07,A Tribute to Bad Religion Vol 2,,tribut07.mp3,❌ Not found - likely rare
Unknown Artist,tribut03,A Tribute to Bad Religion Vol 2,,tribut03.mp3,❓ Poor matches - potentially rare
Unknown Artist,tribut04,A Tribute to Bad Religion Vol 2,,tribut04.mp3,❌ Not found - likely rare
Unknown Artist,tribut15,A Tribute to Bad Religion Vol 2,,tribut15.mp3,❌ Not found - likely rare
Unknown Artist,tribut16,A Tribute to Bad Religion Vol 2,,tribut16.mp3,❌ Not found - likely rare
Unknown Artist,tribut14,A Tribute to Bad Religion Vol 2,,tribut14.mp3,❌ Not found - likely rare
Unknown Artist,tribut19,A Tribute to Bad Religion Vol 2,,tribut19.mp3,❌ Not found - likely rare
Unknown Artist,tribut02,A Tribute to Bad Religion Vol 2,,tribut02.mp3,❌ Not found - likely rare
Unknown Artist,tribut10,A Tribute to Bad Religion Vol 2,,tribut10.mp3,❓ Poor matches - potentially rare
Unknown Artist,tribut06,A Tribute to Bad Religion Vol 2,,tribut06.mp3,❌ Not found - likely rare
Unknown Artist,tribut09,A Tribute to Bad Religion Vol 2,,tribut09.mp3,❌ Not found - likely rare
Unknown Artist,tribut18,A Tribute to Bad Religion Vol 2,,tribut18.mp3,❌ Not found - likely rare
Unknown Artist,tribut08,A Tribute to Bad Religion Vol 2,,tribut08.mp3,❌ Not found - likely rare
Unknown Artist,tribut05,A Tribute to Bad Religion Vol 2,,tribut05.mp3,❌ Not found - likely rare
Unknown Artist,tribut11,A Tribute to Bad Religion Vol 2,,tribut11.mp3,❌ Not found - likely rare
Unknown Artist,tribut01,A Tribute to Bad Religion Vol 2,,tribut01.mp3,❌ Not found - likely rare
Unknown Artist,tribut13,A Tribute to Bad Religion Vol 2,,tribut13.mp3,❌ Not found - likely rare
Unknown Artist,tribut17,A Tribute to Bad Religion Vol 2,,tribut17.mp3,❌ Not found - likely rare
Unknown Artist,Pipe Camp Alternate Ending,Tom Goes To the Mayor,,Pipe Camp Alternate Ending.mp3,❓ Poor matches - potentially rare
Unknown Artist,Tom's Car Tape,Tom Goes To the Mayor,,Tom's Car Tape.mp3,❓ Poor matches - potentially rare
Unknown Artist,Tom's Infomercial,Tom Goes To the Mayor,,Tom's Infomercial.mp3,❓ Poor matches - potentially rare
Unknown Artist,Fishinellis Ad,Tom Goes To the Mayor,,Fishinellis Ad.mp3,❌ Not found - likely rare
Unknown Artist,Rainbow Ride,Tom Goes To the Mayor,,Rainbow Ride.mp3,❓ Poor matches - potentially rare
Unknown Artist,Meet Me Down on Main Street (The Melomen),A Musical History of Disneyland - 50th Anniversary [Disc 1],2005,04 Meet Me Down on Main Street (The Melomen).mp3,❓ Poor matches - potentially rare
Unknown Artist,Great Moments with Mr. Lincoln,A Musical History of Disneyland - 50th Anniversary [Disc 1],2005,05 Great Moments with Mr. Lincoln.mp3,❓ Poor matches - potentially rare
Unknown Artist,"Walt Disney's Dedication of Disneyland (July 17th, 1955)",A Musical History of Disneyland - 50th Anniversary [Disc 1],2005,"01 Walt Disney's Dedication of Disneyland (July 17th, 1955).mp3",❓ Poor matches - potentially rare
Unknown Artist,"1,000 Miles Per Hour",Breast Fest Sampler,,"02 1,000 Miles Per Hour.mp3",❓ Poor matches - potentially rare
Unknown Artist,10CC Marvin Daniel (Magic FM demo),GHP Complete - CD12 Rarities & Unreleased,2005,12-16 10CC Marvin Daniel (Magic FM demo).mp3,❌ Not found - likely rare
Unknown Artist,Freak Iron Pigs,GHP Complete - CD12 Rarities & Unreleased,2004,12-08 Freak Iron Pigs.mp3,❓ Poor matches - potentially rare
Unknown Artist,Cold Missy Skool Cut,GHP Complete - CD12 Rarities & Unreleased,2006,12-25 Cold Missy Skool Cut.mp3,❓ Poor matches - potentially rare
Unknown Artist,Begging Kylie,GHP Complete - CD12 Rarities & Unreleased,2003,12-01 Begging Kylie.mp3,❓ Poor matches - potentially rare
Unknown Artist,Make Love In A Uniform,GHP Complete - CD12 Rarities & Unreleased,2006,12-23 Make Love In A Uniform.mp3,❓ Poor matches - potentially rare
Unknown Artist,I Wanna Be April (Disney demo),GHP Complete - CD12 Rarities & Unreleased,2007,12-27 I Wanna Be April (Disney demo).mp3,❓ Poor matches - potentially rare
Unknown Artist,Robbies Summer Burn,GHP Complete - CD12 Rarities & Unreleased,2004,12-12 Robbies Summer Burn.mp3,❓ Poor matches - potentially rare
Unknown Artist,Angie Darkness (MTV Mash outtake),GHP Complete - CD12 Rarities & Unreleased,2003,12-06 Angie Darkness (MTV Mash outtake).mp3,❌ Not found - likely rare
Unknown Artist,Saturday Rhythm Breaks (Take The Lead demo),GHP Complete - CD12 Rarities & Unreleased,2005,12-22 Saturday Rhythm Breaks (Take The Lead demo).mp3,❓ Poor matches - potentially rare
Unknown Artist,Xmas Gob,GHP Complete - CD12 Rarities & Unreleased,2003,12-02 Xmas Gob.mp3,❓ Poor matches - potentially rare
Unknown Artist,Alison Timberlake,GHP Complete - CD12 Rarities & Unreleased,2006,12-26 Alison Timberlake.mp3,❓ Poor matches - potentially rare
Unknown Artist,MBVGO4XTC,GHP Complete - CD12 Rarities & Unreleased,2005,12-19 MBVGO4XTC.mp3,❌ Not found - likely rare
Unknown Artist,Black Jam (Mervyns demo 1),GHP Complete - CD12 Rarities & Unreleased,2005,12-17 Black Jam (Mervyns demo 1).mp3,❓ Poor matches - potentially rare
Unknown Artist,Rocky With Ashanti (Fox Sports demo),GHP Complete - CD12 Rarities & Unreleased,2005,12-21 Rocky With Ashanti (Fox Sports demo).mp3,❌ Not found - likely rare
Unknown Artist,Science (Mervyns demo 2),GHP Complete - CD12 Rarities & Unreleased,2005,12-18 Science (Mervyns demo 2).mp3,❓ Poor matches - potentially rare
Up Syndrome,Tomorrow's Cool Tool,Because We Care,,18 Tomorrow's Cool Tool.mp3,❓ Poor matches - potentially rare
VA,Meeks - Down In It (NIN),Covered In Nails,,07 Meeks - Down In It (NIN).mp3,❓ Poor matches - potentially rare
VA,Sigue Sigue Sputnik - Piggy (NIN),Covered In Nails,,02 Sigue Sigue Sputnik - Piggy (NIN).mp3,❓ Poor matches - potentially rare
VA,Candymachine88 - Mr. Self Destruct (NIN),Covered In Nails,,05 Candymachine88 - Mr. Self Destruct (NIN).mp3,❌ Not found - likely rare
VA,Newlydeads - Terrible Lie (NIN),Covered In Nails,,06 Newlydeads - Terrible Lie (NIN).mp3,❌ Not found - likely rare
Various,All I Want [Critter Country],A Musical History of Disneyland - 50th Anniversary [Disc 2],2005,06 All I Want [Critter Country].mp3,❓ Poor matches - potentially rare
Various,The Sound of Toons [Toontown],A Musical History of Disneyland - 50th Anniversary [Disc 4],2005,02 The Sound of Toons [Toontown].mp3,❓ Poor matches - potentially rare
Various,Blascore / Du Hast Den Farbfilm Vergessen,Ska Chartbusters (Disc 1),2000,10 Blascore _ Du Hast Den Farbfilm Vergessen.mp3,❓ Poor matches - potentially rare
Various,Serial Skanksters / Denise,Ska Chartbusters (Disc 1),2000,15 Serial Skanksters _ Denise.mp3,❌ Not found - likely rare
Various,Skin Of Tears / Kayleigh,Ska Chartbusters (Disc 2),2000,05 Skin Of Tears _ Kayleigh.mp3,❓ Poor matches - potentially rare
Various Artists,The Donna Reed Show,Television's Greatest Hits Of The '50s And '60s,1986,22 The Donna Reed Show.mp3,❌ Not found - likely rare
Various Artists,"Car 54, Where Are You?",Television's Greatest Hits Of The 50's & 60's - Vol. II,1961,"29 Car 54, Where Are You_.mp3",❌ Not found - likely rare
Various Artists,S. Ramin & R. Welles / The Patty Duke Show,Television's Greatest Hits,1986,26 S. Ramin & R. Welles _ The Patty Duke Show.mp3,❌ Not found - likely rare
Various Artists,Stanley Keyana / Rin Tin Tin,Television's Greatest Hits,1986,45 Stanley Keyana _ Rin Tin Tin.mp3,❓ Poor matches - potentially rare
Various Artists,A. Alch & D. Frontiere / Branded,Television's Greatest Hits,1986,43 A. Alch & D. Frontiere _ Branded.mp3,❓ Poor matches - potentially rare
Various Artists,L. Newman & V. Matson / Daniel Boone,Television's Greatest Hits,1986,46 L. Newman & V. Matson _ Daniel Boone.mp3,❌ Not found - likely rare
Various Artists,Frank Comstock / Adam-12,Television's Greatest Hits,1986,56 Frank Comstock _ Adam-12.mp3,❓ Poor matches - potentially rare
Various Artists,"W. Hanna, J. Barbera & H. Curtin / Magilla Gorilla",Television's Greatest Hits,1986,"10 W. Hanna, J. Barbera & H. Curtin _ Magilla Gorilla.mp3",❌ Not found - likely rare
Various Artists,M. David & J. Livingston / Surfside 6,Television's Greatest Hits,1986,60 M. David & J. Livingston _ Surfside 6.mp3,❓ Poor matches - potentially rare
Various Artists,J. Livingston & M. David / Bugs Bunny Overture (This Is It),Television's Greatest Hits,1986,05 J. Livingston & M. David _ Bugs Bunny Overture (This Is It).mp3,❓ Poor matches - potentially rare
Various Artists,E. Daniel & H. Adamson / I Love Lucy,Television's Greatest Hits,1986,31 E. Daniel & H. Adamson _ I Love Lucy.mp3,❓ Poor matches - potentially rare
Various Artists,M. Roza & W. Schumann / Dragnet (Theme and March),Television's Greatest Hits,1986,54 M. Roza & W. Schumann _ Dragnet (Theme and March).mp3,❌ Not found - likely rare
Various Artists,W. Loose & J. Seely / The Donna Reed Show,Television's Greatest Hits,1986,22 W. Loose & J. Seely _ The Donna Reed Show.mp3,❓ Poor matches - potentially rare
Various Artists,Leon Klatskin / Superman,Television's Greatest Hits,1986,37 Leon Klatskin _ Superman.mp3,❌ Not found - likely rare
Various Artists,Winston Sharples / Felix The Cat,Television's Greatest Hits,1986,07 Winston Sharples _ Felix The Cat.mp3,❓ Poor matches - potentially rare
Various Artists,M. Shulman & L. Newman / Dobie Gillis,Television's Greatest Hits,1986,25 M. Shulman & L. Newman _ Dobie Gillis.mp3,❌ Not found - likely rare
Various Artists,"D. Kahn, M. Greene & M. Leonard / Leave It To Beaver (The Toy Parade)",Television's Greatest Hits,1986,"23 D. Kahn, M. Greene & M. Leonard _ Leave It To Beaver (The Toy Parade).mp3",❓ Poor matches - potentially rare
Various Artists,"W. Hanna, J. Barbera, H. Curtin & E. Timmens / Top Cat",Television's Greatest Hits,1986,"11 W. Hanna, J. Barbera, H. Curtin & E. Timmens _ Top Cat.mp3",❌ Not found - likely rare
Various Artists,Buddys Riot / Old Man's Dream,Santa Cruz Still Sucks!!!,,17 Buddys Riot _ Old Man's Dream.mp3,❓ Poor matches - potentially rare
Various Artists,Cheri Lovedog / That Was Me,Santa Cruz Still Sucks!!!,,11 Cheri Lovedog _ That Was Me.mp3,❓ Poor matches - potentially rare
Various Artists,Junk Sick Dawn / Not Friends,Santa Cruz Still Sucks!!!,,20 Junk Sick Dawn _ Not Friends.mp3,❓ Poor matches - potentially rare
Various Artists,Meat Pizza Sandwich / Speed,Santa Cruz Still Sucks!!!,,14 Meat Pizza Sandwich _ Speed.mp3,❓ Poor matches - potentially rare
Various Artists,The Damones / Tom Cat,Santa Cruz Still Sucks!!!,,26 The Damones _ Tom Cat.mp3,❓ Poor matches - potentially rare
Various Artists,Political Silence / C.D.S.R.,Santa Cruz Still Sucks!!!,,06 Political Silence _ C.D.S.R..mp3,❓ Poor matches - potentially rare
Various Artists,Peach Envy / Perfect Girl,Santa Cruz Still Sucks!!!,,16 Peach Envy _ Perfect Girl.mp3,❓ Poor matches - potentially rare
Various Artists,Astron / Ripley's First Stand,Santa Cruz Still Sucks!!!,,21 Astron _ Ripley's First Stand.mp3,❓ Poor matches - potentially rare
Various Artists,Thumbs Down / Running Chicken,Santa Cruz Still Sucks!!!,,22 Thumbs Down _ Running Chicken.mp3,❓ Poor matches - potentially rare
Various Artists,Power To The People - The Minus 5,Working Class Hero,1995,06 Power To The People - The Minus 5.mp3,❓ Poor matches - potentially rare
Various Artists,"Well, Well, Well - Super 8",Working Class Hero,1995,"09 Well, Well, Well - Super 8.mp3",❓ Poor matches - potentially rare
Various Artists,Mind Games - George Clinton,Working Class Hero,1995,15 Mind Games - George Clinton.mp3,❓ Poor matches - potentially rare
Various Artists,I Found Out - Red Hot Chili Peppers,Working Class Hero,1995,01 I Found Out - Red Hot Chili Peppers.mp3,❓ Poor matches - potentially rare
Various Artists,The Quadratics - Pessimistic Lines,Along The Way - A Tribute to Bad Religion,2001,09 The Quadratics - Pessimistic Lines.mp3,❓ Poor matches - potentially rare
Various Artists,Los Villains - Atomic Garden/What Can You Do?/White Trash (2nd Generation),Along The Way - A Tribute to Bad Religion,2001,14 Los Villains - Atomic Garden_What Can You Do__White Trash (2nd Generation).mp3,❓ Poor matches - potentially rare
Various Artists,X Mix 6 - 051206,Party Ben,2006,X Mix 6 - 051206.mp3,❌ Not found - likely rare
Various Artists,Sixx Mixx 99 - 082605,Party Ben,,Sixx Mixx 99 - 082605.mp3,❌ Not found - likely rare
Various Artists,"H. Curtin, W. Hanna and J. Barbera / Scooby-Doo",Television's Greatest Hits 70's & 80's,1990,"09 H. Curtin, W. Hanna and J. Barbera _ Scooby-Doo.mp3",❓ Poor matches - potentially rare
Various Artists,"D. Ditchford,M. Miller / Solid Gold",Television's Greatest Hits 70's & 80's,1990,"48 D. Ditchford,M. Miller _ Solid Gold.mp3",❌ Not found - likely rare
Various Artists,"N. Gimbel and C. Fox / Laverne and Shirley (""Making Our Dreams Come True"")",Television's Greatest Hits 70's & 80's,1990,25 N. Gimbel and C. Fox _ Laverne and Shirley (_Making Our Dreams Come True_).mp3,❓ Poor matches - potentially rare
Various Artists,"D. WIlliams, J. Roland and H. Curtin / Josie and the Pussycats",Television's Greatest Hits 70's & 80's,1990,"12 D. WIlliams, J. Roland and H. Curtin _ Josie and the Pussycats.mp3",❌ Not found - likely rare
Various Artists,E. Fournier and R. Sheldon / Fat Albert & The Cosby Kids,Television's Greatest Hits 70's & 80's,1990,10 E. Fournier and R. Sheldon _ Fat Albert & The Cosby Kids.mp3,❌ Not found - likely rare
Various Artists,D. Nicholl and J. Raposo / Three's Company,Television's Greatest Hits 70's & 80's,1990,23 D. Nicholl and J. Raposo _ Three's Company.mp3,❌ Not found - likely rare
Various Artists,P. Williams and C. Fox / Love Boat,Television's Greatest Hits 70's & 80's,1990,46 P. Williams and C. Fox _ Love Boat.mp3,❓ Poor matches - potentially rare
Various Artists,Ross Bagdasarian / The Alvin Show,Television's Greatest Hits 70's & 80's,1990,03 Ross Bagdasarian _ The Alvin Show.mp3,❓ Poor matches - potentially rare
Various Artists,M. Post / L.A. Law,Television's Greatest Hits 70's & 80's,1990,37 M. Post _ L.A. Law.mp3,❓ Poor matches - potentially rare
Various Artists,"D. Grusin, A.Bergman,M.Bergman / Good Times",Television's Greatest Hits 70's & 80's,1990,"27 D. Grusin, A.Bergman,M.Bergman _ Good Times.mp3",❓ Poor matches - potentially rare
Various Artists,R. Page and J. Graydon / Gimme A Break,Television's Greatest Hits 70's & 80's,1990,29 R. Page and J. Graydon _ Gimme A Break.mp3,❓ Poor matches - potentially rare
Various Artists,J. Barry and N. Barry / One Day at a Time,Television's Greatest Hits 70's & 80's,1990,28 J. Barry and N. Barry _ One Day at a Time.mp3,❓ Poor matches - potentially rare
Various Artists,"M. Post,P. Carpenter / Magnum, P.I.",Television's Greatest Hits 70's & 80's,1990,"63 M. Post,P. Carpenter _ Magnum, P.I..mp3",❓ Poor matches - potentially rare
Various Artists,"D. Grusin,A.Bergman,M. Bergman / Maude (""And Then There's Maude"")",Television's Greatest Hits 70's & 80's,1990,"30 D. Grusin,A.Bergman,M. Bergman _ Maude (_And Then There's Maude_).mp3",❌ Not found - likely rare
Various Artists,"A. Thicke, G. Loring and A. Burton / The Facts Of Life",Television's Greatest Hits 70's & 80's,1990,"26 A. Thicke, G. Loring and A. Burton _ The Facts Of Life.mp3",❓ Poor matches - potentially rare
Various Artists,T. Wells and H. Wilson / WKRP In Cincinatti,Television's Greatest Hits 70's & 80's,1990,20 T. Wells and H. Wilson _ WKRP In Cincinatti.mp3,❓ Poor matches - potentially rare
Various Artists,W. Hanna and J. Barbera / Dastardly & Muttley In Their Flying Machines,Television's Greatest Hits 70's & 80's,1990,08 W. Hanna and J. Barbera _ Dastardly & Muttley In Their Flying Machines.mp3,❓ Poor matches - potentially rare
Various Ska Artists,World Service - These Are the Waves,Spawn of Skarmageddon (Disc 1),1996,22 World Service - These Are the Waves.mp3,❓ Poor matches - potentially rare
Various Ska Artists,The Fiascos - Bela Fleck,Spawn of Skarmageddon (Disc 1),1996,15 The Fiascos - Bela Fleck.mp3,❓ Poor matches - potentially rare
Victor Menegaux,Going Back To Dani (Notorious B.I.G. vs. Red Hot Chili Peppers),Best of Bootie 2006,2006,19 Going Back To Dani (Notorious B.I.G. vs. Red Hot Chili Peppers).mp3,❓ Poor matches - potentially rare
Vinicio Capossela,Bernard Hermann on film music,Bernard Hermann Film Scores,2005,11 Bernard Hermann on film music.mp3,❓ Poor matches - potentially rare
Voicedude,Four Twenty  [one-hit edit],,2007,Four Twenty  [one-hit edit].mp3,❓ Poor matches - potentially rare
Voicedude,Four Twenty  [one-hit edit],http://voicedude.multiply.com,2007,Four Twenty  [one-hit edit].mp3,❓ Poor matches - potentially rare
Voicedude,Grinnin' Grim Reapers (Barenaked Ladies Vs. Apollo 440 Vs. Blue Oyster Cult Vs. Vile Evils) (Night of the Living Monster Mashup),Night of the Living Monster Mashup,2008,03 Grinnin' Grim Reapers (Barenaked Ladies Vs. Apollo 440 Vs. Blue Oyster Cult Vs. Vile Evils) (Night of the Living Monster Mashup).mp3,❌ Not found - likely rare
Voicedude  [DJ Joel-Steven],Papa Was A Rolling Stone Named Jack,,2005,Papa Was A Rolling Stone Named Jack.mp3,❌ Not found - likely rare
Voodoo Glow Skulls,celda borrachero,Firme (Spanish Version),1996,04 celda borrachero.mp3,❓ Poor matches - potentially rare
Voodoo Glow Skulls,Sin Berguensa (Si Habla Espanol),"Who Is, This Is?",1994,05 Sin Berguensa (Si Habla Espanol) 1.mp3,❌ Not found - likely rare
Voodoo Glow Skulls,Sin Berguensa (Si Habla Espanol),"Who Is, This Is?",1993,05 Sin Berguensa (Si Habla Espanol).mp3,❌ Not found - likely rare
Waldemar Bastos,Kuribota (Bonus Track),Renascence,2004,11 Kuribota (Bonus Track).mp3,❌ Not found - likely rare
Warsaw,Battle Ska Gatatica,Battle Ska Galactica,1997,03 Battle Ska Gatatica.mp3,❌ Not found - likely rare
Warsaw,Trendy Bitch,Warska,1996,07 Trendy Bitch.mp3,❓ Poor matches - potentially rare
Warsaw Poland Bros.,Work Station (Warsaw Live Denver 5-9-02,Bootleg Denver,2002,Work Station (Warsaw Live Denver 5-9-02.mp3,❌ Not found - likely rare
Warsaw Poland Bros.,Rare Old Mountain Dew (Warsaw Denver 3-9-02),Bootleg Denver,2002,Rare Old Mountain Dew (Warsaw Denver 3-9-02).mp3,❌ Not found - likely rare
Warsaw Poland Bros.,Magadog-Tucson 1-7-00,Live Tucson 1-7-00,2000,Magadog-Tucson 1-7-00.mp3,❌ Not found - likely rare
Warsaw Poland Bros.,Fuss into Drug Rap 2,Live,2001,Fuss into Drug Rap 2.mp3,❓ Poor matches - potentially rare
Warsaw Poland Bros.,"O'malley's, Tucson","Live O'malley's, Tucson 5-19-01",2001,"O'malley's, Tucson.mp3",❌ Not found - likely rare
Wendy Ip,Moonage Daydream,Spiders From Venus,2003,05 Moonage Daydream.mp3,❌ Not found - likely rare
White Lies vs Lily Allen,g4gorilla_Not Farewell,www.g4gorilla.blogspot.com,2009,08 g4gorilla_Not Farewell.mp3,❌ Not found - likely rare
World Famous Audio Hacker,Say It Right (The Joker) (Space Age Bachelor Pad Mix),Forgotten Hits,2007,11 Say It Right (The Joker) (Space Age Bachelor Pad Mix).mp3,❓ Poor matches - potentially rare
XTC,Living Through Another Cuba (Go Home Productions remix dub),GHP Complete - CD11 Unofficial Remixes Vol2,2007,11-19 Living Through Another Cuba (Go Home Productions remix dub).mp3,❓ Poor matches - potentially rare
XTC,Real By Reel (Go Home Productions remix dub),GHP Complete - CD11 Unofficial Remixes Vol2,2006,11-14 Real By Reel (Go Home Productions remix dub).mp3,❓ Poor matches - potentially rare
Y-Rock On XPN,Y-Pod 04/18/09: Metric,Y-Pod: The Y-Rock On XPN Podcast,2009,Y-Pod 04_18_09_ Metric.mp3,❌ Not found - likely rare
[MMM] MadMixMustang,I'm Not A Creep,,2009,I'm Not A Creep.mp3,❌ Not found - likely rare
ben lee,ship my body home single - girls talk (elvis costel,,,ben lee - ship my body home single - girls talk (elvis costel.mp3,❌ Not found - likely rare
coldplay vs team9,square 1 (team9s smalltown mix),Team9.com,2005,square 1 (team9s smalltown mix).mp3,❌ Not found - likely rare
dj BC,Mother's Little Regulator,,,Mother's Little Regulator.mp3,❓ Poor matches - potentially rare
dj BC,"Pleased to Meet You, I'm The Devil (The Four Seasons, The Rolling Stones, 666, Led Zeppelin, The Beastie Boys, Max Romeo) (Night of the Living Monster Mashup)",Night of the Living Monster Mashup,,"02 Pleased to Meet You, I'm The Devil (The Four Seasons, The Rolling Stones, 666, Led Zeppelin, The Beastie Boys, Max Romeo) (Night of the Living Monster Mashup).mp3",❌ Not found - likely rare
dj BC,Everybody's Everyday Girl (Fleetwood Mac vs Snoop Dogg vs Kanye West vs Q-Tip vs Capleton),Fleetwood Mashup,,Everybody's Everyday Girl (Fleetwood Mac vs Snoop Dogg vs Kanye West vs Q-Tip vs Capleton) 1.mp3,❌ Not found - likely rare
dj BC,Everybody's Everyday Girl (Fleetwood Mac vs Snoop Dogg vs Kanye West vs Q-Tip vs Capleton),Fleetwood Mashup,,Everybody's Everyday Girl (Fleetwood Mac vs Snoop Dogg vs Kanye West vs Q-Tip vs Capleton).mp3,❌ Not found - likely rare
dj lobstedust,HotMaus (Van Halen vs. Deadmau5),djlobsterdust.com,,HotMaus (Van Halen vs. Deadmau5).mp3,❌ Not found - likely rare
dj lobsterdust,Pussycats Gone To Heaven,djlobsterdust.com,,Pussycats Gone To Heaven.mp3,❓ Poor matches - potentially rare
dj lobsterdust,Everybody Do It Again (Jay-Z ft. Amil vs. Missy vs. The Chemical Brothers) [full version],djlobsterdust.com,,Everybody Do It Again (Jay-Z ft. Amil vs. Missy vs. The Chemical Brothers) [full version].mp3,❌ Not found - likely rare
eve massacre,Fast Hearts (eve massacre mix),,,Fast Hearts (eve massacre mix).mp3,❓ Poor matches - potentially rare
eve massacre,Justified Bad Sex (eve massacre mix),,2007,Justified Bad Sex (eve massacre mix).mp3,❓ Poor matches - potentially rare
fettdog,Fett's Fright Fest 2010,MONSTER MASHUP - PUMPKIN ON YOUR STEREO,,13 Fett's Fright Fest 2010.mp3,❌ Not found - likely rare
fukjamum,No Picnic - fkj,MONSTER MASHUP - PUMPKIN ON YOUR STEREO,2010,18 No Picnic - fkj.mp3,❌ Not found - likely rare
iBall,Kaw Liga X,GHP Complete - CD08 The Bootlegs,2006,8-01 Kaw Liga X.mp3,❓ Poor matches - potentially rare
iBall,Girls Jump (aka Xtina Van Halen),GHP Complete - CD08 The Bootlegs,2006,8-02 Girls Jump (aka Xtina Van Halen).mp3,❌ Not found - likely rare
jfo,la fleur caroline,jfo,2005,la fleur caroline.mp3,❓ Poor matches - potentially rare
jimmylin mashups,boom boom pow in miami bitch (black eyed peas vs lmfao),jimmylinmashups.com,,boom boom pow in miami bitch (black eyed peas vs lmfao).mp3,❌ Not found - likely rare
john lennon,(just like) starting over (team9s midi mix),,,john lennon - (just like) starting over (team9s midi mix).mp3,❌ Not found - likely rare
locK3Down,who's hating who?,Aretha Franklin vs The Game,2005,who's hating who_.mp3,❓ Poor matches - potentially rare
locK3Down,urgent signs,Snoop Dogg ft Justin Timberlake vs Foreigner,2006,urgent signs.mp3,❌ Not found - likely rare
markandnick,jenny,Mark and Nick Jam-O-Rama,2010,jenny.mp3,❓ Poor matches - potentially rare
markandnick,byebyelove,Mark and Nick Jam-O-Rama,2010,byebyelove.mp3,❌ Not found - likely rare
radiokook.com,Oingo Boingo,CLub ELectronica Organica,1999,Oingo Boingo.mp3,❌ Not found - likely rare
sapdrip,egg hunt(james kochalka cover),,2000,egg hunt(james kochalka cover).mp3,❌ Not found - likely rare
semato1,A knocking day in the life,,,A knocking day in the life.mp3,❌ Not found - likely rare
team9,lovetax,I like your old stuff better than your new stuff,,team9 - lovetax.mp3,❌ Not found - likely rare
team9,imagine vs ball of confusion vs palestine woman,I like your old stuff better than your new stuff,2005,imagine vs ball of confusion vs palestine woman.mp3,❌ Not found - likely rare
team9,heard it in '79,I like your old stuff better than your new stuff,,team9 - heard it in '79.mp3,❓ Poor matches - potentially rare
team9,Back in Zdarlight,www.team9.net,2007,Back in Zdarlight.mp3,❓ Poor matches - potentially rare
team9,square 1 (team9s smalltown mix),,2005,square 1 (team9s smalltown mix).mp3,❓ Poor matches - potentially rare
team9,Big School (Hot Chip vs. Peter Gabriel),Stereogum.com & team9.net Present... MySplice.06,2006,Big School (Hot Chip vs. Peter Gabriel).mp3,❌ Not found - likely rare
team9 & The Beeples,The Eggman,,2007,The Eggman.mp3,❓ Poor matches - potentially rare
team9 Superchunk,June 2006,,,team9 Superchunk - June 2006.mp3,❌ Not found - likely rare
team9 vs BRMC vs mousse t,we're all in love vs horny,Team9.com,2005,we're all in love vs horny.mp3,❌ Not found - likely rare
team9 vs Franz Ferdinand vs Liberty X,Do you want to vs Just a little,Team9.com,2005,Do you want to vs Just a little.mp3,❌ Not found - likely rare
team9 vs aerosmith vs martha,mama kin in the street,Team9.com,2005,mama kin in the street.mp3,❌ Not found - likely rare
team9 vs beatles vs the cure,taxman vs lovesong,Team9.com,2005,taxman vs lovesong.mp3,❌ Not found - likely rare
team9 vs belinda carlisle vs graham coxon,heaven is a place on earth vs freakin out,Team9.com,2005,heaven is a place on earth vs freakin out.mp3,❌ Not found - likely rare
team9 vs duran duran vs destinys child,come undone vs soldier,Team9.com,2005,come undone vs soldier.mp3,❌ Not found - likely rare
team9 vs elvis costello vs alicia keys,you dont know my name vs olivers army,Team9.com,2005,you dont know my name vs olivers army.mp3,❌ Not found - likely rare
team9 vs kasabian vs whitney houston,so emotional vs reason is treason,Team9.com,2005,so emotional vs reason is treason.mp3,❌ Not found - likely rare
team9 vs lennon vs temptations vs morrison,imagine vs ball of confusion vs palestine woman,Team9.com,2005,imagine vs ball of confusion vs palestine woman.mp3,❌ Not found - likely rare
team9 vs nirvana vs depeche mode,about a girl vs dream on,Team9.com,2002,about a girl vs dream on.mp3,❌ Not found - likely rare
team9 vs pixies vs madonna & britney,monkey gone to heaven vs me against the music,Team9.com,2003,monkey gone to heaven vs me against the music.mp3,❌ Not found - likely rare
team9 vs primal scream vs tweet,loaded vs oops oh my,Team9.com,2005,loaded vs oops oh my.mp3,❌ Not found - likely rare
team9 vs stonebridge vs coldplay,put em high vs clocks,Team9.com,2005,put em high vs clocks.mp3,❌ Not found - likely rare
team9 vs strokes vs blue bros,juice box vs peter gunn,Team9.com,2005,juice box vs peter gunn.mp3,❌ Not found - likely rare
team9 vs the cure vs ashanti,lullaby vs only u,Team9.com,2005,lullaby vs only u.mp3,❓ Poor matches - potentially rare
team9 vs white stripes vs kraftwerk,blue orchid vs antenna,Team9.com,2005,blue orchid vs antenna.mp3,❌ Not found - likely rare
team9 vs. Stereogum,Loose Dancing,team9 vs. Stereogum Presents... MySplice 2.0: 2007 Mashed Up,2007,06 Loose Dancing.mp3,❓ Poor matches - potentially rare
team9 vs. Stereogum,Countdown To girls,team9 vs. Stereogum Presents... MySplice 2.0: 2007 Mashed Up,2007,09 Countdown To girls.mp3,❓ Poor matches - potentially rare
team9 vs. Stereogum,Ratatat Under Ether,team9 vs. Stereogum Presents... MySplice 2.0: 2007 Mashed Up,2007,10 Ratatat Under Ether.mp3,❌ Not found - likely rare
team9 vs. Stereogum,My Man My Bomb,team9 vs. Stereogum Presents... MySplice 2.0: 2007 Mashed Up,2007,07 My Man My Bomb.mp3,❓ Poor matches - potentially rare
team9 vs. Stereogum,Smokey Fire,team9 vs. Stereogum Presents... MySplice 2.0: 2007 Mashed Up,2007,08 Smokey Fire.mp3,❌ Not found - likely rare
team9 vs. Stereogum,Swan Together (Thom Yorke vs The Beatles),Stereogum 2006,2006,Swan Together (Thom Yorke vs The Beatles).mp3,❌ Not found - likely rare
team9 vs. Stereogum,Silent Saints (The Knife vs Greenday & U2 vs Spank Rock),Stereogum 2006,2006,Silent Saints (The Knife vs Greenday & U2 vs Spank Rock).mp3,❌ Not found - likely rare
team9 vs. Stereogum,Big School (Hot Chip vs Peter Gabriel),Stereogum 2006,2006,Big School (Hot Chip vs Peter Gabriel).mp3,❌ Not found - likely rare
team9 vs. Stereogum,When will my cheated heart (Yeah Yeah Yeahs vs Diana Ross),Stereogum 2006,2006,When will my cheated heart (Yeah Yeah Yeahs vs Diana Ross).mp3,❌ Not found - likely rare
team9 vs. Stereogum,Lets make love and listen to the Junior Boys,Stereogum 2006,2006,Lets make love and listen to the Junior Boys.mp3,❌ Not found - likely rare
team9 vs. Stereogum,Flaming Clipse (The Flaming Lips vs Clipse),Stereogum 2006,2006,Flaming Clipse (The Flaming Lips vs Clipse).mp3,❌ Not found - likely rare
team9 vs. Stereogum,Roscoe Eyes (Midlake vs Jimi Hendrix),Stereogum 2006,2006,Roscoe Eyes (Midlake vs Jimi Hendrix).mp3,❌ Not found - likely rare
team9 vs. Stereogum,Daddy and the thief (Wolfmother vs Gnarls Barkley),Stereogum 2006,2006,Daddy and the thief (Wolfmother vs Gnarls Barkley).mp3,❌ Not found - likely rare
white stripes vs jayz vs queen,team9 - the doorbell encore,,2005,team9 - the doorbell encore.mp3,❌ Not found - likely rare
white stripes vs jayz vs queen,team9 - the doorbell encore,Team9.com,2005,team9 - the doorbell encore.mp3,❌ Not found - likely rare
